SUB0000,Copyleaks,ai_generated,0,0.2305,4354,History,Graduate,0.3711,0.3814,0.6535
SUB0001,Copyleaks,human_written,0,0.6435,1056,Psychology,Graduate,0.5284,0.2485,0.0103
SUB0002,Originality.ai,human_written,0,0.6194,2145,Psychology,Freshman,0.2544,0.3120,0.0096
SUB0003,Copyleaks,human_written,0,0.5710,1579,Mathematics,Freshman,0.5754,0.2639,0.0181
SUB0004,GPTZero,human_written,0,0.3360,3153,Biology,Graduate,0.3108,0.3507,0.1220
SUB0005,Winston AI,human_written,0,0.2772,4969,Biology,Senior,0.4059,0.5307,0.1246
SUB0006,Turnitin,human_written,0,0.1442,3438,Physics,Graduate,0.5459,0.3784,0.1091
SUB0007,Winston AI,mixed,1,0.4542,1962,History,Graduate,0.7444,0.1960,0.4524
SUB0008,Turnitin,ai_generated,0,0.0283,4034,Computer Science,Graduate,0.8855,0.1642,0.7103
SUB0009,Turnitin,human_written,0,0.7285,2656,Computer Science,Graduate,0.5651,0.3687,0.0940
SUB0010,Winston AI,human_written,0,0.8525,2021,Computer Science,Junior,0.6491,0.2092,0.1319
SUB0011,Copyleaks,human_written,0,0.2237,1558,Chemistry,Freshman,0.8181,0.3229,0.0522
SUB0012,Originality.ai,ai_generated,1,0.3072,4486,Computer Science,Sophomore,0.5776,0.2432,0.6879
SUB0013,Copyleaks,human_written,0,0.0616,3147,Physics,Graduate,0.3060,0.4337,0.0555
SUB0014,Winston AI,human_written,0,0.8183,2181,History,Sophomore,0.3750,0.3674,0.1404
SUB0015,GPTZero,human_written,0,0.2622,4587,Computer Science,Senior,0.2956,0.5012,0.1541
SUB0016,Copyleaks,mixed,1,0.6648,1287,Physics,Freshman,0.7889,0.1952,0.2478
SUB0017,Turnitin,ai_generated,0,0.6837,1890,Chemistry,Freshman,0.2873,0.4341,0.7807
SUB0018,GPTZero,ai_generated,1,0.3417,4827,Mathematics,Sophomore,0.6485,0.2413,0.9123
SUB0019,Turnitin,ai_generated,1,0.5781,2878,English,Junior,0.6325,0.2608,0.8326
SUB0020,Copyleaks,human_written,0,0.3158,2311,Psychology,Junior,0.3860,0.3178,0.0580
SUB0021,Copyleaks,human_written,0,0.4629,4124,Mathematics,Junior,0.4874,0.4097,0.0627
SUB0022,Copyleaks,ai_generated,0,0.0850,871,History,Junior,0.5710,0.3937,0.7222
SUB0023,Winston AI,human_written,0,0.6024,4162,Mathematics,Graduate,0.5281,0.3997,0.1081
SUB0024,Winston AI,ai_generated,1,0.3429,1605,Chemistry,Graduate,0.3993,0.2871,0.8693
SUB0025,GPTZero,ai_generated,1,0.0155,3181,Psychology,Freshman,0.4427,0.2580,0.8817
SUB0026,Winston AI,ai_generated,1,0.8033,4231,Psychology,Junior,0.2886,0.2591,0.9779
SUB0027,Turnitin,human_written,0,0.5223,3831,Biology,Sophomore,0.6111,0.3128,0.0433
SUB0028,Originality.ai,human_written,0,0.6590,794,Biology,Sophomore,0.5467,0.3430,0.0000
SUB0029,Winston AI,mixed,0,0.3563,551,English,Junior,0.2562,0.3255,0.2225
SUB0030,Winston AI,mixed,1,0.5973,4268,History,Senior,0.2253,0.1772,0.1687
SUB0031,Originality.ai,human_written,0,0.5217,1801,Mathematics,Junior,0.4261,0.2908,0.0000
SUB0032,Winston AI,human_written,0,0.1345,4460,Mathematics,Senior,0.5131,0.5489,0.1198
SUB0033,Originality.ai,human_written,0,0.4454,628,Chemistry,Graduate,0.5024,0.4314,0.0000
SUB0034,GPTZero,human_written,0,0.3062,1203,Mathematics,Freshman,0.5051,0.4883,0.1510
SUB0035,Copyleaks,human_written,0,0.6539,4234,History,Junior,0.4504,0.3539,0.0468
SUB0036,GPTZero,human_written,0,0.7808,4821,Chemistry,Senior,0.2645,0.3316,0.1638
SUB0037,Turnitin,ai_generated,1,0.5366,4403,Chemistry,Junior,0.7107,0.2475,0.8994
SUB0038,Copyleaks,human_written,0,0.1077,3688,Chemistry,Freshman,0.4196,0.2736,0.0000
SUB0039,GPTZero,human_written,0,0.2017,1424,Psychology,Sophomore,0.5940,0.1610,0.1547
SUB0040,Copyleaks,ai_generated,1,0.4469,3776,History,Junior,0.2701,0.2804,0.8502
SUB0041,Originality.ai,human_written,0,0.4854,1286,Computer Science,Senior,0.5694,0.3693,0.0175
SUB0042,Turnitin,ai_generated,1,0.2999,1712,Chemistry,Freshman,0.4813,0.2431,0.7946
SUB0043,Winston AI,ai_generated,1,0.8240,1857,History,Freshman,0.5986,0.2883,1.0000
SUB0044,Winston AI,ai_generated,1,0.8371,1055,Computer Science,Graduate,0.7300,0.4004,0.9437
SUB0045,Originality.ai,human_written,0,0.8268,1799,Mathematics,Junior,0.2625,0.4908,0.0000
SUB0046,Turnitin,human_written,0,0.2560,1023,Physics,Junior,0.2652,0.4026,0.0573
SUB0047,Winston AI,mixed,1,0.1127,4787,Mathematics,Sophomore,0.5642,0.3823,0.5825
SUB0048,Turnitin,human_written,0,0.8071,1046,History,Sophomore,0.5074,0.3769,0.0318
SUB0049,Turnitin,human_written,0,0.3731,3703,English,Graduate,0.3712,0.2166,0.0675
SUB0050,Turnitin,ai_generated,1,0.1293,3880,Physics,Sophomore,0.4113,0.3763,0.7945
SUB0051,Originality.ai,human_written,0,0.5241,4730,Computer Science,Freshman,0.4708,0.3765,0.0153
SUB0052,Winston AI,mixed,1,0.2545,569,Biology,Freshman,0.4850,0.1404,0.3659
SUB0053,Winston AI,human_written,0,0.1968,4365,Computer Science,Junior,0.5043,0.2558,0.1696
SUB0054,Copyleaks,ai_generated,1,0.4913,2776,English,Senior,0.8255,0.1576,0.6348
SUB0055,Copyleaks,mixed,1,0.4927,4379,Computer Science,Senior,0.6591,0.3458,0.4990
SUB0056,Originality.ai,ai_generated,1,0.3725,2427,English,Freshman,0.3146,0.3174,0.7817
SUB0057,Turnitin,human_written,1,0.2745,3529,Physics,Sophomore,0.5599,0.2585,0.0783
SUB0058,Winston AI,mixed,1,0.6221,1154,English,Senior,0.3216,0.4054,0.5658
SUB0059,Turnitin,ai_generated,1,0.2564,1508,Mathematics,Graduate,0.5189,0.2710,0.8138
SUB0060,Winston AI,mixed,0,0.1799,755,Psychology,Freshman,0.5120,0.2141,0.4491
SUB0061,Copyleaks,mixed,0,0.6176,1565,Chemistry,Senior,0.0662,0.1750,0.4546
SUB0062,Copyleaks,mixed,0,0.5852,4166,Chemistry,Junior,0.3491,0.1291,0.4677
SUB0063,Copyleaks,human_written,0,0.2186,1271,Biology,Freshman,0.3358,0.2619,0.0037
SUB0064,Winston AI,human_written,0,0.4463,750,Mathematics,Junior,0.7694,0.3797,0.1491
SUB0065,GPTZero,ai_generated,1,0.1159,1574,Mathematics,Sophomore,0.4418,0.2893,1.0000
SUB0066,GPTZero,ai_generated,0,0.2345,3991,Mathematics,Freshman,0.3851,0.2965,0.7301
SUB0067,Originality.ai,mixed,1,0.8634,4928,Mathematics,Graduate,0.5168,0.2703,0.3130
SUB0068,Winston AI,mixed,1,0.4541,3539,English,Freshman,0.7720,0.2657,0.5218
SUB0069,Copyleaks,ai_generated,1,0.3385,2694,Physics,Sophomore,0.3086,0.2840,0.9137
SUB0070,Originality.ai,human_written,0,0.5353,591,History,Senior,0.2387,0.2629,0.0000
SUB0071,GPTZero,mixed,1,0.6214,4832,Chemistry,Graduate,0.5224,0.2143,0.3311
SUB0072,Copyleaks,human_written,0,0.1237,2748,Computer Science,Graduate,0.5068,0.3558,0.0757
SUB0073,Originality.ai,human_written,0,0.7579,4492,Biology,Senior,0.6267,0.2482,0.0000
SUB0074,Originality.ai,mixed,0,0.0593,708,Computer Science,Senior,0.5266,0.0900,0.2600
SUB0075,Copyleaks,human_written,0,0.5449,1178,Computer Science,Graduate,0.8294,0.2691,0.0000
SUB0076,Originality.ai,human_written,0,0.5145,1778,Mathematics,Junior,0.6204,0.5897,0.0264
SUB0077,Winston AI,human_written,0,0.6618,3225,History,Senior,0.6394,0.2727,0.1373
SUB0078,Winston AI,mixed,1,0.2226,2564,Physics,Freshman,0.6140,0.4529,0.5193
SUB0079,Copyleaks,ai_generated,1,0.2895,2761,Chemistry,Sophomore,0.6808,0.1482,0.8111
SUB0080,Originality.ai,human_written,0,0.3056,2493,Computer Science,Junior,0.3287,0.3029,0.0000
SUB0081,Turnitin,human_written,0,0.0426,2267,Computer Science,Junior,0.5575,0.2301,0.0713
SUB0082,Turnitin,ai_generated,1,0.6375,1227,Biology,Senior,0.5241,0.2077,0.6097
SUB0083,Copyleaks,human_written,0,0.4354,2429,English,Senior,0.5221,0.2346,0.0208
SUB0084,Copyleaks,human_written,0,0.6238,3258,History,Freshman,0.3149,0.2835,0.0478
SUB0085,Winston AI,human_written,1,0.1089,4361,English,Graduate,0.6793,0.3097,0.1203
SUB0086,Turnitin,human_written,0,0.1757,2563,Chemistry,Junior,0.9639,0.1536,0.0136
SUB0087,Winston AI,mixed,0,0.6403,1422,English,Sophomore,0.5297,0.4169,0.4181
SUB0088,Originality.ai,ai_generated,1,0.4916,4624,Physics,Junior,0.6145,0.3511,0.9330
SUB0089,Winston AI,mixed,0,0.6818,4805,Chemistry,Senior,0.4893,0.4204,0.5315
SUB0090,Originality.ai,human_written,0,0.3385,548,History,Freshman,0.5860,0.3728,0.0000
SUB0091,Copyleaks,human_written,0,0.5546,1024,Psychology,Junior,0.4276,0.3227,0.0032
SUB0092,Originality.ai,ai_generated,1,0.6210,699,Mathematics,Graduate,0.4681,0.4179,0.8597
SUB0093,Originality.ai,ai_generated,0,0.0734,1338,History,Freshman,0.5430,0.3096,0.7407
SUB0094,GPTZero,ai_generated,1,0.3089,3387,History,Graduate,0.3414,0.3630,0.8631
SUB0095,GPTZero,ai_generated,1,0.3179,566,Chemistry,Graduate,0.3772,0.4089,0.8801
SUB0096,Originality.ai,mixed,0,0.2174,4049,Computer Science,Junior,0.3732,0.3553,0.3449
SUB0097,GPTZero,human_written,0,0.0799,1794,Computer Science,Sophomore,0.3853,0.4467,0.1662
SUB0098,Turnitin,mixed,1,0.1222,675,History,Sophomore,0.4926,0.3489,0.4226
SUB0099,Turnitin,human_written,0,0.2843,4105,Psychology,Junior,0.4469,0.3723,0.0649
SUB0100,Winston AI,mixed,0,0.1872,1544,Physics,Senior,0.2918,0.3764,0.4720
SUB0101,Turnitin,mixed,1,0.2275,4525,History,Sophomore,0.3682,0.3742,0.3044
SUB0102,Turnitin,mixed,1,0.2054,3960,Computer Science,Sophomore,0.5198,0.2885,0.2670
SUB0103,GPTZero,human_written,0,0.6020,1181,Biology,Graduate,0.3493,0.2610,0.0945
SUB0104,Turnitin,ai_generated,1,0.8553,2055,English,Freshman,0.7596,0.2165,0.8289
SUB0105,Copyleaks,human_written,0,0.4537,3244,Biology,Freshman,0.4551,0.1823,0.0746
SUB0106,Winston AI,human_written,0,0.6097,2899,English,Graduate,0.4718,0.4193,0.1606
SUB0107,GPTZero,ai_generated,1,0.5085,2038,English,Freshman,0.3474,0.2722,1.0000
SUB0108,Originality.ai,mixed,1,0.3704,3205,Biology,Senior,0.4482,0.3489,0.4530
SUB0109,Originality.ai,human_written,0,0.1217,2573,Mathematics,Junior,0.4231,0.2760,0.0003
SUB0110,GPTZero,human_written,0,0.2481,4435,Physics,Graduate,0.3890,0.2897,0.2051
SUB0111,Winston AI,ai_generated,1,0.8244,3715,Biology,Freshman,0.4911,0.0983,0.6468
SUB0112,GPTZero,mixed,0,0.5418,3757,Chemistry,Sophomore,0.8323,0.3557,0.3388
SUB0113,Originality.ai,mixed,0,0.4984,3623,English,Freshman,0.3631,0.3198,0.4101
SUB0114,Turnitin,human_written,0,0.7706,4728,Mathematics,Junior,0.4732,0.1154,0.0237
SUB0115,Copyleaks,human_written,0,0.1963,528,Mathematics,Senior,0.3951,0.2200,0.0119
SUB0116,Turnitin,human_written,0,0.2956,1960,Mathematics,Sophomore,0.5377,0.3810,0.0477
SUB0117,Winston AI,human_written,0,0.4961,3729,Biology,Freshman,0.5889,0.1023,0.1625
SUB0118,Copyleaks,mixed,0,0.1403,3286,English,Graduate,0.1950,0.5112,0.2515
SUB0119,Originality.ai,ai_generated,1,0.2650,512,Mathematics,Senior,0.4185,0.2248,0.8195
SUB0120,Copyleaks,ai_generated,1,0.5880,3675,Chemistry,Freshman,0.5208,0.1914,0.7332
SUB0121,Copyleaks,human_written,0,0.3859,3743,Computer Science,Sophomore,0.5271,0.3031,0.0161
SUB0122,Originality.ai,ai_generated,0,0.4074,4741,History,Senior,0.3508,0.3250,0.6817
SUB0123,Copyleaks,human_written,0,0.2604,3335,Chemistry,Junior,0.5029,0.2406,0.0532
SUB0124,GPTZero,mixed,0,0.1791,3278,Chemistry,Junior,0.5952,0.5392,0.5574
SUB0125,Turnitin,human_written,0,0.7368,1795,Mathematics,Sophomore,0.4421,0.2537,0.0430
SUB0126,Copyleaks,mixed,1,0.2072,2951,Computer Science,Sophomore,0.5337,0.2421,0.3602
SUB0127,GPTZero,mixed,1,0.2080,3753,History,Sophomore,0.8569,0.1693,0.4552
SUB0128,GPTZero,ai_generated,1,0.3437,4430,Computer Science,Junior,0.5127,0.3798,1.0000
SUB0129,Winston AI,ai_generated,1,0.2170,4370,Computer Science,Senior,0.4751,0.2424,0.9640
SUB0130,Turnitin,human_written,0,0.2437,4866,Physics,Senior,0.4014,0.3338,0.0533
SUB0131,Originality.ai,human_written,0,0.6673,2237,Mathematics,Freshman,0.5719,0.3110,0.0185
SUB0132,Copyleaks,ai_generated,1,0.6798,1538,Mathematics,Graduate,0.4286,0.2174,0.7513
SUB0133,GPTZero,human_written,0,0.3098,3300,Psychology,Freshman,0.6519,0.3045,0.1877
SUB0134,Turnitin,mixed,1,0.0543,3194,Chemistry,Senior,0.2909,0.2405,0.3667
SUB0135,Originality.ai,mixed,0,0.4690,1886,Physics,Senior,0.5554,0.1286,0.3735
SUB0136,Originality.ai,human_written,0,0.4718,3808,Biology,Senior,0.6813,0.2339,0.0000
SUB0137,Originality.ai,human_written,0,0.6033,3023,History,Graduate,0.5905,0.2482,0.0398
SUB0138,Winston AI,human_written,0,0.5607,1418,Biology,Sophomore,0.2247,0.4664,0.1392
SUB0139,Originality.ai,human_written,0,0.5518,1714,Physics,Junior,0.4891,0.4026,0.0000
SUB0140,Originality.ai,human_written,0,0.3068,3829,Computer Science,Sophomore,0.4569,0.4235,0.0000
SUB0141,Copyleaks,ai_generated,1,0.5171,4051,Mathematics,Freshman,0.3624,0.3670,0.9259
SUB0142,GPTZero,human_written,0,0.6045,3489,Psychology,Sophomore,0.6554,0.4034,0.1293
SUB0143,Turnitin,ai_generated,1,0.6353,2069,Psychology,Senior,0.7644,0.2875,0.7389
SUB0144,Copyleaks,ai_generated,0,0.1495,564,Physics,Freshman,0.4497,0.1405,0.6161
SUB0145,GPTZero,human_written,0,0.2694,4759,History,Graduate,0.6212,0.2152,0.1373
SUB0146,Winston AI,human_written,0,0.1938,4218,Chemistry,Graduate,0.5732,0.3057,0.1385
SUB0147,Turnitin,human_written,0,0.1826,4949,Biology,Graduate,0.4289,0.3189,0.0022
SUB0148,Copyleaks,human_written,0,0.3374,2236,History,Junior,0.8459,0.4802,0.0264
SUB0149,Copyleaks,mixed,0,0.3096,598,History,Junior,0.4602,0.4208,0.5661
SUB0150,GPTZero,mixed,0,0.8558,3182,Chemistry,Graduate,0.4967,0.3509,0.5138
SUB0151,Copyleaks,human_written,0,0.1772,2458,English,Senior,0.6109,0.3864,0.0004
SUB0152,Winston AI,human_written,0,0.7204,4428,Psychology,Sophomore,0.4670,0.3572,0.1067
SUB0153,GPTZero,ai_generated,1,0.2665,4270,Biology,Junior,0.3347,0.3572,0.8393
SUB0154,Winston AI,mixed,0,0.4823,1941,Computer Science,Senior,0.7556,0.3705,0.5327
SUB0155,Turnitin,mixed,0,0.5042,2226,History,Sophomore,0.7108,0.2759,0.7079
SUB0156,GPTZero,human_written,0,0.4611,3891,Mathematics,Sophomore,0.3507,0.4257,0.1491
SUB0157,GPTZero,ai_generated,1,0.2901,3186,English,Freshman,0.3594,0.3102,0.9938
SUB0158,Turnitin,human_written,0,0.0997,2776,History,Freshman,0.5589,0.3454,0.0025
SUB0159,Originality.ai,human_written,0,0.2983,1520,Psychology,Graduate,0.7080,0.3252,0.0134
SUB0160,Copyleaks,mixed,1,0.3475,4588,History,Junior,0.6120,0.3326,0.7114
SUB0161,GPTZero,ai_generated,1,0.1892,692,Mathematics,Sophomore,0.5024,0.3858,1.0000
SUB0162,Copyleaks,ai_generated,1,0.1191,1097,Biology,Freshman,0.7511,0.2083,0.8691
SUB0163,Copyleaks,human_written,0,0.6582,648,Chemistry,Senior,0.8051,0.3667,0.0142
SUB0164,Turnitin,mixed,0,0.2894,2688,Computer Science,Graduate,0.5834,0.2409,0.1230
SUB0165,GPTZero,ai_generated,1,0.3516,900,Psychology,Freshman,0.4235,0.3663,0.9576
SUB0166,GPTZero,ai_generated,1,0.5018,1709,Computer Science,Graduate,0.5245,0.2582,1.0000
SUB0167,Originality.ai,human_written,0,0.2186,3764,Physics,Senior,0.5519,0.2633,0.0000
SUB0168,Originality.ai,ai_generated,1,0.2204,4909,Psychology,Freshman,0.5270,0.3838,0.7898
SUB0169,Turnitin,ai_generated,1,0.2310,1103,English,Freshman,0.3660,0.2599,0.9316
SUB0170,Winston AI,human_written,1,0.4033,4885,Psychology,Freshman,0.4335,0.4220,0.1107
SUB0171,Winston AI,ai_generated,1,0.6080,4024,Mathematics,Senior,0.3697,0.1664,1.0000
SUB0172,GPTZero,human_written,0,0.2226,2447,Biology,Junior,0.5908,0.2408,0.1390
SUB0173,Originality.ai,ai_generated,0,0.4468,1169,Psychology,Senior,0.4214,0.2519,0.6597
SUB0174,GPTZero,mixed,0,0.6130,604,Psychology,Sophomore,0.5426,0.3258,0.3768
SUB0175,Copyleaks,ai_generated,1,0.3127,4787,English,Graduate,0.5732,0.4130,0.8357
SUB0176,Winston AI,human_written,0,0.2813,4172,Biology,Sophomore,0.4782,0.3971,0.1423
SUB0177,Turnitin,mixed,0,0.5654,3786,History,Senior,0.3954,0.4225,0.3725
SUB0178,GPTZero,human_written,0,0.3068,4764,Chemistry,Graduate,0.6376,0.5727,0.1061
SUB0179,Copyleaks,mixed,0,0.5444,1624,Biology,Sophomore,0.3194,0.1945,0.4086
SUB0180,Copyleaks,ai_generated,1,0.7151,4705,Psychology,Freshman,0.6912,0.3198,0.7371
SUB0181,GPTZero,human_written,0,0.3628,4367,English,Junior,0.7194,0.3180,0.1576
SUB0182,GPTZero,ai_generated,1,0.6951,1389,Computer Science,Junior,0.5020,0.2843,1.0000
SUB0183,Turnitin,ai_generated,0,0.1641,3459,Physics,Freshman,0.6030,0.2849,0.8525
SUB0184,Copyleaks,human_written,0,0.3771,1288,English,Freshman,0.5566,0.3965,0.0459
SUB0185,Turnitin,mixed,0,0.7552,2403,History,Freshman,0.6306,0.4614,0.4031
SUB0186,GPTZero,mixed,1,0.5294,2229,Psychology,Freshman,0.5467,0.3004,0.5889
SUB0187,Copyleaks,human_written,0,0.2817,3497,Psychology,Sophomore,0.6317,0.2230,0.0010
SUB0188,Originality.ai,human_written,0,0.0763,1793,English,Freshman,0.4658,0.1543,0.0000
SUB0189,Winston AI,ai_generated,1,0.4108,3068,Chemistry,Graduate,0.5313,0.3600,1.0000
SUB0190,Winston AI,ai_generated,1,0.2302,4800,Biology,Freshman,0.2890,0.1526,0.8505
SUB0191,Originality.ai,human_written,0,0.4969,3648,Biology,Sophomore,0.2055,0.4161,0.0000
SUB0192,Copyleaks,human_written,0,0.4702,3505,Mathematics,Sophomore,0.4466,0.3319,0.0140
SUB0193,Copyleaks,mixed,0,0.8439,1060,Mathematics,Freshman,0.4674,0.4031,0.4617
SUB0194,Winston AI,human_written,0,0.3099,2225,Computer Science,Senior,0.5600,0.3165,0.0885
SUB0195,GPTZero,mixed,0,0.5819,4576,Physics,Graduate,0.3820,0.2216,0.7699
SUB0196,GPTZero,mixed,1,0.7067,2630,Computer Science,Graduate,0.7425,0.4000,0.4313
SUB0197,Winston AI,human_written,0,0.5227,512,Physics,Junior,0.6938,0.2251,0.1695
SUB0198,GPTZero,ai_generated,1,0.3971,3991,Mathematics,Freshman,0.4517,0.3647,0.7872
SUB0199,Winston AI,mixed,0,0.7506,2225,History,Freshman,0.6545,0.3680,0.4211
SUB0200,Copyleaks,ai_generated,1,0.7648,788,English,Freshman,0.0319,0.2039,0.5885
SUB0201,Winston AI,human_written,1,0.0983,4469,Mathematics,Sophomore,0.4283,0.1877,0.1893
SUB0202,Originality.ai,mixed,1,0.2066,2407,History,Graduate,0.5038,0.5188,0.3149
SUB0203,Turnitin,ai_generated,1,0.3159,3588,History,Senior,0.3343,0.1831,0.8951
SUB0204,Winston AI,human_written,0,0.7791,3629,Computer Science,Sophomore,0.6030,0.3494,0.1309
SUB0205,Copyleaks,mixed,0,0.1944,2274,Computer Science,Sophomore,0.4014,0.3342,0.3630
SUB0206,Turnitin,human_written,0,0.6565,3422,English,Sophomore,0.4511,0.4994,0.0363
SUB0207,Originality.ai,mixed,0,0.4278,4946,Physics,Sophomore,0.5227,0.3298,0.2326
SUB0208,GPTZero,human_written,0,0.6378,3137,Mathematics,Junior,0.3579,0.4147,0.1230
SUB0209,Winston AI,ai_generated,1,0.8207,2158,Biology,Junior,0.2477,0.2704,0.9193
SUB0210,Turnitin,mixed,0,0.1534,1424,Computer Science,Senior,0.8088,0.4385,0.3329
SUB0211,Originality.ai,human_written,0,0.1636,1211,Mathematics,Junior,0.6926,0.0000,0.0135
SUB0212,GPTZero,human_written,0,0.2037,4954,English,Freshman,0.3640,0.2436,0.1052
SUB0213,Originality.ai,mixed,1,0.3092,4922,Mathematics,Freshman,0.4917,0.3427,0.4247
SUB0214,Copyleaks,mixed,0,0.4081,4186,Physics,Sophomore,0.5919,0.0981,0.4523
SUB0215,Turnitin,ai_generated,1,0.5823,1125,Psychology,Junior,0.9144,0.1446,0.7994
SUB0216,Turnitin,human_written,0,0.1639,3170,English,Graduate,0.2143,0.1376,0.0389
SUB0217,Copyleaks,human_written,0,0.3099,1139,History,Sophomore,0.5204,0.2947,0.0157
SUB0218,Originality.ai,ai_generated,1,0.4565,1940,Biology,Freshman,0.5218,0.6090,0.8280
SUB0219,GPTZero,human_written,1,0.3226,989,English,Junior,0.4932,0.1767,0.1917
SUB0220,Winston AI,human_written,0,0.1951,1476,English,Graduate,0.5317,0.3029,0.1455
SUB0221,Winston AI,human_written,0,0.1079,4144,History,Junior,0.4138,0.2383,0.1065
SUB0222,GPTZero,human_written,0,0.4862,882,Computer Science,Graduate,0.3263,0.4529,0.1813
SUB0223,Turnitin,human_written,0,0.4785,4311,Mathematics,Sophomore,0.5833,0.2170,0.0201
SUB0224,Winston AI,ai_generated,1,0.8789,958,Biology,Junior,0.4458,0.4103,1.0000
SUB0225,Originality.ai,human_written,0,0.3187,4602,Computer Science,Junior,0.3125,0.2735,0.0010
SUB0226,Turnitin,human_written,0,0.4366,4592,Psychology,Senior,0.4893,0.3778,0.0678
SUB0227,Originality.ai,ai_generated,1,0.2859,1495,Mathematics,Senior,0.1862,0.2946,0.6053
SUB0228,Turnitin,human_written,0,0.3470,1277,Psychology,Graduate,0.4152,0.3531,0.0175
SUB0229,Copyleaks,human_written,0,0.4259,2676,Mathematics,Graduate,0.6926,0.2724,0.0222
SUB0230,GPTZero,human_written,1,0.6835,2254,Computer Science,Junior,0.5312,0.3469,0.1685
SUB0231,Copyleaks,human_written,0,0.0159,3088,History,Senior,0.5519,0.4078,0.0521
SUB0232,Turnitin,ai_generated,1,0.4094,971,English,Freshman,0.6638,0.2848,0.9560
SUB0233,Originality.ai,ai_generated,1,0.4932,566,Biology,Senior,0.3659,0.3524,0.7129
SUB0234,GPTZero,mixed,0,0.2050,2005,English,Sophomore,0.7986,0.1872,0.6247
SUB0235,GPTZero,mixed,1,0.5228,3388,Mathematics,Senior,0.5154,0.0686,0.7510
SUB0236,Turnitin,ai_generated,1,0.5014,915,Psychology,Graduate,0.6729,0.2399,0.9666
SUB0237,GPTZero,human_written,0,0.3797,2256,Chemistry,Freshman,0.3925,0.3810,0.1659
SUB0238,Originality.ai,ai_generated,1,0.7989,4768,Physics,Sophomore,0.5314,0.1553,0.9259
SUB0239,Copyleaks,mixed,0,0.8528,2739,Psychology,Senior,0.7480,0.3623,0.4060
SUB0240,Copyleaks,ai_generated,1,0.4865,707,English,Graduate,0.7822,0.2203,0.8241
SUB0241,Copyleaks,ai_generated,1,0.7394,1669,Biology,Freshman,0.5654,0.3558,0.8392
SUB0242,Copyleaks,human_written,0,0.6791,2691,Physics,Freshman,0.4131,0.3573,0.0000
SUB0243,Turnitin,ai_generated,1,0.6796,3600,History,Junior,0.8738,0.2725,0.8182
SUB0244,Copyleaks,human_written,0,0.4261,4298,Chemistry,Senior,0.4367,0.4980,0.0147
SUB0245,Originality.ai,human_written,0,0.4118,1648,Computer Science,Junior,0.5695,0.3717,0.0000
SUB0246,GPTZero,human_written,0,0.5745,3859,Biology,Junior,0.6763,0.3009,0.1599
SUB0247,GPTZero,mixed,1,0.3005,4432,Chemistry,Sophomore,0.3746,0.4097,0.6301
SUB0248,GPTZero,human_written,1,0.4532,1888,English,Senior,0.5335,0.3904,0.1198
SUB0249,Turnitin,ai_generated,1,0.4590,2001,Mathematics,Freshman,0.4857,0.2667,0.8190
SUB0250,Copyleaks,human_written,0,0.0979,4614,Computer Science,Graduate,0.3566,0.4686,0.0009
SUB0251,Winston AI,ai_generated,1,0.4740,523,Psychology,Senior,0.5765,0.2274,0.8955
SUB0252,GPTZero,human_written,0,0.0405,1940,English,Graduate,0.4660,0.3244,0.1527
SUB0253,Originality.ai,human_written,0,0.2221,3258,Computer Science,Sophomore,0.3776,0.1545,0.0091
SUB0254,Copyleaks,mixed,0,0.2093,1184,Biology,Sophomore,0.7014,0.2516,0.3631
SUB0255,Winston AI,human_written,0,0.5094,1268,Mathematics,Junior,0.5985,0.3157,0.1169
SUB0256,GPTZero,human_written,0,0.2348,3948,History,Freshman,0.5673,0.2611,0.2214
SUB0257,Copyleaks,ai_generated,1,0.4616,2202,History,Sophomore,0.6703,0.3182,0.6168
SUB0258,Winston AI,human_written,1,0.0628,4977,Chemistry,Freshman,0.3592,0.1271,0.1886
SUB0259,Originality.ai,ai_generated,1,0.2353,4384,Physics,Freshman,0.6625,0.1924,0.7326
SUB0260,Originality.ai,ai_generated,1,0.4355,1245,Biology,Senior,0.5505,0.1311,0.6684
SUB0261,Originality.ai,human_written,0,0.4889,2540,Physics,Sophomore,0.8240,0.1139,0.0000
SUB0262,Copyleaks,human_written,0,0.3039,3094,Physics,Graduate,0.5025,0.2952,0.0269
SUB0263,Turnitin,ai_generated,1,0.3773,742,Biology,Freshman,0.5870,0.4048,0.8023
SUB0264,GPTZero,human_written,1,0.4164,2409,Physics,Junior,0.3404,0.4031,0.1069
SUB0265,Copyleaks,ai_generated,1,0.5196,1401,Computer Science,Junior,0.8957,0.3302,0.7814
SUB0266,Originality.ai,ai_generated,0,0.0336,1158,History,Sophomore,0.6668,0.2400,0.8140
SUB0267,Originality.ai,mixed,0,0.2886,2163,Biology,Senior,0.4883,0.2544,0.1941
SUB0268,Turnitin,mixed,1,0.5044,1961,History,Graduate,0.4922,0.3665,0.2468
SUB0269,Winston AI,human_written,0,0.6171,1618,Computer Science,Graduate,0.3606,0.1866,0.1196
SUB0270,Winston AI,human_written,0,0.4119,772,English,Freshman,0.6610,0.2351,0.1258
SUB0271,Originality.ai,ai_generated,1,0.7927,3050,Psychology,Sophomore,0.4053,0.3840,0.7121
SUB0272,Winston AI,ai_generated,1,0.6334,4447,English,Junior,0.6036,0.2557,0.9011
SUB0273,Turnitin,human_written,1,0.2108,1261,English,Sophomore,0.4352,0.4808,0.0590
SUB0274,Winston AI,human_written,0,0.1829,1719,Biology,Freshman,0.5936,0.3856,0.1177
SUB0275,Winston AI,mixed,1,0.4347,4426,English,Junior,0.7360,0.2424,0.6162
SUB0276,Originality.ai,ai_generated,1,0.3151,1987,Physics,Junior,0.4075,0.2828,0.9098
SUB0277,Originality.ai,ai_generated,1,0.5697,831,Chemistry,Freshman,0.3100,0.3439,0.9702
SUB0278,Originality.ai,human_written,0,0.5409,4762,Computer Science,Senior,0.7591,0.3346,0.0357
SUB0279,Copyleaks,ai_generated,1,0.2851,3878,English,Freshman,0.7639,0.4931,0.9663
SUB0280,Turnitin,human_written,0,0.6920,4317,Biology,Junior,0.5497,0.3058,0.0343
SUB0281,Turnitin,mixed,0,0.2765,1134,Psychology,Junior,0.5859,0.2139,0.1875
SUB0282,Copyleaks,human_written,0,0.0907,553,History,Junior,0.5185,0.4533,0.0564
SUB0283,Turnitin,human_written,0,0.0909,840,Psychology,Freshman,0.4397,0.3721,0.0067
SUB0284,Winston AI,human_written,1,0.6976,3300,Chemistry,Graduate,0.3439,0.3617,0.0795
SUB0285,Turnitin,human_written,1,0.2790,1971,Computer Science,Freshman,0.3725,0.2517,0.0659
SUB0286,Winston AI,ai_generated,1,0.2275,1069,Biology,Sophomore,0.4005,0.3693,0.7272
SUB0287,Turnitin,ai_generated,1,0.7802,3411,Psychology,Graduate,0.6437,0.3664,0.7474
SUB0288,Originality.ai,ai_generated,1,0.2361,984,Mathematics,Junior,0.4275,0.1731,0.9787
SUB0289,GPTZero,mixed,0,0.5233,2723,History,Senior,0.6342,0.1333,0.4305
SUB0290,Winston AI,human_written,0,0.7128,1187,English,Junior,0.3944,0.1818,0.1420
SUB0291,Turnitin,human_written,1,0.5308,4479,History,Graduate,0.5868,0.3460,0.0962
SUB0292,GPTZero,human_written,0,0.8280,4383,Chemistry,Junior,0.5128,0.2096,0.0960
SUB0293,Originality.ai,mixed,0,0.4922,4470,History,Freshman,0.5925,0.3425,0.1847
SUB0294,GPTZero,human_written,0,0.4026,539,History,Graduate,0.5182,0.2697,0.1904
SUB0295,Winston AI,mixed,0,0.3681,916,History,Senior,0.5331,0.3520,0.4692
SUB0296,Originality.ai,ai_generated,0,0.4276,1977,Mathematics,Freshman,0.7187,0.3902,0.8248
SUB0297,Turnitin,human_written,0,0.2322,4753,English,Sophomore,0.4067,0.3002,0.0000
SUB0298,Turnitin,ai_generated,1,0.6388,591,Chemistry,Senior,0.3419,0.4026,0.9097
SUB0299,Turnitin,ai_generated,1,0.3602,2768,Psychology,Graduate,0.3966,0.3767,0.8498
SUB0300,Originality.ai,human_written,0,0.3963,4121,Mathematics,Freshman,0.6101,0.3765,0.0000
SUB0301,Copyleaks,human_written,0,0.3142,3227,Mathematics,Junior,0.6263,0.2724,0.0098
SUB0302,GPTZero,mixed,1,0.3167,3889,Mathematics,Graduate,0.5094,0.2347,0.5844
SUB0303,GPTZero,ai_generated,1,0.1002,1980,Psychology,Freshman,0.3972,0.3448,0.9106
SUB0304,Copyleaks,mixed,0,0.2737,2001,Biology,Junior,0.5630,0.3101,0.4091
SUB0305,GPTZero,ai_generated,1,0.5059,523,History,Senior,0.1308,0.3936,1.0000
SUB0306,Copyleaks,human_written,0,0.3912,756,Physics,Sophomore,0.5024,0.3143,0.0045
SUB0307,Originality.ai,ai_generated,1,0.2536,3696,Computer Science,Graduate,0.5371,0.2875,0.9004
SUB0308,Copyleaks,human_written,0,0.7980,1343,Chemistry,Graduate,0.3874,0.3309,0.0776
SUB0309,Copyleaks,ai_generated,1,0.2083,4912,Chemistry,Senior,0.5427,0.4039,0.8730
SUB0310,Turnitin,ai_generated,0,0.6430,1951,Psychology,Graduate,0.5381,0.2298,0.6783
SUB0311,Originality.ai,ai_generated,0,0.1420,4776,Computer Science,Senior,0.5570,0.5935,0.6972
SUB0312,Copyleaks,human_written,0,0.1787,4837,Biology,Junior,0.6782,0.1724,0.0000
SUB0313,Turnitin,mixed,1,0.6101,3676,Computer Science,Graduate,0.1423,0.1092,0.4570
SUB0314,Winston AI,ai_generated,1,0.4131,3837,Psychology,Senior,0.8455,0.2783,0.9276
SUB0315,GPTZero,human_written,0,0.1355,3093,Psychology,Graduate,0.5013,0.1742,0.1257
SUB0316,Originality.ai,human_written,0,0.4384,3254,Mathematics,Sophomore,0.6517,0.3013,0.0000
SUB0317,Winston AI,human_written,0,0.4258,3119,English,Senior,0.2358,0.4214,0.1505
SUB0318,Winston AI,ai_generated,1,0.6191,4349,Biology,Sophomore,0.2053,0.1519,0.9298
SUB0319,Originality.ai,human_written,0,0.2960,525,English,Senior,0.5045,0.2488,0.0015
SUB0320,Originality.ai,ai_generated,1,0.1724,3529,History,Graduate,0.3642,0.3539,1.0000
SUB0321,GPTZero,human_written,0,0.4338,4319,Psychology,Senior,0.3318,0.0666,0.1875
SUB0322,GPTZero,human_written,0,0.1282,4309,Physics,Senior,0.7540,0.3802,0.1657
SUB0323,Turnitin,mixed,1,0.6437,1416,English,Senior,0.6486,0.2698,0.2999
SUB0324,Originality.ai,human_written,0,0.7546,4411,Computer Science,Senior,0.6268,0.1976,0.0000
SUB0325,Winston AI,human_written,0,0.3110,3052,Physics,Senior,0.5346,0.2161,0.1113
SUB0326,Turnitin,human_written,0,0.1304,4817,Biology,Senior,0.3968,0.2155,0.0251
SUB0327,Copyleaks,ai_generated,1,0.4964,2094,Chemistry,Senior,0.7770,0.3318,0.7433
SUB0328,Winston AI,human_written,1,0.4736,1314,Psychology,Graduate,0.4263,0.2885,0.1258
SUB0329,Originality.ai,mixed,0,0.1441,4194,English,Freshman,0.5699,0.2397,0.0311
SUB0330,Winston AI,human_written,0,0.4328,1601,Physics,Freshman,0.3048,0.2496,0.1225
SUB0331,Turnitin,human_written,0,0.5821,3376,Chemistry,Freshman,0.3415,0.2338,0.0538
SUB0332,Originality.ai,mixed,0,0.4798,2340,Computer Science,Senior,0.5797,0.1213,0.3206
SUB0333,GPTZero,ai_generated,1,0.4090,4511,Chemistry,Graduate,1.0000,0.3118,0.8806
SUB0334,Turnitin,mixed,0,0.3123,1339,Mathematics,Senior,0.3027,0.4309,0.3585
SUB0335,Copyleaks,mixed,1,0.6499,4985,Physics,Freshman,0.6008,0.2369,0.3253
SUB0336,Originality.ai,human_written,0,0.2125,1723,Chemistry,Freshman,0.6072,0.2766,0.0212
SUB0337,Turnitin,mixed,0,0.7373,3293,Psychology,Freshman,0.4527,0.4290,0.4083
SUB0338,Turnitin,human_written,0,0.3880,1438,Computer Science,Sophomore,0.3265,0.3323,0.0091
SUB0339,Originality.ai,ai_generated,0,0.3185,982,Chemistry,Graduate,0.6296,0.3353,0.8456
SUB0340,Winston AI,ai_generated,1,0.5152,1689,Biology,Graduate,0.6678,0.1631,0.9628
SUB0341,Winston AI,human_written,1,0.5067,2660,Biology,Freshman,0.5197,0.3486,0.1783
SUB0342,GPTZero,ai_generated,1,0.0566,1600,History,Senior,0.6311,0.2200,0.9254
SUB0343,Winston AI,ai_generated,1,0.8359,1655,History,Senior,0.5802,0.3138,0.7414
SUB0344,GPTZero,human_written,0,0.2651,2916,Computer Science,Sophomore,0.7027,0.5489,0.1159
SUB0345,GPTZero,human_written,0,0.3548,2897,Chemistry,Junior,0.4809,0.1742,0.1764
SUB0346,Winston AI,human_written,0,0.0289,1786,Psychology,Graduate,0.5553,0.1439,0.1305
SUB0347,GPTZero,ai_generated,1,0.6453,4860,Mathematics,Sophomore,0.2424,0.0283,1.0000
SUB0348,Originality.ai,human_written,0,0.5032,1306,History,Graduate,0.5895,0.3769,0.0000
SUB0349,Copyleaks,mixed,0,0.5532,3942,Psychology,Sophomore,0.5996,0.3687,0.4812
SUB0350,GPTZero,ai_generated,1,0.4276,1504,Biology,Freshman,0.5408,0.2943,1.0000
SUB0351,Originality.ai,human_written,0,0.0970,4715,Chemistry,Senior,0.4846,0.2475,0.0000
SUB0352,Copyleaks,mixed,1,0.6638,3510,Psychology,Freshman,0.6530,0.5022,0.6248
SUB0353,Originality.ai,human_written,0,0.1518,1259,History,Senior,0.5851,0.3230,0.0000
SUB0354,Winston AI,human_written,0,0.5468,1550,English,Senior,0.8569,0.3841,0.0965
SUB0355,Copyleaks,human_written,0,0.6964,3924,Physics,Graduate,0.9677,0.4072,0.0000
SUB0356,GPTZero,ai_generated,1,0.5548,3844,Physics,Junior,0.5478,0.3288,0.8959
SUB0357,Copyleaks,human_written,0,0.1324,1410,Mathematics,Graduate,0.7472,0.2989,0.0177
SUB0358,Originality.ai,ai_generated,1,0.4288,2368,Computer Science,Freshman,0.4827,0.4269,0.9191
SUB0359,Turnitin,mixed,0,0.4162,642,History,Senior,0.3187,0.2416,0.7679
SUB0360,Copyleaks,human_written,0,0.4323,1021,Computer Science,Freshman,0.4779,0.2343,0.0462
SUB0361,Copyleaks,ai_generated,1,0.6744,1158,Mathematics,Senior,0.3805,0.0252,0.9309
SUB0362,GPTZero,human_written,0,0.6950,1166,Biology,Senior,0.6875,0.1944,0.1823
SUB0363,Originality.ai,human_written,0,0.5238,4874,History,Senior,0.2414,0.3621,0.0000
SUB0364,Turnitin,mixed,1,0.3380,1475,Computer Science,Junior,0.3425,0.2028,0.3325
SUB0365,Copyleaks,ai_generated,1,0.2416,4503,Chemistry,Graduate,0.5183,0.4309,0.8254
SUB0366,Originality.ai,mixed,0,0.3780,4709,Biology,Graduate,0.7675,0.5273,0.4429
SUB0367,Copyleaks,human_written,0,0.5107,595,Psychology,Sophomore,0.6220,0.4044,0.0195
SUB0368,Winston AI,human_written,0,0.7432,1192,Mathematics,Freshman,0.4772,0.3472,0.1495
SUB0369,Copyleaks,human_written,0,0.1961,4194,History,Freshman,0.3335,0.4728,0.0059
SUB0370,Copyleaks,ai_generated,1,0.6515,3115,Biology,Junior,0.5696,0.3609,0.8772
SUB0371,Turnitin,human_written,0,0.4948,2989,Computer Science,Senior,0.5471,0.1763,0.0600
SUB0372,Originality.ai,ai_generated,1,0.2029,4038,English,Sophomore,0.5851,0.3595,0.9407
SUB0373,Copyleaks,ai_generated,1,0.2372,2391,History,Freshman,0.6209,0.3797,0.9696
SUB0374,Turnitin,ai_generated,1,0.3098,1196,Mathematics,Freshman,0.5352,0.4566,0.8578
SUB0375,Turnitin,human_written,0,0.2945,1649,Computer Science,Graduate,0.4224,0.3128,0.0322
SUB0376,GPTZero,human_written,0,0.4088,515,Chemistry,Graduate,0.2721,0.4414,0.1296
SUB0377,Winston AI,human_written,0,0.5748,803,Physics,Sophomore,0.3415,0.2646,0.1353
SUB0378,Copyleaks,human_written,0,0.3192,2563,Mathematics,Senior,0.5320,0.2473,0.0038
SUB0379,Originality.ai,ai_generated,1,0.5540,1020,Chemistry,Junior,0.7595,0.2033,0.8985
SUB0380,Copyleaks,ai_generated,1,0.3046,4291,History,Junior,0.4694,0.2319,0.9303
SUB0381,GPTZero,mixed,1,0.5833,3791,Mathematics,Graduate,0.1584,0.1636,0.5591
SUB0382,Copyleaks,ai_generated,1,0.3398,1113,Mathematics,Graduate,0.4352,0.2208,0.7681
SUB0383,Copyleaks,ai_generated,1,0.7623,3930,Psychology,Junior,0.3568,0.2121,0.6814
SUB0384,Winston AI,human_written,0,0.6193,828,Chemistry,Freshman,0.5132,0.2560,0.1141
SUB0385,Winston AI,human_written,0,0.3961,4379,Mathematics,Freshman,0.2305,0.4390,0.1695
SUB0386,Originality.ai,human_written,0,0.6190,3556,History,Senior,0.1605,0.3637,0.0346
SUB0387,GPTZero,mixed,1,0.1318,1442,Computer Science,Sophomore,0.4212,0.1291,0.3510
SUB0388,Copyleaks,mixed,1,0.2348,4669,English,Sophomore,0.2766,0.2352,0.3636
SUB0389,Turnitin,human_written,0,0.0529,3632,Computer Science,Graduate,0.5759,0.2383,0.0363
SUB0390,Copyleaks,human_written,0,0.4305,1800,Chemistry,Junior,0.7170,0.2339,0.0000
SUB0391,GPTZero,human_written,1,0.1538,4128,History,Sophomore,0.3726,0.2956,0.1398
SUB0392,GPTZero,ai_generated,1,0.5398,4630,Computer Science,Graduate,0.3031,0.3394,0.8698
SUB0393,Originality.ai,ai_generated,1,0.2081,1974,English,Graduate,0.4628,0.3994,0.7732
SUB0394,GPTZero,ai_generated,1,0.4488,1006,English,Graduate,0.3367,0.2773,1.0000
SUB0395,Copyleaks,human_written,0,0.4233,3525,Psychology,Junior,0.6946,0.3312,0.0000
SUB0396,Copyleaks,human_written,0,0.2780,994,Computer Science,Graduate,0.8097,0.3077,0.0201
SUB0397,Winston AI,human_written,0,0.7496,1139,Psychology,Sophomore,0.5351,0.2785,0.0220
SUB0398,Winston AI,human_written,0,0.5099,1272,Psychology,Graduate,0.4159,0.2472,0.1239
SUB0399,Turnitin,ai_generated,1,0.7996,4777,Chemistry,Graduate,0.6331,0.1660,0.9746
SUB0400,Turnitin,human_written,1,0.3261,3308,Biology,Freshman,0.6890,0.3852,0.0825
SUB0401,Copyleaks,mixed,0,0.4010,3179,Mathematics,Sophomore,0.6768,0.3165,0.3719
SUB0402,Turnitin,human_written,0,0.2817,2292,Computer Science,Freshman,0.5177,0.1328,0.1313
SUB0403,GPTZero,human_written,0,0.3725,716,Physics,Freshman,0.3923,0.3681,0.1748
SUB0404,Winston AI,human_written,0,0.7258,1139,English,Graduate,0.6195,0.4633,0.0652
SUB0405,Copyleaks,ai_generated,1,0.2718,1965,Physics,Freshman,0.2868,0.3694,0.9367
SUB0406,Winston AI,human_written,0,0.6736,673,Physics,Sophomore,0.4045,0.3348,0.1632
SUB0407,Turnitin,human_written,0,0.3215,545,History,Graduate,0.6375,0.3114,0.0262
SUB0408,Copyleaks,mixed,0,0.5100,3904,Biology,Junior,0.5216,0.1166,0.2450
SUB0409,Copyleaks,human_written,0,0.1880,2872,Psychology,Junior,0.6293,0.3721,0.0296
SUB0410,Copyleaks,human_written,0,0.4261,2317,Physics,Freshman,0.3476,0.2633,0.0446
SUB0411,Originality.ai,mixed,1,0.7402,3011,Chemistry,Junior,0.6712,0.1816,0.3356
SUB0412,Winston AI,human_written,0,0.4424,2203,Computer Science,Graduate,0.3087,0.3657,0.1854
SUB0413,Winston AI,mixed,1,0.6548,579,History,Graduate,0.4510,0.1968,0.5711
SUB0414,Winston AI,human_written,0,0.4956,2341,English,Freshman,0.8081,0.3148,0.0875
SUB0415,Winston AI,human_written,0,0.2057,837,Computer Science,Junior,0.5903,0.5865,0.1029
SUB0416,Winston AI,ai_generated,1,0.1420,4285,Mathematics,Junior,0.3020,0.2761,1.0000
SUB0417,Turnitin,human_written,0,0.2989,2211,Mathematics,Freshman,0.4598,0.3600,0.0534
SUB0418,Winston AI,mixed,0,0.5928,4890,History,Senior,0.5616,0.2829,0.4025
SUB0419,Winston AI,ai_generated,1,0.3438,1067,Chemistry,Graduate,0.4480,0.2725,0.8843
SUB0420,Winston AI,human_written,0,0.2089,4814,History,Freshman,0.5671,0.3004,0.1485
SUB0421,Turnitin,mixed,0,0.5668,2655,Computer Science,Junior,0.5213,0.3909,0.1781
SUB0422,Copyleaks,human_written,0,0.2069,3861,English,Graduate,0.5713,0.2538,0.0223
SUB0423,Copyleaks,ai_generated,1,0.7858,1543,English,Junior,0.4562,0.3509,0.9354
SUB0424,Turnitin,human_written,0,0.5778,3907,Computer Science,Senior,0.4938,0.5159,0.0527
SUB0425,Originality.ai,human_written,0,0.5437,1375,Computer Science,Junior,0.6606,0.2595,0.0340
SUB0426,GPTZero,human_written,0,0.7343,3884,Chemistry,Senior,0.3907,0.2153,0.0896
SUB0427,GPTZero,ai_generated,1,0.3993,3812,English,Junior,0.4629,0.3221,0.9148
SUB0428,GPTZero,ai_generated,1,0.0963,2007,Physics,Senior,0.6670,0.3426,0.9040
SUB0429,Copyleaks,human_written,0,0.2323,3237,Mathematics,Freshman,0.2978,0.2931,0.0564
SUB0430,Copyleaks,human_written,1,0.1703,4332,Mathematics,Senior,0.5695,0.3438,0.0363
SUB0431,GPTZero,human_written,0,0.0259,1984,Chemistry,Junior,0.7888,0.1897,0.1774
SUB0432,Winston AI,human_written,0,0.7162,4403,History,Freshman,0.4360,0.3343,0.1013
SUB0433,Winston AI,ai_generated,1,0.5103,4106,Mathematics,Sophomore,0.3060,0.3084,0.8220
SUB0434,GPTZero,ai_generated,1,0.1897,3993,History,Sophomore,0.7636,0.3022,1.0000
SUB0435,Copyleaks,human_written,0,0.4500,4425,Biology,Graduate,0.8043,0.2682,0.0000
SUB0436,Copyleaks,human_written,0,0.4768,4229,Psychology,Freshman,0.4813,0.3047,0.0000
SUB0437,Turnitin,human_written,0,0.5235,1801,Chemistry,Junior,0.3960,0.2131,0.0543
SUB0438,Turnitin,mixed,0,0.3722,4017,Chemistry,Senior,0.3982,0.4325,0.4794
SUB0439,GPTZero,mixed,0,0.7642,847,Psychology,Sophomore,0.4988,0.3090,0.6197
SUB0440,Copyleaks,human_written,0,0.6509,1522,Physics,Sophomore,0.5259,0.3523,0.0378
SUB0441,Winston AI,human_written,0,0.3238,1830,Physics,Graduate,0.5150,0.2786,0.0756
SUB0442,GPTZero,human_written,0,0.8028,4034,Physics,Graduate,0.2777,0.3818,0.1046
SUB0443,Originality.ai,human_written,0,0.5199,1068,English,Senior,0.4787,0.3878,0.0237
SUB0444,Originality.ai,ai_generated,1,0.2644,4214,Biology,Sophomore,0.3833,0.2420,0.8456
SUB0445,Turnitin,mixed,0,0.6449,3663,History,Freshman,0.3038,0.3227,0.4379
SUB0446,Originality.ai,ai_generated,1,0.1449,3427,Chemistry,Freshman,0.5982,0.2726,0.8249
SUB0447,Winston AI,mixed,0,0.2801,3797,English,Junior,0.8310,0.3080,0.0000
SUB0448,Winston AI,ai_generated,1,0.7673,2159,Chemistry,Junior,0.7467,0.1922,0.9643
SUB0449,Winston AI,mixed,1,0.4104,1431,Mathematics,Junior,0.4761,0.1226,0.3615
SUB0450,Copyleaks,human_written,0,0.5692,3947,Psychology,Junior,0.8279,0.0000,0.0216
SUB0451,Originality.ai,ai_generated,1,0.6986,4508,History,Freshman,0.5953,0.2639,0.6795
SUB0452,Copyleaks,ai_generated,1,0.3792,3738,Psychology,Junior,0.1452,0.1904,0.6310
SUB0453,Turnitin,ai_generated,1,0.5389,3945,Physics,Junior,0.1676,0.2805,0.9336
SUB0454,Turnitin,human_written,0,0.1788,4227,Biology,Junior,0.7018,0.1876,0.0613
SUB0455,Copyleaks,human_written,0,0.5347,3275,Biology,Freshman,0.5469,0.3855,0.0182
SUB0456,GPTZero,human_written,0,0.3784,4831,Chemistry,Senior,0.8316,0.3216,0.1558
SUB0457,Turnitin,mixed,0,0.5034,3717,Computer Science,Graduate,0.5650,0.3425,0.2332
SUB0458,Copyleaks,mixed,0,0.1963,3790,Mathematics,Senior,0.3217,0.2031,0.3736
SUB0459,Winston AI,ai_generated,1,0.4086,4361,Psychology,Sophomore,0.4208,0.0941,0.8717
SUB0460,Turnitin,mixed,1,0.2473,2618,Psychology,Freshman,0.4743,0.1759,0.3875
SUB0461,Turnitin,mixed,0,0.5311,2476,Computer Science,Graduate,0.5656,0.4833,0.2818
SUB0462,Copyleaks,human_written,0,0.6391,4638,Biology,Graduate,0.3239,0.2697,0.0346
SUB0463,Copyleaks,human_written,0,0.5171,4940,Mathematics,Senior,0.4429,0.3058,0.0000
SUB0464,Winston AI,ai_generated,1,0.3442,2419,Physics,Senior,0.6075,0.3426,0.9491
SUB0465,Winston AI,human_written,0,0.5178,1289,Computer Science,Senior,0.5665,0.3182,0.1399
SUB0466,Copyleaks,ai_generated,1,0.7461,1869,English,Sophomore,0.5474,0.3095,0.9957
SUB0467,Turnitin,human_written,0,0.2441,4167,History,Junior,0.4399,0.4585,0.0672
SUB0468,GPTZero,human_written,0,0.6888,1952,English,Senior,0.3727,0.2712,0.1545
SUB0469,Copyleaks,mixed,0,0.3130,973,Physics,Sophomore,0.4732,0.2407,0.2957
SUB0470,Originality.ai,ai_generated,0,0.6870,4371,English,Sophomore,0.4063,0.3053,0.6427
SUB0471,Turnitin,mixed,0,0.5993,3130,Computer Science,Graduate,0.3417,0.3309,0.4619
SUB0472,Turnitin,human_written,0,0.2595,2299,Psychology,Graduate,0.2753,0.2621,0.0616
SUB0473,Originality.ai,ai_generated,1,0.5841,936,Biology,Junior,0.6900,0.2029,0.7887
SUB0474,Copyleaks,human_written,1,0.4079,1070,Psychology,Freshman,0.5478,0.4563,0.0193
SUB0475,Turnitin,human_written,0,0.4258,3580,Mathematics,Junior,0.4352,0.3232,0.0222
SUB0476,Copyleaks,human_written,0,0.7523,4196,Chemistry,Sophomore,0.5885,0.3718,0.0000
SUB0477,Originality.ai,human_written,0,0.4216,3053,Computer Science,Junior,0.3709,0.2144,0.0044
SUB0478,Copyleaks,human_written,0,0.5831,4717,Computer Science,Sophomore,0.4986,0.2542,0.0202
SUB0479,GPTZero,human_written,1,0.5795,935,Psychology,Sophomore,0.6938,0.2575,0.2312
SUB0480,Originality.ai,ai_generated,1,0.5969,3291,Biology,Graduate,0.7777,0.4766,0.8481
SUB0481,Turnitin,ai_generated,1,0.3051,4082,Computer Science,Sophomore,0.1616,0.3431,0.8674
SUB0482,Winston AI,ai_generated,1,0.2013,2167,Biology,Junior,0.4235,0.4747,0.7292
SUB0483,Winston AI,ai_generated,1,0.3078,2993,English,Graduate,0.5808,0.2082,0.9234
SUB0484,GPTZero,human_written,0,0.6455,4764,English,Senior,0.3857,0.4123,0.1984
SUB0485,Winston AI,ai_generated,1,0.5556,4593,English,Junior,0.8695,0.2891,1.0000
SUB0486,Originality.ai,human_written,0,0.3238,2774,Mathematics,Senior,0.4703,0.2660,0.0288
SUB0487,Turnitin,human_written,0,0.5241,2913,Computer Science,Junior,0.6076,0.2738,0.0598
SUB0488,GPTZero,mixed,1,0.0471,4789,English,Graduate,0.3844,0.1213,0.9337
SUB0489,Originality.ai,mixed,0,0.5091,4555,Physics,Sophomore,0.6060,0.2916,0.3051
SUB0490,GPTZero,ai_generated,1,0.4385,3346,Mathematics,Sophomore,0.3716,0.3385,1.0000
SUB0491,Turnitin,ai_generated,1,0.6529,4354,Biology,Junior,0.5311,0.3919,0.8592
SUB0492,Turnitin,mixed,1,0.4744,2183,English,Graduate,0.6166,0.2735,0.5430
SUB0493,Copyleaks,mixed,1,0.4453,1738,History,Senior,0.4948,0.3906,0.7218
SUB0494,GPTZero,human_written,0,0.3061,4365,Physics,Senior,0.4928,0.1557,0.1691
SUB0495,Turnitin,mixed,1,0.2631,1306,Computer Science,Freshman,0.4832,0.2547,0.2248
SUB0496,Copyleaks,ai_generated,0,0.2905,504,English,Freshman,0.3479,0.2690,0.8392
SUB0497,Copyleaks,ai_generated,1,0.2910,4533,English,Sophomore,0.5439,0.1120,0.6631
SUB0498,Turnitin,human_written,0,0.2318,3607,Biology,Junior,0.0632,0.1262,0.1131
SUB0499,Copyleaks,ai_generated,1,0.1760,4555,Physics,Graduate,0.5929,0.2624,0.7544
SUB0500,Copyleaks,ai_generated,1,0.4595,1405,Computer Science,Senior,0.3057,0.2903,0.8773
SUB0501,Winston AI,human_written,0,0.8013,2425,Computer Science,Freshman,0.5029,0.3933,0.1610
SUB0502,Originality.ai,ai_generated,1,0.4127,4605,History,Sophomore,0.3681,0.1973,0.8350
SUB0503,Turnitin,mixed,1,0.0587,2754,Biology,Junior,0.6311,0.3173,0.3999
SUB0504,GPTZero,human_written,0,0.3024,1757,English,Senior,0.5142,0.1578,0.1252
SUB0505,GPTZero,human_written,0,0.4315,3579,Psychology,Junior,0.5398,0.2351,0.1765
SUB0506,Winston AI,human_written,0,0.2791,3304,Mathematics,Graduate,0.5697,0.3707,0.1294
SUB0507,Copyleaks,mixed,1,0.4073,1027,Chemistry,Graduate,0.6154,0.2483,0.3289
SUB0508,Originality.ai,human_written,0,0.3830,2703,Psychology,Sophomore,0.4005,0.3296,0.0041
SUB0509,Originality.ai,human_written,0,0.4853,1368,History,Junior,0.7966,0.3507,0.0000
SUB0510,Turnitin,ai_generated,1,0.2944,2593,Chemistry,Freshman,0.4922,0.3157,0.9395
SUB0511,Turnitin,mixed,1,0.3380,3394,Physics,Senior,0.3414,0.3623,0.3825
SUB0512,Originality.ai,ai_generated,1,0.3475,1814,History,Senior,0.4424,0.3565,0.8684
SUB0513,Turnitin,ai_generated,1,0.3263,4487,English,Sophomore,0.7644,0.2492,0.6785
SUB0514,Turnitin,mixed,1,0.4048,1588,English,Senior,0.4236,0.3859,0.5993
SUB0515,GPTZero,mixed,1,0.5866,1368,Psychology,Sophomore,0.5259,0.2817,0.6308
SUB0516,Turnitin,mixed,0,0.8053,732,English,Sophomore,0.5647,0.2008,0.4574
SUB0517,Turnitin,human_written,0,0.4405,2381,Psychology,Sophomore,0.5425,0.2746,0.0009
SUB0518,Winston AI,mixed,0,0.1289,2340,Physics,Junior,0.3520,0.3314,0.4179
SUB0519,Originality.ai,ai_generated,0,0.6884,4633,Computer Science,Freshman,0.5938,0.2777,0.7693
SUB0520,GPTZero,human_written,0,0.5078,2941,English,Junior,0.5603,0.2128,0.1891
SUB0521,GPTZero,mixed,1,0.3667,594,Biology,Graduate,0.8090,0.2157,0.5568
SUB0522,Copyleaks,ai_generated,1,0.1754,753,Computer Science,Freshman,0.4810,0.2055,0.7948
SUB0523,GPTZero,ai_generated,1,0.5271,4351,Biology,Junior,0.3447,0.3881,0.9547
SUB0524,GPTZero,ai_generated,1,0.6406,1226,Biology,Sophomore,0.1846,0.3107,0.9866
SUB0525,Originality.ai,human_written,0,0.4225,1355,Psychology,Junior,0.4710,0.3897,0.0127
SUB0526,Copyleaks,human_written,0,0.3535,4564,Physics,Senior,0.4041,0.2048,0.0000
SUB0527,GPTZero,ai_generated,1,0.7354,1776,Computer Science,Senior,0.3655,0.3573,1.0000
SUB0528,Winston AI,human_written,0,0.5499,3703,Mathematics,Sophomore,0.4795,0.1934,0.0795
SUB0529,Copyleaks,ai_generated,1,0.2756,660,English,Graduate,0.6046,0.2652,0.7043
SUB0530,Originality.ai,mixed,1,0.7827,4330,Mathematics,Graduate,0.3156,0.3733,0.5567
SUB0531,Winston AI,ai_generated,1,0.2763,4626,English,Sophomore,0.7299,0.3421,1.0000
SUB0532,Winston AI,human_written,0,0.6822,2143,English,Senior,0.4022,0.2191,0.1667
SUB0533,Originality.ai,human_written,0,0.0977,1805,Computer Science,Freshman,0.5856,0.3994,0.0366
SUB0534,Copyleaks,human_written,0,0.8398,1362,Chemistry,Senior,0.3127,0.2687,0.0000
SUB0535,Copyleaks,mixed,0,0.6378,1936,English,Senior,0.4933,0.1057,0.3045
SUB0536,Copyleaks,ai_generated,1,0.4707,2187,Psychology,Graduate,0.4847,0.2928,0.8387
SUB0537,Copyleaks,mixed,1,0.2337,4266,Biology,Freshman,0.6886,0.2467,0.2160
SUB0538,Copyleaks,mixed,0,0.2473,1739,History,Sophomore,0.5752,0.1929,0.5251
SUB0539,GPTZero,human_written,1,0.0596,2525,Psychology,Junior,0.5655,0.3801,0.1682
SUB0540,Turnitin,mixed,1,0.3962,613,Mathematics,Freshman,0.1505,0.4053,0.1236
SUB0541,Originality.ai,ai_generated,1,0.2802,1756,History,Senior,0.6820,0.3533,0.7383
SUB0542,Winston AI,mixed,1,0.8015,2734,Computer Science,Junior,0.2322,0.1506,0.5071
SUB0543,Originality.ai,human_written,0,0.1478,2719,Computer Science,Freshman,0.6766,0.1688,0.0161
SUB0544,Originality.ai,mixed,1,0.0326,2122,History,Sophomore,0.7052,0.1292,0.3346
SUB0545,Turnitin,human_written,0,0.5837,1066,English,Sophomore,0.4381,0.4572,0.0533
SUB0546,Originality.ai,mixed,0,0.7868,1512,Mathematics,Junior,0.3600,0.3673,0.3130
SUB0547,Winston AI,human_written,1,0.0337,1350,Physics,Freshman,0.4644,0.3339,0.1483
SUB0548,Winston AI,ai_generated,1,0.4841,674,Chemistry,Sophomore,0.7912,0.3092,0.9462
SUB0549,GPTZero,ai_generated,1,0.2403,2786,English,Graduate,0.4366,0.1695,0.8961
SUB0550,GPTZero,ai_generated,1,0.3738,4527,Psychology,Senior,0.6716,0.2746,1.0000
SUB0551,GPTZero,mixed,1,0.7126,3995,History,Graduate,0.4895,0.2551,0.4391
SUB0552,Originality.ai,human_written,0,0.6841,2855,Chemistry,Junior,0.7116,0.2690,0.0000
SUB0553,Originality.ai,ai_generated,1,0.4493,2188,Psychology,Sophomore,0.5575,0.3929,0.8225
SUB0554,Turnitin,mixed,1,0.1841,866,Psychology,Graduate,0.5571,0.4546,0.4131
SUB0555,GPTZero,mixed,0,0.2399,1808,English,Graduate,0.5464,0.1348,0.3497
SUB0556,GPTZero,human_written,0,0.3147,3831,Biology,Senior,0.4560,0.2555,0.1660
SUB0557,Copyleaks,human_written,0,0.1030,4062,Physics,Sophomore,0.2617,0.4073,0.0579
SUB0558,Copyleaks,human_written,0,0.4446,3544,Psychology,Senior,0.5662,0.3709,0.0281
SUB0559,Turnitin,mixed,0,0.5727,3959,Chemistry,Graduate,0.4957,0.2599,0.5166
SUB0560,Copyleaks,human_written,0,0.2330,1889,English,Senior,0.7034,0.2640,0.0046
SUB0561,Winston AI,human_written,0,0.2791,2974,Psychology,Junior,0.5339,0.3226,0.1113
SUB0562,Originality.ai,human_written,0,0.3034,1736,Psychology,Senior,0.3427,0.3863,0.0000
SUB0563,Originality.ai,mixed,0,0.6231,1468,Biology,Senior,0.2363,0.2749,0.2042
SUB0564,Winston AI,mixed,1,0.4445,3454,Biology,Sophomore,0.4919,0.3379,0.4550
SUB0565,Winston AI,human_written,0,0.6376,2274,English,Sophomore,0.7187,0.3129,0.1140
SUB0566,GPTZero,ai_generated,1,0.5505,1051,History,Sophomore,0.5552,0.4022,1.0000
SUB0567,Turnitin,ai_generated,0,0.4135,2507,Computer Science,Senior,0.6566,0.3122,0.6930
SUB0568,Originality.ai,human_written,0,0.2601,4499,Mathematics,Senior,0.4691,0.2625,0.0000
SUB0569,Turnitin,ai_generated,1,0.4079,1293,Mathematics,Sophomore,0.4046,0.2373,0.8289
SUB0570,Turnitin,human_written,0,0.3975,4466,Chemistry,Junior,0.6244,0.2850,0.0010
SUB0571,Winston AI,human_written,0,0.3019,1402,Computer Science,Sophomore,0.5845,0.2453,0.0821
SUB0572,Turnitin,human_written,0,0.5126,1213,Computer Science,Senior,0.5663,0.2855,0.0370
SUB0573,Originality.ai,mixed,0,0.1745,4936,English,Freshman,0.5266,0.3370,0.3126
SUB0574,Turnitin,human_written,0,0.5108,3462,History,Sophomore,0.6049,0.2816,0.0601
SUB0575,Copyleaks,human_written,0,0.3229,1748,Mathematics,Junior,0.5697,0.4224,0.0258
SUB0576,Originality.ai,human_written,0,0.2467,4100,Computer Science,Freshman,0.5094,0.3763,0.0000
SUB0577,Turnitin,human_written,0,0.7857,630,Chemistry,Senior,0.5687,0.4239,0.0000
SUB0578,GPTZero,ai_generated,1,0.2956,4978,Physics,Graduate,0.4323,0.3124,1.0000
SUB0579,GPTZero,mixed,1,0.3362,4728,History,Freshman,0.2462,0.3796,0.7048
SUB0580,Copyleaks,ai_generated,1,0.3998,1604,History,Graduate,0.5453,0.3734,0.9129
SUB0581,Originality.ai,mixed,0,0.8645,940,Chemistry,Freshman,0.3596,0.2922,0.1813
SUB0582,Winston AI,human_written,0,0.0838,1868,Biology,Junior,0.2807,0.2704,0.1512
SUB0583,Originality.ai,mixed,0,0.5421,4724,History,Freshman,0.3252,0.3610,0.1874
SUB0584,Winston AI,ai_generated,1,0.5895,4970,Physics,Senior,0.5422,0.2258,0.9208
SUB0585,Originality.ai,ai_generated,1,0.1475,1630,Chemistry,Freshman,0.5660,0.4177,0.8160
SUB0586,Turnitin,human_written,0,0.3392,4193,Mathematics,Freshman,0.3837,0.1117,0.0043
SUB0587,Originality.ai,human_written,0,0.5468,2446,Physics,Freshman,0.3347,0.4809,0.0000
SUB0588,Originality.ai,mixed,1,0.2128,2058,Biology,Sophomore,0.5682,0.2934,0.3888
SUB0589,Winston AI,human_written,0,0.1196,2644,Physics,Sophomore,0.6959,0.3907,0.1455
SUB0590,Originality.ai,ai_generated,1,0.6168,4756,History,Junior,0.5290,0.2442,0.7858
SUB0591,Originality.ai,ai_generated,1,0.3448,3451,English,Junior,0.5976,0.4179,0.6559
SUB0592,Winston AI,human_written,1,0.1934,1272,Biology,Junior,0.2871,0.2143,0.1359
SUB0593,Turnitin,ai_generated,1,0.4798,1060,Physics,Freshman,0.4401,0.3085,0.8572
SUB0594,GPTZero,ai_generated,1,0.3517,3760,Physics,Freshman,0.7964,0.5296,0.8096
SUB0595,Winston AI,human_written,0,0.6681,3910,History,Senior,0.5541,0.3180,0.1013
SUB0596,Copyleaks,ai_generated,0,0.4257,3581,Biology,Senior,0.2688,0.3620,0.6611
SUB0597,Winston AI,human_written,0,0.3642,2756,History,Freshman,0.4235,0.3004,0.1234
SUB0598,Originality.ai,human_written,0,0.2016,519,Physics,Freshman,0.1272,0.1960,0.0000
SUB0599,Turnitin,human_written,0,0.3480,1735,History,Freshman,0.4469,0.2376,0.0319
SUB0600,GPTZero,ai_generated,1,0.2415,2946,History,Sophomore,0.2702,0.1526,0.9471
SUB0601,Originality.ai,human_written,0,0.2529,1237,Chemistry,Senior,0.5854,0.4556,0.0074
SUB0602,Turnitin,human_written,0,0.7566,1873,History,Junior,0.4395,0.3822,0.0938
SUB0603,Copyleaks,human_written,1,0.2939,1262,Biology,Senior,0.5424,0.3046,0.0127
SUB0604,Copyleaks,ai_generated,1,0.3633,2193,Biology,Senior,0.7713,0.3896,0.7243
SUB0605,Turnitin,human_written,0,0.6463,2384,Biology,Freshman,0.3768,0.2610,0.0493
SUB0606,Winston AI,human_written,0,0.7486,894,Biology,Freshman,0.3958,0.3961,0.1110
SUB0607,GPTZero,mixed,1,0.5073,1945,Chemistry,Freshman,0.6348,0.2657,0.9565
SUB0608,Copyleaks,human_written,0,0.4758,2456,Psychology,Freshman,0.6611,0.2627,0.0629
SUB0609,Copyleaks,ai_generated,0,0.7600,1517,English,Freshman,0.7366,0.2793,0.6432
SUB0610,Winston AI,ai_generated,0,0.8502,2556,Psychology,Junior,0.6302,0.3227,0.8410
SUB0611,Copyleaks,ai_generated,1,0.1311,3561,English,Freshman,0.5312,0.1929,0.7416
SUB0612,GPTZero,ai_generated,1,0.4090,583,Physics,Junior,0.3631,0.3701,1.0000
SUB0613,GPTZero,ai_generated,1,0.6122,2624,History,Graduate,0.4261,0.2554,0.8996
SUB0614,Originality.ai,human_written,0,0.4069,3282,English,Senior,0.7343,0.2296,0.0000
SUB0615,Winston AI,human_written,0,0.5671,2197,Psychology,Freshman,0.3147,0.2852,0.1178
SUB0616,Copyleaks,human_written,0,0.3490,2169,History,Freshman,0.5325,0.3655,0.0357
SUB0617,Turnitin,human_written,0,0.0959,3360,Physics,Sophomore,0.5830,0.3988,0.0225
SUB0618,Originality.ai,ai_generated,1,0.2104,3291,Mathematics,Junior,0.2835,0.4701,0.9068
SUB0619,Copyleaks,human_written,0,0.1318,703,Computer Science,Graduate,0.4675,0.3276,0.0370
SUB0620,Turnitin,human_written,0,0.4287,4042,Psychology,Sophomore,0.7431,0.3485,0.0957
SUB0621,Originality.ai,ai_generated,1,0.4414,2872,Biology,Senior,0.4885,0.2597,0.9073
SUB0622,Originality.ai,human_written,0,0.6252,623,Physics,Junior,0.5899,0.3176,0.0000
SUB0623,Turnitin,ai_generated,1,0.2609,2193,History,Graduate,0.4164,0.2952,0.8289
SUB0624,Turnitin,human_written,0,0.2402,1976,History,Freshman,0.5923,0.2248,0.0270
SUB0625,Originality.ai,ai_generated,1,0.1533,3822,Psychology,Graduate,0.5185,0.2785,0.5975
SUB0626,Copyleaks,ai_generated,1,0.3507,4856,Chemistry,Senior,0.5709,0.0278,0.8366
SUB0627,Winston AI,mixed,0,0.2814,1453,History,Senior,0.4352,0.1887,0.2259
SUB0628,Turnitin,ai_generated,0,0.1344,1207,History,Junior,0.0971,0.1268,0.8107
SUB0629,Copyleaks,human_written,0,0.0741,4708,Mathematics,Junior,0.3354,0.2377,0.0351
SUB0630,Originality.ai,human_written,0,0.9213,3175,Psychology,Graduate,0.5752,0.3236,0.0521
SUB0631,Turnitin,ai_generated,1,0.2307,4882,Biology,Freshman,0.5351,0.3766,0.7418
SUB0632,GPTZero,ai_generated,1,0.2111,3889,Mathematics,Freshman,0.4568,0.3234,1.0000
SUB0633,Winston AI,human_written,0,0.5908,2328,History,Sophomore,0.7182,0.4881,0.1464
SUB0634,GPTZero,ai_generated,1,0.3095,3631,History,Junior,0.4214,0.3693,0.9550
SUB0635,Copyleaks,human_written,0,0.5194,1158,Psychology,Senior,0.4447,0.2211,0.0499
SUB0636,Winston AI,human_written,0,0.3520,1467,Biology,Senior,0.7588,0.3938,0.1495
SUB0637,Winston AI,human_written,0,0.7774,4800,Physics,Graduate,0.4169,0.1147,0.1453
SUB0638,Copyleaks,human_written,0,0.7040,2724,Computer Science,Freshman,0.2754,0.2682,0.0245
SUB0639,Turnitin,human_written,0,0.4834,1717,Computer Science,Freshman,0.4346,0.2967,0.0512
SUB0640,Turnitin,mixed,1,0.5399,4291,English,Junior,0.5423,0.2852,0.4758
SUB0641,Originality.ai,mixed,0,0.3112,2728,Mathematics,Senior,0.4287,0.2913,0.5169
SUB0642,Winston AI,mixed,1,0.1926,1605,Psychology,Sophomore,0.7904,0.2413,0.3673
SUB0643,GPTZero,human_written,0,0.3585,4056,Physics,Sophomore,0.6630,0.3446,0.2072
SUB0644,Copyleaks,mixed,0,0.2354,987,Mathematics,Junior,0.5375,0.2465,0.3839
SUB0645,Winston AI,human_written,0,0.1971,3021,Biology,Sophomore,0.4741,0.3115,0.1341
SUB0646,GPTZero,mixed,1,0.4070,1718,Chemistry,Senior,0.3314,0.2477,0.6318
SUB0647,Originality.ai,mixed,0,0.4902,4950,Biology,Graduate,0.4394,0.2845,0.2891
SUB0648,Winston AI,human_written,0,0.3878,4724,History,Junior,0.4002,0.2749,0.1827
SUB0649,Winston AI,ai_generated,1,0.2846,2417,History,Senior,0.5394,0.3245,0.8057
SUB0650,Copyleaks,ai_generated,1,0.6613,2281,Physics,Graduate,0.4111,0.3692,0.6425
SUB0651,Turnitin,human_written,0,0.3331,3522,Mathematics,Senior,0.4123,0.1233,0.1171
SUB0652,Winston AI,ai_generated,1,0.0756,3936,History,Sophomore,0.5978,0.4420,1.0000
SUB0653,Copyleaks,human_written,0,0.2403,4870,History,Graduate,0.6386,0.1111,0.0044
SUB0654,Winston AI,mixed,1,0.4118,1588,Computer Science,Senior,0.6568,0.2229,0.6754
SUB0655,Winston AI,ai_generated,1,0.2372,2193,Mathematics,Graduate,0.5591,0.4031,0.9273
SUB0656,GPTZero,ai_generated,1,0.3758,637,English,Sophomore,0.2144,0.3527,0.7835
SUB0657,Originality.ai,human_written,0,0.4606,669,English,Freshman,0.3887,0.1540,0.0044
SUB0658,GPTZero,human_written,0,0.1924,2939,Psychology,Junior,0.3563,0.2048,0.1295
SUB0659,Winston AI,human_written,0,0.4402,3511,History,Junior,0.3542,0.3573,0.1392
SUB0660,Originality.ai,human_written,0,0.2172,3479,Physics,Graduate,0.6123,0.1739,0.0000
SUB0661,Winston AI,ai_generated,1,0.1696,1243,Mathematics,Sophomore,0.5272,0.2479,0.9080
SUB0662,Originality.ai,human_written,0,0.4875,2345,Chemistry,Senior,0.2796,0.3778,0.0022
SUB0663,Winston AI,human_written,0,0.4594,3917,Psychology,Junior,0.4857,0.1588,0.1350
SUB0664,GPTZero,ai_generated,1,0.7575,3612,Mathematics,Sophomore,0.3235,0.2846,1.0000
SUB0665,Turnitin,ai_generated,1,0.2226,3356,English,Graduate,0.4041,0.1605,0.6711
SUB0666,Winston AI,ai_generated,1,0.3848,4242,History,Freshman,0.4409,0.1889,1.0000
SUB0667,Turnitin,human_written,0,0.4902,2163,Biology,Graduate,0.6840,0.4778,0.0942
SUB0668,GPTZero,human_written,0,0.2639,2565,Psychology,Sophomore,0.5985,0.2988,0.1250
SUB0669,Copyleaks,ai_generated,1,0.6630,1369,Psychology,Freshman,0.5174,0.3226,0.9719
SUB0670,GPTZero,human_written,0,0.6446,749,Physics,Freshman,0.7142,0.4041,0.1726
SUB0671,Turnitin,mixed,1,0.3874,761,Biology,Sophomore,0.5130,0.4777,0.3676
SUB0672,Copyleaks,human_written,0,0.5705,2176,Physics,Sophomore,0.5589,0.3640,0.0000
SUB0673,GPTZero,mixed,1,0.5648,4507,English,Freshman,0.7249,0.2307,0.4218
SUB0674,Copyleaks,mixed,1,0.1240,2970,Mathematics,Graduate,0.6709,0.4198,0.3272
SUB0675,Winston AI,human_written,0,0.3052,3170,Psychology,Freshman,0.4603,0.1579,0.1266
SUB0676,Turnitin,ai_generated,1,0.3901,4247,English,Sophomore,0.1918,0.3410,0.9269
SUB0677,Originality.ai,mixed,0,0.1943,902,Chemistry,Junior,0.4876,0.3657,0.5406
SUB0678,Winston AI,human_written,0,0.6049,1717,Psychology,Freshman,0.3853,0.4404,0.1374
SUB0679,Winston AI,human_written,0,0.2749,1740,History,Junior,0.6170,0.2940,0.1038
SUB0680,Turnitin,mixed,0,0.1246,4311,Mathematics,Senior,0.6552,0.1960,0.3671
SUB0681,Copyleaks,human_written,0,0.4810,2341,English,Freshman,0.5331,0.3580,0.0302
SUB0682,GPTZero,mixed,1,0.4161,4674,Chemistry,Freshman,0.1874,0.4672,0.7069
SUB0683,Originality.ai,human_written,0,0.8292,2298,Psychology,Senior,0.4780,0.3619,0.0231
SUB0684,Winston AI,ai_generated,0,0.5542,2384,History,Sophomore,0.4971,0.1842,0.7575
SUB0685,Turnitin,human_written,0,0.3372,1360,Chemistry,Freshman,0.4807,0.1590,0.0384
SUB0686,Copyleaks,ai_generated,1,0.2154,752,Physics,Freshman,0.1909,0.2818,0.7259
SUB0687,GPTZero,human_written,0,0.2956,2353,English,Senior,0.6882,0.4252,0.1637
SUB0688,Originality.ai,human_written,0,0.5128,3783,English,Senior,0.3578,0.4495,0.0231
SUB0689,Originality.ai,ai_generated,1,0.2372,3563,Biology,Senior,0.3088,0.2547,0.8621
SUB0690,Originality.ai,ai_generated,0,0.1517,3624,Chemistry,Freshman,0.4825,0.2741,0.7503
SUB0691,Originality.ai,human_written,0,0.2477,2182,History,Sophomore,0.3388,0.2007,0.0000
SUB0692,GPTZero,human_written,0,0.6440,3236,Biology,Graduate,0.6499,0.3877,0.0464
SUB0693,GPTZero,human_written,1,0.5608,1147,Mathematics,Junior,0.3317,0.2713,0.1809
SUB0694,Copyleaks,mixed,0,0.3681,678,Chemistry,Junior,0.4397,0.2676,0.2104
SUB0695,Originality.ai,ai_generated,1,0.1632,4858,English,Senior,0.5790,0.4116,0.7844
SUB0696,Turnitin,human_written,0,0.3220,4690,English,Senior,0.4316,0.3462,0.0405
SUB0697,GPTZero,human_written,0,0.2906,913,Biology,Senior,0.4359,0.3291,0.1104
SUB0698,Originality.ai,human_written,0,0.3608,2982,Computer Science,Sophomore,0.3709,0.1964,0.0000
SUB0699,GPTZero,human_written,0,0.7758,967,Computer Science,Sophomore,0.6248,0.3286,0.1216
SUB0700,Winston AI,ai_generated,1,0.3104,1857,Biology,Graduate,0.6579,0.0438,0.9755
SUB0701,Turnitin,human_written,0,0.4759,736,English,Senior,0.3691,0.4553,0.0016
SUB0702,Winston AI,human_written,1,0.6688,3854,Computer Science,Junior,0.4584,0.2929,0.1532
SUB0703,Turnitin,human_written,0,0.4419,3463,Computer Science,Junior,0.5064,0.5827,0.1247
SUB0704,Copyleaks,human_written,0,0.5600,2029,English,Junior,0.3867,0.5233,0.0000
SUB0705,Turnitin,human_written,0,0.5963,2518,Physics,Junior,0.5638,0.5096,0.0362
SUB0706,Copyleaks,ai_generated,1,0.5566,1281,English,Graduate,0.4254,0.3813,0.8292
SUB0707,Turnitin,human_written,0,0.5704,2763,Biology,Graduate,0.4182,0.0658,0.0590
SUB0708,Turnitin,mixed,0,0.5538,3175,Computer Science,Junior,0.7418,0.3154,0.2327
SUB0709,Turnitin,human_written,0,0.2464,792,Physics,Senior,0.7725,0.1840,0.0681
SUB0710,GPTZero,ai_generated,1,0.6464,2094,Biology,Junior,0.4778,0.3466,1.0000
SUB0711,Originality.ai,ai_generated,1,0.5490,4637,Psychology,Junior,0.3879,0.3702,0.8125
SUB0712,Winston AI,human_written,0,0.6956,719,Mathematics,Junior,0.6828,0.2192,0.1515
SUB0713,GPTZero,human_written,0,0.6218,1211,Psychology,Sophomore,0.3734,0.4104,0.1846
SUB0714,GPTZero,human_written,1,0.5368,4978,Mathematics,Senior,0.4994,0.3859,0.1937
SUB0715,Turnitin,human_written,0,0.1901,1634,English,Freshman,0.5966,0.1939,0.0878
SUB0716,Turnitin,human_written,0,0.1960,3120,English,Freshman,0.8470,0.2200,0.0000
SUB0717,Originality.ai,human_written,0,0.0140,4373,Biology,Freshman,0.5402,0.2345,0.0058
SUB0718,Winston AI,human_written,0,0.7794,4098,Biology,Freshman,0.5331,0.2957,0.0416
SUB0719,Turnitin,human_written,0,0.8500,3752,Physics,Sophomore,0.4498,0.2419,0.0814
SUB0720,Winston AI,human_written,0,0.1334,3472,Biology,Senior,0.2163,0.3534,0.1286
SUB0721,Copyleaks,mixed,0,0.1633,2495,Psychology,Sophomore,0.5936,0.2299,0.5164
SUB0722,Turnitin,ai_generated,1,0.4183,4761,Computer Science,Junior,0.4769,0.3090,0.7200
SUB0723,Turnitin,ai_generated,1,0.2274,4866,Biology,Graduate,0.6347,0.1477,0.6548
SUB0724,Originality.ai,human_written,0,0.2417,2006,Chemistry,Senior,0.5502,0.4840,0.0342
SUB0725,Turnitin,human_written,0,0.5309,3644,History,Senior,0.6356,0.2523,0.0647
SUB0726,GPTZero,human_written,1,0.6059,1566,Computer Science,Sophomore,0.5268,0.2114,0.1391
SUB0727,Winston AI,human_written,0,0.4757,2624,Computer Science,Graduate,0.4759,0.2720,0.1216
SUB0728,Originality.ai,ai_generated,1,0.2189,2212,English,Sophomore,0.4937,0.4821,0.7659
SUB0729,Winston AI,human_written,0,0.3927,4337,Chemistry,Sophomore,0.3055,0.2230,0.1112
SUB0730,Originality.ai,mixed,0,0.1422,3809,Mathematics,Junior,0.6436,0.3985,0.4031
SUB0731,Copyleaks,mixed,0,0.9327,2230,English,Sophomore,0.6692,0.4036,0.4836
SUB0732,Copyleaks,mixed,1,0.7175,1154,Physics,Senior,0.4467,0.2776,0.6527
SUB0733,Originality.ai,mixed,1,0.2757,742,History,Senior,0.6744,0.3214,0.3355
SUB0734,Copyleaks,human_written,0,0.6137,4602,Mathematics,Graduate,0.4543,0.3621,0.0000
SUB0735,GPTZero,human_written,0,0.3926,1820,Computer Science,Senior,0.2949,0.3213,0.1173
SUB0736,Turnitin,human_written,1,0.3831,3497,History,Sophomore,0.5280,0.1474,0.0807
SUB0737,Turnitin,ai_generated,1,0.5278,4027,Mathematics,Sophomore,0.2999,0.3339,0.9233
SUB0738,GPTZero,ai_generated,1,0.6696,1111,Physics,Sophomore,0.4842,0.2600,1.0000
SUB0739,GPTZero,human_written,0,0.4357,2998,Chemistry,Freshman,0.4295,0.2991,0.1332
SUB0740,Winston AI,mixed,0,0.3695,663,History,Graduate,0.3633,0.2666,0.2221
SUB0741,GPTZero,human_written,0,0.3805,932,Psychology,Senior,0.4931,0.3859,0.1257
SUB0742,Copyleaks,ai_generated,1,0.3579,1197,Psychology,Graduate,0.5689,0.3914,0.8334
SUB0743,Originality.ai,mixed,1,0.4296,3785,Psychology,Junior,0.6651,0.3302,0.5475
SUB0744,Winston AI,ai_generated,1,0.5142,4151,Biology,Senior,0.5924,0.2697,0.7970
SUB0745,Turnitin,human_written,0,0.5037,2076,Physics,Graduate,0.7016,0.3547,0.0100
SUB0746,GPTZero,human_written,1,0.3205,3074,Biology,Sophomore,0.4637,0.2189,0.1727
SUB0747,Winston AI,human_written,0,0.6399,1729,Chemistry,Freshman,0.1979,0.4330,0.1034
SUB0748,Originality.ai,human_written,0,0.3984,669,Biology,Graduate,0.5017,0.1835,0.0000
SUB0749,Winston AI,human_written,0,0.4174,1084,History,Graduate,0.4213,0.3364,0.1605
SUB0750,GPTZero,ai_generated,1,0.4973,805,English,Graduate,0.3748,0.2309,0.9618
SUB0751,Winston AI,ai_generated,1,0.2114,3099,Biology,Senior,0.5708,0.2188,1.0000
SUB0752,GPTZero,human_written,0,0.4281,4538,English,Graduate,0.5052,0.2358,0.1490
SUB0753,Turnitin,mixed,0,0.3374,2215,English,Senior,0.5556,0.2980,0.2066
SUB0754,Copyleaks,mixed,1,0.4359,1456,Mathematics,Graduate,0.7796,0.2682,0.2998
SUB0755,GPTZero,ai_generated,1,0.5625,2682,Chemistry,Sophomore,0.3154,0.3369,0.7327
SUB0756,Turnitin,human_written,0,0.5279,4005,Physics,Freshman,0.6771,0.2859,0.0668
SUB0757,Originality.ai,human_written,0,0.6878,2999,Biology,Senior,0.2599,0.1887,0.0000
SUB0758,GPTZero,human_written,0,0.6373,983,Computer Science,Junior,0.3779,0.3180,0.1568
SUB0759,Winston AI,mixed,0,0.3950,4142,History,Sophomore,0.5708,0.3909,0.5312
SUB0760,Turnitin,mixed,1,0.7127,3602,Biology,Senior,0.5971,0.1093,0.3078
SUB0761,GPTZero,human_written,0,0.2006,714,Psychology,Graduate,0.5209,0.1012,0.1670
SUB0762,Winston AI,ai_generated,1,0.2275,4221,Chemistry,Graduate,0.6175,0.3275,1.0000
SUB0763,Copyleaks,human_written,0,0.0341,4929,Psychology,Junior,0.3426,0.3685,0.0008
SUB0764,Originality.ai,ai_generated,1,0.3181,1285,English,Senior,0.6082,0.3538,0.6763
SUB0765,Originality.ai,human_written,0,0.5956,3316,Mathematics,Sophomore,0.4194,0.3469,0.0365
SUB0766,Originality.ai,mixed,0,0.1558,2107,Chemistry,Graduate,0.4487,0.2345,0.2936
SUB0767,Originality.ai,ai_generated,1,0.0468,1585,Physics,Freshman,0.6879,0.2589,0.8095
SUB0768,Copyleaks,ai_generated,1,0.5618,3320,History,Graduate,0.4847,0.2736,0.7467
SUB0769,Copyleaks,human_written,0,0.1887,1768,English,Graduate,0.5716,0.2083,0.0090
SUB0770,Originality.ai,human_written,0,0.2459,631,Physics,Junior,0.3067,0.1528,0.0000
SUB0771,Turnitin,human_written,0,0.5708,3376,Psychology,Sophomore,0.6466,0.3180,0.0485
SUB0772,Turnitin,human_written,0,0.1858,3052,Physics,Sophomore,0.0550,0.2985,0.0390
SUB0773,Originality.ai,mixed,0,0.0670,2367,Chemistry,Graduate,0.3706,0.3080,0.3378
SUB0774,Winston AI,ai_generated,1,0.6011,4013,History,Freshman,0.6222,0.3450,0.8102
SUB0775,Winston AI,human_written,0,0.0711,1539,Psychology,Senior,0.6197,0.2778,0.1603
SUB0776,Winston AI,human_written,0,0.3961,3911,English,Sophomore,0.3563,0.2671,0.1490
SUB0777,Originality.ai,ai_generated,1,0.1939,1086,History,Sophomore,0.5663,0.4627,0.8327
SUB0778,Copyleaks,ai_generated,1,0.7880,2022,Psychology,Sophomore,0.7325,0.3791,0.7908
SUB0779,Copyleaks,ai_generated,1,0.3117,4259,Biology,Graduate,0.3536,0.2232,0.8358
SUB0780,Winston AI,human_written,0,0.5132,4103,Physics,Sophomore,0.4526,0.2500,0.1460
SUB0781,GPTZero,mixed,1,0.2277,4263,History,Freshman,0.3855,0.3116,0.6446
SUB0782,Winston AI,ai_generated,1,0.3791,3024,Chemistry,Senior,0.4824,0.3536,0.8206
SUB0783,Originality.ai,human_written,0,0.2877,3906,History,Sophomore,0.2645,0.4528,0.0082
SUB0784,Copyleaks,ai_generated,1,0.1669,4407,Biology,Graduate,0.7743,0.2930,0.8925
SUB0785,Turnitin,human_written,0,0.7562,3927,Biology,Graduate,0.6954,0.2335,0.0071
SUB0786,Winston AI,mixed,0,0.6869,1772,Physics,Graduate,0.1805,0.3940,0.2215
SUB0787,Copyleaks,human_written,0,0.3486,3435,History,Junior,0.4633,0.2158,0.0092
SUB0788,Turnitin,mixed,1,0.5774,3185,English,Senior,0.5676,0.4671,0.7307
SUB0789,GPTZero,ai_generated,1,0.4283,2004,History,Senior,0.4226,0.2075,0.9651
SUB0790,Turnitin,ai_generated,1,0.3616,4886,English,Senior,0.4159,0.2550,0.9788
SUB0791,Copyleaks,human_written,0,0.2668,3406,Mathematics,Freshman,0.4782,0.2922,0.0332
SUB0792,Copyleaks,human_written,0,0.5505,4279,Psychology,Sophomore,0.3581,0.4419,0.0000
SUB0793,Turnitin,ai_generated,1,0.4536,660,Computer Science,Junior,0.5877,0.2039,0.8446
SUB0794,Turnitin,human_written,0,0.2560,2811,English,Senior,0.5068,0.3408,0.0242
SUB0795,GPTZero,human_written,0,0.4628,1355,English,Graduate,0.4815,0.4930,0.1092
SUB0796,Copyleaks,ai_generated,1,0.1269,3205,Psychology,Freshman,0.6142,0.4616,0.7182
SUB0797,Winston AI,human_written,0,0.3473,1413,History,Sophomore,0.5949,0.1757,0.0619
SUB0798,Turnitin,human_written,0,0.2917,525,History,Graduate,0.4920,0.3147,0.0039
SUB0799,Winston AI,ai_generated,1,0.2583,3541,Chemistry,Graduate,0.5764,0.3978,1.0000
SUB0800,Winston AI,human_written,0,0.5966,1370,History,Freshman,0.3162,0.1744,0.1046
SUB0801,Originality.ai,human_written,0,0.2825,3029,Biology,Senior,0.5360,0.2467,0.0000
SUB0802,GPTZero,mixed,0,0.2772,3444,Computer Science,Freshman,0.2779,0.3467,0.4897
SUB0803,Copyleaks,human_written,0,0.5533,1061,Computer Science,Junior,0.3750,0.4066,0.0205
SUB0804,Copyleaks,ai_generated,1,0.3803,4163,History,Graduate,0.7316,0.3764,0.9139
SUB0805,Copyleaks,human_written,0,0.3128,1681,Psychology,Graduate,0.5305,0.1589,0.0307
SUB0806,Copyleaks,human_written,0,0.6290,4428,Physics,Graduate,0.6081,0.2832,0.0305
SUB0807,Originality.ai,ai_generated,0,0.5550,1805,Physics,Graduate,0.3243,0.4730,0.7965
SUB0808,Winston AI,human_written,0,0.4038,1755,Physics,Sophomore,0.3228,0.2803,0.1575
SUB0809,GPTZero,mixed,0,0.3754,1988,Mathematics,Senior,0.5028,0.2479,0.5928
SUB0810,Originality.ai,ai_generated,1,0.2390,4145,Physics,Senior,0.6054,0.2119,0.7533
SUB0811,Turnitin,human_written,0,0.0589,3332,Physics,Sophomore,0.3060,0.4353,0.1004
SUB0812,GPTZero,human_written,0,0.0376,2985,Physics,Freshman,0.5115,0.1908,0.1860
SUB0813,Copyleaks,human_written,0,0.3251,1367,Computer Science,Freshman,0.7315,0.1815,0.0253
SUB0814,Originality.ai,human_written,0,0.3748,4036,Physics,Freshman,0.5751,0.1657,0.0000
SUB0815,GPTZero,ai_generated,1,0.7003,3228,English,Sophomore,0.3294,0.3511,0.9429
SUB0816,GPTZero,human_written,0,0.6625,537,Mathematics,Senior,0.4913,0.2642,0.1842
SUB0817,Turnitin,ai_generated,1,0.2476,4497,Chemistry,Freshman,0.5826,0.1743,1.0000
SUB0818,Winston AI,human_written,0,0.6040,4112,Mathematics,Sophomore,0.6668,0.2321,0.1569
SUB0819,GPTZero,human_written,0,0.5357,1807,Psychology,Freshman,0.5976,0.4642,0.1934
SUB0820,Copyleaks,human_written,0,0.1521,595,Computer Science,Graduate,0.6179,0.1496,0.0181
SUB0821,Originality.ai,mixed,0,0.6747,2574,Chemistry,Freshman,0.5115,0.2380,0.2944
SUB0822,Originality.ai,human_written,0,0.5369,4199,Physics,Sophomore,0.6023,0.3644,0.0077
SUB0823,GPTZero,mixed,1,0.5409,1774,Physics,Junior,0.4886,0.3080,0.8787
SUB0824,GPTZero,human_written,1,0.1772,3994,History,Sophomore,0.4593,0.3514,0.2077
SUB0825,GPTZero,human_written,0,0.8286,1789,English,Senior,0.5023,0.2227,0.1560
SUB0826,Turnitin,ai_generated,1,0.3484,1705,English,Sophomore,0.3841,0.2464,0.7492
SUB0827,Turnitin,ai_generated,1,0.1140,4448,Psychology,Graduate,0.3465,0.4422,0.8679
SUB0828,Originality.ai,human_written,0,0.4101,1676,History,Freshman,0.5492,0.1170,0.0073
SUB0829,Copyleaks,ai_generated,1,0.6160,911,English,Junior,0.2864,0.2789,0.7726
SUB0830,Originality.ai,human_written,0,0.2216,1973,Psychology,Sophomore,0.6765,0.1053,0.0000
SUB0831,GPTZero,human_written,0,0.1949,4639,Biology,Graduate,0.4922,0.1059,0.1209
SUB0832,Turnitin,ai_generated,1,0.2134,2879,Psychology,Junior,0.3963,0.4111,0.9104
SUB0833,Originality.ai,mixed,0,0.8170,4180,Biology,Sophomore,0.3648,0.2760,0.3607
SUB0834,GPTZero,human_written,0,0.5162,2677,Psychology,Junior,0.4692,0.2413,0.1169
SUB0835,Originality.ai,human_written,0,0.4889,4768,Computer Science,Junior,0.8102,0.4712,0.0000
SUB0836,Originality.ai,human_written,0,0.8389,3048,Mathematics,Graduate,0.2428,0.4802,0.0000
SUB0837,Turnitin,mixed,0,0.5082,2328,Biology,Senior,0.6086,0.1662,0.3505
SUB0838,Winston AI,human_written,1,0.2976,4300,English,Junior,0.3746,0.2337,0.0840
SUB0839,GPTZero,ai_generated,1,0.6702,2039,Physics,Graduate,0.4565,0.0765,1.0000
SUB0840,GPTZero,ai_generated,1,0.1485,4829,Mathematics,Senior,0.5070,0.1999,1.0000
SUB0841,GPTZero,human_written,0,0.5693,1454,History,Junior,0.6176,0.3779,0.1410
SUB0842,GPTZero,ai_generated,1,0.5268,4387,Psychology,Sophomore,0.6439,0.3866,1.0000
SUB0843,Turnitin,ai_generated,1,0.5190,1894,Mathematics,Junior,0.5552,0.5535,0.8588
SUB0844,Originality.ai,ai_generated,0,0.3394,3810,Chemistry,Senior,0.4022,0.3757,0.8690
SUB0845,Turnitin,human_written,0,0.3635,3922,Chemistry,Sophomore,0.7752,0.3358,0.0796
SUB0846,GPTZero,human_written,1,0.6420,4987,Mathematics,Junior,0.4185,0.1779,0.1759
SUB0847,GPTZero,human_written,0,0.2433,2145,Biology,Graduate,0.3747,0.2908,0.1643
SUB0848,Turnitin,mixed,0,0.3879,4930,Psychology,Senior,0.4030,0.4070,0.3027
SUB0849,Turnitin,mixed,1,0.2004,4014,English,Junior,0.6096,0.1747,0.5731
SUB0850,Turnitin,human_written,0,0.4233,1634,Psychology,Senior,0.4567,0.3288,0.0652
SUB0851,GPTZero,human_written,0,0.3849,3694,Physics,Senior,0.3974,0.3560,0.1561
SUB0852,Copyleaks,human_written,0,0.2460,1984,History,Junior,0.5219,0.5311,0.0000
SUB0853,GPTZero,ai_generated,1,0.4363,2625,Computer Science,Sophomore,0.2744,0.2453,0.8464
SUB0854,GPTZero,human_written,0,0.4701,4635,Psychology,Freshman,0.4983,0.2220,0.1535
SUB0855,Copyleaks,mixed,0,0.2967,1806,Chemistry,Sophomore,0.3774,0.1229,0.2063
SUB0856,Winston AI,human_written,0,0.7462,3588,Biology,Graduate,0.4171,0.1961,0.1229
SUB0857,Copyleaks,human_written,0,0.5801,4171,English,Sophomore,0.5128,0.1940,0.0000
SUB0858,Originality.ai,human_written,0,0.3711,4148,Physics,Freshman,0.4600,0.2951,0.0176
SUB0859,Winston AI,human_written,0,0.2038,1879,Computer Science,Graduate,0.4608,0.2959,0.1179
SUB0860,Turnitin,human_written,0,0.5430,3911,Computer Science,Freshman,0.4463,0.4033,0.0761
SUB0861,Copyleaks,ai_generated,0,0.4005,4761,Chemistry,Senior,0.4634,0.2779,0.7310
SUB0862,Originality.ai,ai_generated,1,0.3620,4981,English,Sophomore,0.5090,0.3862,0.6792
SUB0863,GPTZero,human_written,0,0.7362,2528,Physics,Sophomore,0.4840,0.4155,0.1388
SUB0864,GPTZero,mixed,1,0.3986,4274,History,Graduate,0.8278,0.3219,0.7503
SUB0865,Copyleaks,mixed,1,0.4873,4406,Computer Science,Graduate,0.5357,0.4759,0.2771
SUB0866,Turnitin,ai_generated,1,0.2931,1057,Computer Science,Freshman,0.4496,0.4929,0.8397
SUB0867,GPTZero,ai_generated,1,0.4155,1931,Chemistry,Sophomore,0.5620,0.2672,1.0000
SUB0868,Winston AI,mixed,0,0.4283,2802,Physics,Graduate,0.4629,0.4359,0.2751
SUB0869,Turnitin,human_written,0,0.1708,3572,Mathematics,Graduate,0.4400,0.2945,0.0229
SUB0870,Originality.ai,human_written,0,0.2524,1193,Mathematics,Senior,0.5266,0.3897,0.0085
SUB0871,Turnitin,ai_generated,0,0.5609,1710,Chemistry,Graduate,0.5382,0.4194,0.8848
SUB0872,Originality.ai,mixed,0,0.8455,2476,Biology,Junior,0.5716,0.2394,0.0000
SUB0873,Winston AI,ai_generated,1,0.5834,3347,English,Junior,0.6425,0.4062,0.8611
SUB0874,Winston AI,mixed,0,0.4298,1763,Psychology,Senior,0.5758,0.2838,0.5162
SUB0875,Winston AI,ai_generated,1,0.1614,2148,Psychology,Graduate,0.1046,0.2111,0.9802
SUB0876,Copyleaks,human_written,0,0.4549,2189,Psychology,Freshman,0.4954,0.3126,0.0000
SUB0877,Originality.ai,ai_generated,1,0.0682,1574,Biology,Graduate,0.3845,0.2370,1.0000
SUB0878,Originality.ai,human_written,0,0.5000,4539,Psychology,Graduate,0.4978,0.1939,0.0000
SUB0879,Copyleaks,mixed,0,0.7667,511,Chemistry,Junior,0.4840,0.3870,0.2638
SUB0880,Turnitin,human_written,0,0.3711,1244,Psychology,Senior,0.6521,0.3190,0.0583
SUB0881,Turnitin,ai_generated,1,0.4141,1127,Computer Science,Sophomore,0.2808,0.3682,0.7978
SUB0882,Winston AI,human_written,0,0.3992,4647,Chemistry,Freshman,0.3867,0.3370,0.1394
SUB0883,GPTZero,human_written,1,0.1695,2551,Computer Science,Senior,0.4930,0.3449,0.2024
SUB0884,Originality.ai,ai_generated,1,0.4800,3312,Biology,Sophomore,0.3559,0.1245,0.7790
SUB0885,GPTZero,human_written,0,0.4561,1171,Physics,Freshman,0.6661,0.1530,0.2027
SUB0886,Copyleaks,human_written,0,0.3862,1024,History,Sophomore,0.5071,0.2154,0.0240
SUB0887,Winston AI,ai_generated,1,0.3279,1773,English,Junior,0.6751,0.1985,0.8701
SUB0888,Winston AI,human_written,0,0.7200,3793,English,Graduate,0.2640,0.1880,0.1657
SUB0889,Originality.ai,human_written,0,0.7565,4594,Mathematics,Senior,0.4087,0.2809,0.0087
SUB0890,Winston AI,mixed,1,0.7763,2994,Chemistry,Senior,0.3090,0.1682,0.1479
SUB0891,GPTZero,ai_generated,1,0.3183,4029,History,Freshman,0.4667,0.3136,0.9277
SUB0892,GPTZero,human_written,0,0.5204,4850,Chemistry,Senior,0.5965,0.2569,0.1476
SUB0893,GPTZero,mixed,0,0.5664,1840,English,Graduate,0.2720,0.2541,0.4406
SUB0894,Copyleaks,human_written,0,0.2217,3243,English,Senior,0.3241,0.4305,0.0481
SUB0895,Copyleaks,human_written,0,0.5122,4551,Chemistry,Graduate,0.3098,0.1960,0.0226
SUB0896,GPTZero,mixed,0,0.3930,1445,Biology,Freshman,0.6440,0.4486,0.4150
SUB0897,GPTZero,human_written,0,0.2172,4302,Biology,Junior,0.4549,0.4115,0.1665
SUB0898,Copyleaks,human_written,0,0.3241,3570,Biology,Senior,0.6567,0.3000,0.0000
SUB0899,Copyleaks,human_written,0,0.6165,1623,Biology,Junior,0.3777,0.3813,0.0115
SUB0900,Copyleaks,human_written,0,0.3045,4129,Physics,Sophomore,0.8824,0.4166,0.0065
SUB0901,Turnitin,ai_generated,1,0.2592,2073,Mathematics,Senior,0.2039,0.1856,0.8783
SUB0902,Winston AI,human_written,0,0.3327,3076,English,Graduate,0.5197,0.4332,0.1647
SUB0903,Originality.ai,mixed,0,0.7211,2720,Physics,Senior,0.6187,0.3084,0.2409
SUB0904,Winston AI,ai_generated,1,0.3876,2171,Psychology,Freshman,0.6593,0.3535,0.9757
SUB0905,Winston AI,mixed,1,0.4170,3871,History,Sophomore,0.5756,0.4197,0.5448
SUB0906,Originality.ai,ai_generated,1,0.6095,3916,History,Graduate,0.5410,0.0981,0.8521
SUB0907,Originality.ai,ai_generated,0,0.3636,1918,Physics,Sophomore,0.6725,0.3928,0.8022
SUB0908,Turnitin,ai_generated,1,0.2686,2778,Computer Science,Sophomore,0.6614,0.2052,0.8591
SUB0909,Originality.ai,human_written,0,0.1678,2514,Computer Science,Graduate,0.3625,0.4208,0.0000
SUB0910,GPTZero,ai_generated,1,0.6571,3897,Psychology,Junior,0.4810,0.1619,0.9089
SUB0911,Copyleaks,human_written,0,0.5651,2335,Physics,Junior,0.2223,0.3819,0.0036
SUB0912,Winston AI,human_written,0,0.2843,929,Chemistry,Freshman,0.4315,0.4744,0.1282
SUB0913,Turnitin,human_written,0,0.4686,2535,Physics,Freshman,0.5451,0.2656,0.0629
SUB0914,Winston AI,mixed,0,0.4461,3647,Psychology,Graduate,0.4998,0.3471,0.4355
SUB0915,Copyleaks,ai_generated,0,0.4475,2590,Computer Science,Senior,0.3144,0.3656,0.8591
SUB0916,Winston AI,ai_generated,1,0.3723,2133,Psychology,Sophomore,0.7829,0.3378,0.8923
SUB0917,Winston AI,ai_generated,1,0.4709,1406,History,Freshman,0.3548,0.4148,0.8714
SUB0918,GPTZero,human_written,1,0.6451,1623,Computer Science,Junior,0.3467,0.4579,0.1652
SUB0919,Winston AI,ai_generated,1,0.1379,4117,Physics,Junior,0.4878,0.3778,0.8695
SUB0920,Turnitin,human_written,0,0.0616,4600,Chemistry,Freshman,0.5928,0.3026,0.0929
SUB0921,Winston AI,human_written,0,0.7315,4336,Biology,Sophomore,0.5213,0.4257,0.1574
SUB0922,GPTZero,ai_generated,1,0.3649,3769,Mathematics,Junior,0.4626,0.2879,0.8113
SUB0923,Copyleaks,mixed,0,0.5863,1249,Biology,Freshman,0.6900,0.2273,0.5301
SUB0924,Copyleaks,ai_generated,1,0.2315,4629,History,Junior,0.6159,0.3706,0.8456
SUB0925,Winston AI,human_written,1,0.7497,801,Chemistry,Graduate,0.6397,0.3279,0.1330
SUB0926,Copyleaks,human_written,0,0.7452,1551,English,Freshman,0.6062,0.5655,0.0263
SUB0927,Winston AI,ai_generated,1,0.5054,2992,English,Graduate,0.6815,0.1190,0.9336
SUB0928,Copyleaks,ai_generated,1,0.2625,3599,Psychology,Sophomore,0.5902,0.3122,0.7244
SUB0929,Winston AI,mixed,0,0.4172,3618,Physics,Freshman,0.5435,0.3313,0.5896
SUB0930,GPTZero,human_written,1,0.5997,4972,Mathematics,Freshman,0.5098,0.2043,0.1895
SUB0931,GPTZero,human_written,0,0.5862,3918,English,Junior,0.5111,0.2414,0.1456
SUB0932,Turnitin,ai_generated,1,0.3950,1570,History,Senior,0.5556,0.4522,0.8938
SUB0933,Winston AI,mixed,1,0.0909,2111,Psychology,Sophomore,0.2742,0.4217,0.6725
SUB0934,Copyleaks,mixed,0,0.6881,1356,Computer Science,Graduate,0.3204,0.2440,0.3437
SUB0935,Copyleaks,mixed,1,0.4406,3425,English,Graduate,0.3541,0.3466,0.5064
SUB0936,Winston AI,ai_generated,1,0.6453,4054,Computer Science,Freshman,0.4240,0.2825,0.8054
SUB0937,Turnitin,human_written,0,0.1754,4874,Physics,Sophomore,0.4716,0.2844,0.0433
SUB0938,Winston AI,ai_generated,1,0.2719,3610,Chemistry,Junior,0.5619,0.4924,0.9274
SUB0939,Turnitin,ai_generated,1,0.3524,3410,Mathematics,Junior,0.6391,0.2370,0.8873
SUB0940,Turnitin,mixed,0,0.6450,1859,Physics,Sophomore,0.3327,0.3547,0.2117
SUB0941,Originality.ai,human_written,0,0.5395,2326,Physics,Sophomore,0.5638,0.3972,0.0000
SUB0942,Turnitin,ai_generated,1,0.3170,3349,Computer Science,Sophomore,0.4816,0.3368,0.8685
SUB0943,GPTZero,mixed,1,0.6913,1527,Psychology,Senior,0.7375,0.1862,0.3926
SUB0944,GPTZero,human_written,1,0.4070,2063,Mathematics,Graduate,0.6625,0.4273,0.1481
SUB0945,Turnitin,mixed,0,0.0761,1257,Physics,Junior,0.3731,0.2021,0.2488
SUB0946,Winston AI,human_written,0,0.4725,2715,History,Graduate,0.3722,0.3697,0.0968
SUB0947,Originality.ai,mixed,0,0.3721,1511,Biology,Sophomore,0.5572,0.3365,0.2218
SUB0948,Turnitin,ai_generated,1,0.3391,4544,Psychology,Senior,0.4063,0.3659,0.9127
SUB0949,Winston AI,mixed,1,0.1431,3611,English,Freshman,0.3931,0.1847,0.5374
SUB0950,Winston AI,ai_generated,1,0.5944,3422,English,Junior,0.3946,0.1877,1.0000
SUB0951,Originality.ai,ai_generated,1,0.3135,3700,Physics,Sophomore,0.3464,0.4181,0.8709
SUB0952,Copyleaks,human_written,0,0.0740,3248,Biology,Graduate,0.5896,0.2850,0.0000
SUB0953,Winston AI,ai_generated,1,0.1557,518,History,Senior,0.4034,0.4111,0.9690
SUB0954,GPTZero,ai_generated,1,0.4615,2877,History,Sophomore,0.5254,0.1078,1.0000
SUB0955,Turnitin,human_written,0,0.3089,4806,Mathematics,Graduate,0.3598,0.4461,0.0077
SUB0956,Winston AI,human_written,0,0.4511,4718,Physics,Graduate,0.4217,0.2706,0.0974
SUB0957,Originality.ai,human_written,0,0.3513,1097,History,Freshman,0.0547,0.4350,0.0216
SUB0958,GPTZero,ai_generated,1,0.6302,1841,English,Junior,0.7274,0.2746,0.9421
SUB0959,Originality.ai,human_written,0,0.2281,693,Biology,Junior,0.7725,0.4348,0.0273
SUB0960,Turnitin,human_written,0,0.4596,2897,Biology,Freshman,0.7547,0.2555,0.0107
SUB0961,Turnitin,ai_generated,1,0.5609,1945,Chemistry,Sophomore,0.3763,0.3636,0.9083
SUB0962,GPTZero,mixed,0,0.0875,2522,History,Freshman,0.6902,0.3373,0.3044
SUB0963,GPTZero,human_written,0,0.5410,3936,Computer Science,Sophomore,0.4392,0.4578,0.1405
SUB0964,Winston AI,ai_generated,1,0.2061,501,Chemistry,Sophomore,0.3589,0.2796,0.7708
SUB0965,Winston AI,ai_generated,1,0.3866,2213,Biology,Freshman,0.7493,0.2503,0.7690
SUB0966,Originality.ai,human_written,0,0.2992,1018,English,Senior,0.7320,0.4466,0.0682
SUB0967,Turnitin,ai_generated,1,0.1949,1834,Chemistry,Freshman,0.6297,0.2304,0.9425
SUB0968,Copyleaks,mixed,0,0.3247,3976,Mathematics,Graduate,0.4037,0.3677,0.2152
SUB0969,GPTZero,human_written,0,0.3619,1304,Physics,Junior,0.3972,0.1511,0.1221
SUB0970,GPTZero,human_written,0,0.6125,1014,Physics,Graduate,0.4772,0.1823,0.1689
SUB0971,GPTZero,mixed,1,0.0773,1701,Psychology,Senior,0.6420,0.3821,0.5008
SUB0972,GPTZero,human_written,0,0.0891,3521,English,Graduate,0.3727,0.1812,0.1495
SUB0973,GPTZero,human_written,0,0.1612,2021,Mathematics,Sophomore,0.6131,0.3723,0.1137
SUB0974,Winston AI,human_written,0,0.8926,668,Physics,Junior,0.5803,0.0622,0.1510
SUB0975,Winston AI,mixed,0,0.4147,2073,Chemistry,Sophomore,0.5567,0.2803,0.1014
SUB0976,Turnitin,mixed,1,0.2234,1515,Psychology,Sophomore,0.5465,0.3694,0.5571
SUB0977,GPTZero,human_written,0,0.4190,571,English,Freshman,0.4794,0.3563,0.1451
SUB0978,GPTZero,human_written,0,0.2229,3714,Chemistry,Graduate,0.3931,0.2693,0.1305
SUB0979,Turnitin,human_written,0,0.3953,4264,Chemistry,Junior,0.5486,0.3635,0.0372
SUB0980,GPTZero,human_written,0,0.0444,1654,Chemistry,Graduate,0.4306,0.2197,0.1223
SUB0981,GPTZero,ai_generated,1,0.1893,3787,Psychology,Graduate,0.5126,0.2211,0.9942
SUB0982,Copyleaks,human_written,0,0.2359,3861,History,Senior,0.3742,0.4716,0.0327
SUB0983,Copyleaks,mixed,1,0.3765,4935,Computer Science,Freshman,0.4893,0.3157,0.4569
SUB0984,Turnitin,human_written,0,0.1912,2936,Biology,Sophomore,0.5272,0.0690,0.0671
SUB0985,Copyleaks,human_written,0,0.2516,1475,Computer Science,Sophomore,0.3716,0.3111,0.0402
SUB0986,GPTZero,mixed,0,0.6078,1725,Physics,Sophomore,0.4159,0.3129,0.4636
SUB0987,Turnitin,mixed,0,0.3701,2508,Chemistry,Graduate,0.5908,0.2579,0.7865
SUB0988,Winston AI,human_written,0,0.3118,524,Psychology,Freshman,0.5852,0.3389,0.1155
SUB0989,GPTZero,human_written,0,0.0401,1371,Mathematics,Freshman,0.4425,0.2996,0.1843
SUB0990,Turnitin,mixed,1,0.4383,4634,Mathematics,Freshman,0.4400,0.3775,0.7029
SUB0991,Copyleaks,human_written,0,0.8150,2309,Mathematics,Senior,0.4472,0.3426,0.0000
SUB0992,Copyleaks,mixed,0,0.3981,588,Psychology,Sophomore,0.4402,0.3416,0.1448
SUB0993,Winston AI,human_written,0,0.2741,4916,English,Freshman,0.5027,0.1917,0.1740
SUB0994,GPTZero,ai_generated,1,0.4822,4053,Chemistry,Junior,0.5087,0.1186,1.0000
SUB0995,Originality.ai,mixed,0,0.5383,2944,English,Freshman,0.7875,0.3290,0.5482
SUB0996,Turnitin,ai_generated,1,0.1830,2425,History,Graduate,0.5604,0.2930,0.8927
SUB0997,Originality.ai,human_written,0,0.4732,821,Physics,Freshman,0.3244,0.2694,0.0419
SUB0998,Copyleaks,mixed,0,0.3736,1908,Biology,Freshman,0.4873,0.1668,0.2486
SUB0999,Winston AI,mixed,1,0.5842,1340,Physics,Senior,0.6486,0.2047,0.6194
SUB1000,Winston AI,human_written,0,0.0376,1234,Chemistry,Graduate,0.6676,0.3502,0.1626
SUB1001,Turnitin,human_written,0,0.3377,2279,Biology,Freshman,0.6198,0.3519,0.0415
SUB1002,Originality.ai,mixed,1,0.3390,2951,Computer Science,Graduate,0.6197,0.4181,0.3437
SUB1003,Winston AI,ai_generated,1,0.8240,3918,English,Sophomore,0.3694,0.2255,0.9248
SUB1004,Originality.ai,human_written,0,0.7764,3119,Chemistry,Senior,0.3599,0.2414,0.0238
SUB1005,Winston AI,ai_generated,1,0.2263,4932,History,Sophomore,0.2961,0.1524,0.9003
SUB1006,Turnitin,human_written,0,0.4602,4037,Biology,Sophomore,0.4483,0.3132,0.0338
SUB1007,GPTZero,mixed,0,0.1140,2082,History,Sophomore,0.5701,0.2212,0.4295
SUB1008,Winston AI,mixed,0,0.5371,3228,English,Freshman,0.4411,0.2964,0.5451
SUB1009,GPTZero,human_written,0,0.2193,3836,Physics,Junior,0.4627,0.3215,0.0998
SUB1010,Originality.ai,mixed,0,0.8173,3311,Biology,Junior,0.4615,0.2353,0.4696
SUB1011,GPTZero,human_written,0,0.3410,4089,Physics,Senior,0.4674,0.2330,0.2026
SUB1012,Turnitin,human_written,1,0.1692,3621,History,Freshman,0.5649,0.3601,0.1306
SUB1013,Turnitin,ai_generated,1,0.4205,1939,Computer Science,Graduate,0.4942,0.3438,0.8790
SUB1014,GPTZero,mixed,0,0.5309,4196,Biology,Senior,0.4961,0.2808,0.5888
SUB1015,GPTZero,human_written,0,0.4251,4676,History,Junior,0.2901,0.3181,0.1101
SUB1016,Originality.ai,human_written,0,0.5626,1518,Chemistry,Freshman,0.5571,0.4163,0.0000
SUB1017,Turnitin,human_written,0,0.0531,3512,History,Freshman,0.3959,0.2413,0.0937
SUB1018,Copyleaks,ai_generated,1,0.6250,796,English,Junior,0.4910,0.2205,0.8869
SUB1019,Originality.ai,mixed,1,0.5393,1606,English,Graduate,0.7677,0.3800,0.5747
SUB1020,Originality.ai,human_written,0,0.5806,4705,English,Freshman,0.5954,0.2435,0.0353
SUB1021,Copyleaks,mixed,0,0.4728,3433,History,Graduate,0.3923,0.5658,0.4120
SUB1022,Copyleaks,human_written,0,0.0663,3363,History,Junior,0.5767,0.2289,0.0708
SUB1023,GPTZero,human_written,0,0.3058,2372,Computer Science,Sophomore,0.4984,0.1174,0.1747
SUB1024,Turnitin,human_written,0,0.3457,1143,History,Freshman,0.5645,0.2468,0.0511
SUB1025,GPTZero,human_written,0,0.1381,2144,Physics,Sophomore,0.3703,0.3273,0.1271
SUB1026,Copyleaks,mixed,0,0.0478,3833,History,Freshman,0.4736,0.3150,0.2552
SUB1027,Winston AI,ai_generated,1,0.2335,4999,Biology,Sophomore,0.7051,0.3408,0.8402
SUB1028,GPTZero,mixed,1,0.4732,2939,Chemistry,Senior,0.4661,0.2986,0.6904
SUB1029,GPTZero,ai_generated,1,0.7934,3594,Chemistry,Graduate,0.7560,0.2459,1.0000
SUB1030,Copyleaks,ai_generated,1,0.3970,3436,Computer Science,Senior,0.2360,0.3641,0.9995
SUB1031,Originality.ai,human_written,0,0.7906,2345,Mathematics,Freshman,0.5034,0.3113,0.0000
SUB1032,Winston AI,mixed,0,0.5873,1627,Mathematics,Graduate,0.6045,0.3752,0.5975
SUB1033,Turnitin,human_written,0,0.5311,3484,Mathematics,Graduate,0.7495,0.3540,0.0935
SUB1034,Originality.ai,ai_generated,1,0.5283,3881,History,Senior,0.4264,0.2070,0.7594
SUB1035,GPTZero,human_written,0,0.1936,1068,History,Senior,0.4001,0.2411,0.1958
SUB1036,Winston AI,human_written,0,0.7084,3476,English,Sophomore,0.4634,0.3136,0.1029
SUB1037,Turnitin,human_written,0,0.5000,2789,Chemistry,Graduate,0.1008,0.2218,0.0640
SUB1038,GPTZero,human_written,0,0.6035,1813,History,Sophomore,0.2718,0.2000,0.1624
SUB1039,Copyleaks,ai_generated,1,0.6117,1533,English,Senior,0.4410,0.2775,0.9356
SUB1040,Copyleaks,mixed,0,0.5538,1000,Psychology,Sophomore,0.5236,0.3446,0.2740
SUB1041,Winston AI,human_written,0,0.2279,3448,Chemistry,Senior,0.3660,0.1610,0.1270
SUB1042,Winston AI,ai_generated,1,0.4078,3088,Chemistry,Junior,0.6080,0.4025,1.0000
SUB1043,GPTZero,ai_generated,1,0.2844,3884,Biology,Senior,0.7454,0.3329,0.9268
SUB1044,GPTZero,ai_generated,1,0.2963,4191,Chemistry,Junior,0.5918,0.1398,0.9081
SUB1045,Copyleaks,human_written,0,0.3826,1260,Biology,Freshman,0.3814,0.2718,0.0000
SUB1046,GPTZero,ai_generated,1,0.2770,3431,Physics,Freshman,0.4022,0.3430,0.9307
SUB1047,GPTZero,ai_generated,0,0.2711,2157,Biology,Sophomore,0.5224,0.4595,0.8757
SUB1048,Winston AI,ai_generated,1,0.3303,543,Mathematics,Junior,0.3309,0.4950,1.0000
SUB1049,Turnitin,human_written,0,0.3567,2777,Psychology,Freshman,0.5169,0.2182,0.0542
SUB1050,Winston AI,human_written,0,0.8502,2277,Physics,Sophomore,0.5219,0.1760,0.1016
SUB1051,GPTZero,ai_generated,1,0.4478,1621,Physics,Freshman,0.7153,0.3670,0.9206
SUB1052,Copyleaks,human_written,0,0.1867,4977,Psychology,Graduate,0.4164,0.2361,0.0080
SUB1053,Winston AI,mixed,0,0.6233,4876,English,Freshman,0.4647,0.4672,0.6677
SUB1054,GPTZero,ai_generated,1,0.7452,4640,Mathematics,Sophomore,0.5367,0.4636,0.8161
SUB1055,Winston AI,mixed,0,0.1527,3128,English,Senior,0.5188,0.1962,0.7015
SUB1056,Winston AI,ai_generated,0,0.2536,3872,Biology,Freshman,0.4919,0.4425,0.8980
SUB1057,Copyleaks,human_written,0,0.6856,1102,Physics,Freshman,0.4690,0.3628,0.0113
SUB1058,Originality.ai,ai_generated,1,0.5255,4291,Mathematics,Sophomore,0.8628,0.2969,0.9246
SUB1059,Copyleaks,human_written,0,0.1757,2614,Computer Science,Freshman,0.6776,0.1340,0.0320
SUB1060,Turnitin,mixed,1,0.3350,540,Psychology,Junior,0.4352,0.4041,0.5363
SUB1061,Copyleaks,ai_generated,1,0.1246,768,Computer Science,Sophomore,0.5093,0.4171,0.7149
SUB1062,Copyleaks,human_written,0,0.1025,1150,Psychology,Graduate,0.4301,0.2394,0.0561
SUB1063,Winston AI,human_written,0,0.3876,2913,Physics,Freshman,0.6364,0.4097,0.0866
SUB1064,GPTZero,ai_generated,1,0.0555,4771,Physics,Junior,0.5093,0.3643,1.0000
SUB1065,Turnitin,human_written,0,0.2454,1497,Chemistry,Sophomore,0.5480,0.2750,0.0659
SUB1066,Originality.ai,human_written,0,0.4122,3260,Chemistry,Junior,0.6674,0.2601,0.0000
SUB1067,GPTZero,mixed,0,0.2530,2447,Physics,Graduate,0.6380,0.1886,0.4538
SUB1068,Turnitin,mixed,1,0.8878,3491,English,Freshman,0.5708,0.2427,0.5569
SUB1069,Turnitin,ai_generated,1,0.1478,3784,Computer Science,Junior,0.5511,0.2226,0.8724
SUB1070,Turnitin,mixed,0,0.4125,2145,History,Freshman,0.2679,0.3323,0.3469
SUB1071,Winston AI,ai_generated,1,0.8505,4956,History,Junior,0.3279,0.3545,1.0000
SUB1072,Copyleaks,human_written,0,0.2337,2234,Biology,Graduate,0.4809,0.2816,0.0562
SUB1073,Originality.ai,human_written,0,0.3396,4137,History,Graduate,0.4809,0.3074,0.0000
SUB1074,Winston AI,ai_generated,1,0.7938,3293,Chemistry,Junior,0.2311,0.3468,0.9661
SUB1075,Originality.ai,ai_generated,0,0.2721,4873,Mathematics,Freshman,0.6249,0.2421,0.6916
SUB1076,Copyleaks,mixed,0,0.2135,1882,Biology,Junior,0.4919,0.2981,0.3476
SUB1077,GPTZero,human_written,1,0.1282,2951,Biology,Sophomore,0.4604,0.1928,0.1474
SUB1078,Copyleaks,mixed,1,0.3296,1314,Chemistry,Sophomore,0.7094,0.3779,0.1840
SUB1079,Winston AI,mixed,0,0.2828,3438,Chemistry,Graduate,0.3826,0.2676,0.4460
SUB1080,GPTZero,human_written,0,0.3468,4322,English,Freshman,0.2049,0.3203,0.1809
SUB1081,GPTZero,human_written,0,0.4364,1354,Biology,Junior,0.3894,0.3889,0.1606
SUB1082,Winston AI,mixed,1,0.3788,4478,Chemistry,Graduate,0.3546,0.3851,0.4883
SUB1083,Originality.ai,human_written,0,0.5913,2011,Mathematics,Sophomore,0.3980,0.3578,0.0000
SUB1084,Copyleaks,mixed,1,0.3246,688,English,Sophomore,0.4058,0.3529,0.3056
SUB1085,Originality.ai,human_written,0,0.1237,1039,English,Junior,0.5604,0.3673,0.0164
SUB1086,Turnitin,human_written,0,0.2760,4786,Physics,Sophomore,0.4365,0.1452,0.0207
SUB1087,Copyleaks,ai_generated,1,0.4876,742,History,Sophomore,0.3596,0.3197,0.7734
SUB1088,Copyleaks,human_written,0,0.1974,1176,History,Graduate,0.7802,0.2996,0.0410
SUB1089,Originality.ai,mixed,0,0.1709,4186,Physics,Junior,0.5019,0.3018,0.7547
SUB1090,Copyleaks,ai_generated,1,0.9469,3109,English,Graduate,0.3560,0.3365,0.7095
SUB1091,Copyleaks,human_written,0,0.7222,2634,Physics,Junior,0.9236,0.2088,0.0000
SUB1092,Turnitin,human_written,0,0.1065,3317,Mathematics,Graduate,0.6856,0.4312,0.0235
SUB1093,Originality.ai,human_written,0,0.2821,3867,Mathematics,Freshman,0.6420,0.3111,0.0000
SUB1094,Winston AI,ai_generated,1,0.3956,2229,Chemistry,Sophomore,0.4312,0.5419,0.8643
SUB1095,Winston AI,ai_generated,0,0.1688,3847,Biology,Junior,0.3288,0.3844,0.8075
SUB1096,Turnitin,ai_generated,1,0.1305,3544,Physics,Freshman,0.3494,0.2467,1.0000
SUB1097,Winston AI,human_written,0,0.8843,2513,English,Sophomore,0.4332,0.3077,0.1141
SUB1098,Turnitin,human_written,0,0.3301,4667,Chemistry,Senior,0.4454,0.1733,0.0000
SUB1099,GPTZero,human_written,0,0.2707,2081,Mathematics,Junior,0.5862,0.3565,0.1353
SUB1100,Copyleaks,ai_generated,0,0.4544,2910,Mathematics,Freshman,0.4448,0.2520,0.6606
SUB1101,Winston AI,mixed,1,0.2994,1420,Physics,Senior,0.4278,0.1204,0.4289
SUB1102,Winston AI,human_written,1,0.6350,2637,Biology,Sophomore,0.5343,0.1707,0.1233
SUB1103,Originality.ai,ai_generated,0,0.3495,2362,Mathematics,Sophomore,0.5453,0.4054,0.7054
SUB1104,Originality.ai,ai_generated,0,0.7824,3104,Chemistry,Sophomore,0.5250,0.3517,0.7994
SUB1105,Copyleaks,human_written,0,0.2438,996,History,Junior,0.5288,0.2609,0.0325
SUB1106,Copyleaks,human_written,0,0.7093,3889,Mathematics,Junior,0.6066,0.2444,0.0341
SUB1107,Winston AI,mixed,0,0.6435,4503,Physics,Graduate,0.4724,0.3359,0.7471
SUB1108,Originality.ai,human_written,0,0.8428,2440,History,Graduate,0.5864,0.1992,0.0000
SUB1109,Originality.ai,human_written,0,0.6593,2218,Biology,Senior,0.5241,0.3356,0.0128
SUB1110,Turnitin,mixed,0,0.3420,2963,Psychology,Graduate,0.7009,0.2783,0.0925
SUB1111,GPTZero,human_written,0,0.4581,3413,Physics,Sophomore,0.3105,0.3671,0.1615
SUB1112,Copyleaks,ai_generated,1,0.9321,3359,Mathematics,Freshman,0.5042,0.2638,0.9446
SUB1113,GPTZero,human_written,0,0.3399,4988,Mathematics,Freshman,0.4749,0.2719,0.1422
SUB1114,Winston AI,human_written,0,0.3703,1388,Physics,Junior,0.4184,0.1603,0.1541
SUB1115,Originality.ai,human_written,0,0.3540,559,Computer Science,Freshman,0.5652,0.4311,0.0000
SUB1116,Copyleaks,mixed,0,0.2397,4522,Computer Science,Junior,0.4355,0.3646,0.2441
SUB1117,Originality.ai,human_written,0,0.8836,1694,Computer Science,Graduate,0.5774,0.4669,0.0000
SUB1118,Originality.ai,ai_generated,1,0.2817,4368,English,Freshman,0.6033,0.2591,0.7915
SUB1119,GPTZero,mixed,1,0.0379,3268,Psychology,Sophomore,0.5936,0.2449,0.9006
SUB1120,Copyleaks,human_written,0,0.4595,4878,English,Sophomore,0.6795,0.2622,0.0344
SUB1121,Copyleaks,human_written,0,0.4405,2357,Psychology,Senior,0.6042,0.3589,0.0363
SUB1122,Turnitin,ai_generated,1,0.7263,3813,Computer Science,Graduate,0.4058,0.3451,0.8783
SUB1123,Winston AI,ai_generated,1,0.5953,3014,Physics,Freshman,0.5309,0.3064,0.9382
SUB1124,GPTZero,ai_generated,1,0.4018,2352,English,Sophomore,0.7550,0.3563,0.8770
SUB1125,Turnitin,ai_generated,1,0.6555,1441,Biology,Junior,0.4190,0.0569,0.9588
SUB1126,Copyleaks,mixed,0,0.3074,1576,Physics,Sophomore,0.5822,0.3466,0.3299
SUB1127,GPTZero,human_written,0,0.2746,698,Computer Science,Graduate,0.1737,0.3636,0.1604
SUB1128,GPTZero,ai_generated,1,0.0804,4507,Mathematics,Junior,0.1649,0.2892,1.0000
SUB1129,Originality.ai,ai_generated,0,0.6143,4774,History,Senior,0.4670,0.3453,0.8767
SUB1130,Turnitin,human_written,0,0.2517,2903,History,Freshman,0.7093,0.3204,0.0290
SUB1131,Copyleaks,ai_generated,1,0.3776,3791,Psychology,Junior,0.4554,0.4345,0.9042
SUB1132,Originality.ai,human_written,0,0.4311,4951,Mathematics,Junior,0.6209,0.1652,0.0464
SUB1133,GPTZero,human_written,0,0.7420,1193,History,Freshman,0.6736,0.4149,0.1700
SUB1134,Winston AI,ai_generated,1,0.1691,4926,Computer Science,Graduate,0.4177,0.4430,0.9555
SUB1135,Originality.ai,mixed,1,0.4924,4774,Biology,Junior,0.4800,0.2030,0.3077
SUB1136,Originality.ai,human_written,0,0.3150,1143,Biology,Graduate,0.5608,0.4944,0.0000
SUB1137,Winston AI,human_written,0,0.2706,1493,History,Senior,0.7691,0.2903,0.1498
SUB1138,Winston AI,ai_generated,1,0.2650,4107,Biology,Junior,0.4636,0.3101,1.0000
SUB1139,Turnitin,human_written,0,0.1215,4870,Chemistry,Graduate,0.4689,0.2506,0.0532
SUB1140,Originality.ai,human_written,0,0.3723,1984,Mathematics,Graduate,0.8169,0.1755,0.0000
SUB1141,Turnitin,human_written,0,0.4009,4085,English,Senior,0.2864,0.2584,0.0453
SUB1142,Turnitin,ai_generated,0,0.3431,2536,History,Senior,0.4674,0.2121,0.8314
SUB1143,Turnitin,human_written,0,0.3145,1195,Psychology,Sophomore,0.4052,0.2690,0.0408
SUB1144,Turnitin,human_written,0,0.7151,2978,History,Junior,0.5391,0.1648,0.0278
SUB1145,Originality.ai,mixed,0,0.4716,4563,Physics,Freshman,0.2806,0.3508,0.1975
SUB1146,Copyleaks,ai_generated,1,0.1253,4163,Physics,Freshman,0.4035,0.3497,0.9109
SUB1147,Originality.ai,human_written,0,0.6377,4457,Biology,Freshman,0.4773,0.3533,0.0000
SUB1148,Turnitin,human_written,0,0.8808,2659,History,Senior,0.6270,0.4632,0.0943
SUB1149,Winston AI,human_written,0,0.6727,2466,Biology,Senior,0.4663,0.1402,0.1496
SUB1150,GPTZero,human_written,0,0.1888,3624,Computer Science,Freshman,0.4945,0.1204,0.1131
SUB1151,Copyleaks,mixed,0,0.2690,620,Chemistry,Freshman,0.5166,0.1522,0.1683
SUB1152,Copyleaks,ai_generated,0,0.6975,3051,English,Graduate,0.2081,0.2249,0.6395
SUB1153,GPTZero,ai_generated,1,0.0257,3030,Computer Science,Freshman,0.2835,0.3778,0.9538
SUB1154,GPTZero,ai_generated,1,0.1750,4364,Chemistry,Sophomore,0.4593,0.4234,0.9928
SUB1155,Turnitin,ai_generated,1,0.3702,3204,Mathematics,Freshman,0.1981,0.3776,0.8604
SUB1156,Copyleaks,human_written,0,0.8222,4362,Mathematics,Sophomore,0.4408,0.4142,0.0042
SUB1157,Winston AI,mixed,0,0.1019,1105,Chemistry,Senior,0.6430,0.3521,0.5293
SUB1158,Copyleaks,human_written,0,0.1519,984,Physics,Senior,0.2633,0.2890,0.0215
SUB1159,Turnitin,human_written,0,0.2856,4686,Mathematics,Freshman,0.6246,0.1205,0.0947
SUB1160,Turnitin,mixed,1,0.7685,2535,Mathematics,Sophomore,0.7033,0.2518,0.4355
SUB1161,Turnitin,human_written,0,0.3717,3315,Computer Science,Junior,0.5010,0.1751,0.0467
SUB1162,Originality.ai,ai_generated,1,0.4452,919,English,Graduate,0.5272,0.2776,0.7812
SUB1163,Copyleaks,human_written,0,0.3608,2853,History,Graduate,0.4251,0.2519,0.0129
SUB1164,GPTZero,human_written,1,0.5230,4403,Computer Science,Freshman,0.4643,0.4591,0.1663
SUB1165,Winston AI,mixed,0,0.6411,1226,Computer Science,Junior,0.6224,0.3652,0.6045
SUB1166,Originality.ai,ai_generated,0,0.2378,4407,Physics,Graduate,0.4696,0.4617,0.5309
SUB1167,GPTZero,human_written,0,0.5364,3744,Psychology,Junior,1.0000,0.3339,0.1681
SUB1168,Copyleaks,mixed,0,0.2841,4209,Mathematics,Senior,0.4400,0.3210,0.5686
SUB1169,Turnitin,human_written,0,0.3979,2573,History,Senior,0.6142,0.4164,0.0000
SUB1170,Copyleaks,ai_generated,1,0.1449,4302,Mathematics,Senior,0.4974,0.3688,0.8699
SUB1171,Turnitin,human_written,0,0.5533,4870,Psychology,Junior,0.3304,0.1710,0.0581
SUB1172,Originality.ai,human_written,0,0.4310,2374,Psychology,Senior,0.5136,0.3720,0.0000
SUB1173,Originality.ai,ai_generated,1,0.5309,4745,Chemistry,Senior,0.5963,0.2240,0.6976
SUB1174,Originality.ai,human_written,0,0.6077,2234,Physics,Senior,0.5986,0.1203,0.0524
SUB1175,Copyleaks,mixed,1,0.2032,1698,Psychology,Senior,0.4794,0.3787,0.5101
SUB1176,Copyleaks,ai_generated,1,0.0853,2647,Biology,Graduate,0.3340,0.4680,0.7455
SUB1177,Copyleaks,ai_generated,1,0.7078,3024,History,Sophomore,0.7818,0.2996,0.9064
SUB1178,Turnitin,human_written,0,0.7202,4109,Chemistry,Freshman,0.3494,0.3477,0.0809
SUB1179,Turnitin,human_written,0,0.5411,1963,Mathematics,Junior,0.1078,0.2971,0.0427
SUB1180,Turnitin,ai_generated,1,0.6253,3020,Computer Science,Senior,0.3427,0.3530,0.7877
SUB1181,Winston AI,mixed,1,0.3348,2117,English,Sophomore,0.6541,0.2983,0.5763
SUB1182,Turnitin,mixed,1,0.0923,3025,History,Junior,0.6504,0.1792,0.6446
SUB1183,Turnitin,human_written,0,0.2037,1808,Computer Science,Sophomore,0.3549,0.2697,0.0210
SUB1184,Winston AI,human_written,0,0.1847,1821,Psychology,Graduate,0.4462,0.3133,0.1135
SUB1185,Copyleaks,human_written,0,0.2495,526,Chemistry,Junior,0.8428,0.5173,0.0278
SUB1186,GPTZero,ai_generated,1,0.7243,2151,English,Junior,0.5602,0.4008,0.9032
SUB1187,Originality.ai,human_written,0,0.5447,3595,Physics,Freshman,0.5095,0.2234,0.0291
SUB1188,Turnitin,human_written,0,0.2550,2751,Computer Science,Sophomore,0.6359,0.3531,0.0199
SUB1189,Copyleaks,human_written,0,0.1066,4172,Physics,Senior,0.6073,0.1996,0.0312
SUB1190,Turnitin,ai_generated,1,0.3491,4690,History,Sophomore,0.6236,0.1254,0.9392
SUB1191,Copyleaks,human_written,0,0.6389,3133,Physics,Graduate,0.5459,0.2224,0.0018
SUB1192,Originality.ai,ai_generated,1,0.6674,4252,Biology,Senior,0.4460,0.3487,0.8601
SUB1193,Originality.ai,mixed,0,0.2732,1023,Chemistry,Junior,0.4274,0.3805,0.3008
SUB1194,Copyleaks,human_written,1,0.2986,645,Biology,Senior,0.4843,0.2853,0.0341
SUB1195,GPTZero,ai_generated,1,0.1567,1542,Biology,Graduate,0.1699,0.3315,0.8506
SUB1196,Turnitin,ai_generated,1,0.0973,2894,Physics,Freshman,0.4185,0.2538,0.6779
SUB1197,Originality.ai,human_written,0,0.0763,3433,English,Freshman,0.6927,0.2844,0.0000
SUB1198,Turnitin,mixed,0,0.3119,2809,Mathematics,Freshman,0.5360,0.2418,0.0992
SUB1199,Winston AI,human_written,1,0.4669,3710,Computer Science,Junior,0.4153,0.2868,0.1186
SUB1200,Winston AI,human_written,0,0.3875,1309,English,Freshman,0.5396,0.1634,0.1210
SUB1201,GPTZero,ai_generated,0,0.0849,4897,Psychology,Graduate,0.5038,0.1315,0.7458
SUB1202,Winston AI,ai_generated,1,0.2963,4419,English,Senior,0.3033,0.4204,1.0000
SUB1203,Winston AI,mixed,0,0.1255,4084,Psychology,Senior,0.3529,0.3824,0.4826
SUB1204,Winston AI,human_written,0,0.4627,4774,Physics,Graduate,0.3421,0.0913,0.0975
SUB1205,Copyleaks,mixed,0,0.2199,1673,Chemistry,Freshman,0.6331,0.4343,0.3294
SUB1206,Turnitin,human_written,0,0.1684,1378,Psychology,Senior,0.4498,0.2777,0.0571
SUB1207,Winston AI,mixed,1,0.2489,4575,Biology,Freshman,0.5983,0.1435,0.5948
SUB1208,Winston AI,human_written,0,0.4631,4828,Chemistry,Graduate,0.1080,0.4926,0.1521
SUB1209,GPTZero,human_written,0,0.3146,4642,Computer Science,Junior,0.5759,0.3635,0.1577
SUB1210,Winston AI,human_written,0,0.7289,4245,Biology,Junior,0.4688,0.2464,0.1134
SUB1211,GPTZero,human_written,0,0.5602,4517,Biology,Graduate,0.7511,0.2508,0.1919
SUB1212,Originality.ai,human_written,0,0.5871,1966,Psychology,Senior,0.4017,0.3091,0.0200
SUB1213,Copyleaks,ai_generated,1,0.7265,769,Biology,Junior,0.8092,0.1856,0.7521
SUB1214,Turnitin,human_written,0,0.6047,2823,English,Sophomore,0.4779,0.4418,0.0666
SUB1215,Winston AI,mixed,0,0.3391,2498,Mathematics,Graduate,0.5309,0.3249,0.4400
SUB1216,Copyleaks,human_written,0,0.2701,685,Chemistry,Sophomore,0.4605,0.2522,0.0379
SUB1217,GPTZero,mixed,1,0.2153,2006,English,Junior,0.6450,0.1993,0.3647
SUB1218,Winston AI,mixed,1,0.4379,587,English,Junior,0.6386,0.4503,0.2877
SUB1219,GPTZero,human_written,0,0.5469,4554,Computer Science,Freshman,0.3904,0.1520,0.1560
SUB1220,Turnitin,ai_generated,1,0.3474,4239,Psychology,Junior,0.3431,0.3467,0.9758
SUB1221,GPTZero,human_written,0,0.7268,4990,Biology,Senior,0.1302,0.4129,0.1580
SUB1222,Originality.ai,ai_generated,0,0.4794,2801,Biology,Freshman,0.6329,0.3294,0.7071
SUB1223,Copyleaks,human_written,0,0.8768,2157,Biology,Junior,0.6919,0.2601,0.0566
SUB1224,Turnitin,ai_generated,1,0.5485,2206,English,Senior,0.8224,0.3311,1.0000
SUB1225,Turnitin,human_written,0,0.8110,1050,English,Graduate,0.7128,0.3532,0.0537
SUB1226,Copyleaks,human_written,0,0.3362,4613,Physics,Freshman,0.5141,0.3731,0.0077
SUB1227,Originality.ai,ai_generated,0,0.2282,2526,Physics,Sophomore,0.2989,0.4153,0.7879
SUB1228,Copyleaks,mixed,1,0.1327,4669,History,Sophomore,0.4413,0.3804,0.5326
SUB1229,Turnitin,ai_generated,1,0.2974,3960,Computer Science,Junior,0.6363,0.3711,0.8318
SUB1230,Turnitin,ai_generated,1,0.4298,3083,Biology,Freshman,0.3911,0.3257,0.9209
SUB1231,Turnitin,human_written,0,0.2507,2923,Biology,Junior,0.8573,0.3227,0.0696
SUB1232,GPTZero,human_written,0,0.2373,2429,History,Graduate,0.3215,0.3386,0.0902
SUB1233,Winston AI,mixed,0,0.2132,1511,Computer Science,Senior,0.4694,0.3716,0.0399
SUB1234,Originality.ai,human_written,0,0.5825,695,Biology,Graduate,0.5659,0.3032,0.0326
SUB1235,Winston AI,human_written,0,0.2204,2935,Biology,Junior,0.6524,0.1533,0.1303
SUB1236,Originality.ai,mixed,1,0.6778,2065,Chemistry,Senior,0.6271,0.2848,0.3875
SUB1237,Winston AI,ai_generated,0,0.4881,3818,Psychology,Freshman,0.3747,0.4923,0.9637
SUB1238,Copyleaks,human_written,0,0.1396,3847,English,Graduate,0.6400,0.3147,0.0299
SUB1239,Winston AI,human_written,0,0.4523,3273,Psychology,Graduate,0.5376,0.3632,0.1692
SUB1240,Turnitin,human_written,0,0.3688,2297,History,Sophomore,0.5029,0.2304,0.0218
SUB1241,GPTZero,human_written,0,0.5364,1392,Computer Science,Senior,0.4294,0.2751,0.1475
SUB1242,Originality.ai,mixed,1,0.5378,4727,Biology,Sophomore,0.5645,0.2168,0.6174
SUB1243,Turnitin,ai_generated,1,0.1311,3580,Biology,Senior,0.7954,0.3552,1.0000
SUB1244,Originality.ai,ai_generated,0,0.4146,1555,Biology,Senior,0.3596,0.4456,0.7135
SUB1245,Winston AI,human_written,0,0.6612,4891,Biology,Graduate,0.4639,0.3399,0.1535
SUB1246,Winston AI,human_written,0,0.6702,3321,Physics,Freshman,0.5558,0.4035,0.1168
SUB1247,Copyleaks,human_written,0,0.2440,4815,English,Freshman,0.5960,0.2279,0.0441
SUB1248,GPTZero,mixed,0,0.3206,4650,Computer Science,Junior,0.4383,0.4461,0.7214
SUB1249,Winston AI,human_written,0,0.3459,3421,Psychology,Freshman,0.7774,0.4087,0.0895
SUB1250,Copyleaks,human_written,0,0.1556,2336,Computer Science,Freshman,0.3679,0.3640,0.0000
SUB1251,Turnitin,ai_generated,1,0.5890,4991,Psychology,Graduate,0.5199,0.2283,0.8780
SUB1252,Winston AI,human_written,1,0.1755,2165,English,Junior,0.6561,0.3276,0.1926
SUB1253,Turnitin,ai_generated,1,0.1624,4343,Biology,Graduate,0.6996,0.2661,0.9327
SUB1254,GPTZero,ai_generated,0,0.1159,4553,Mathematics,Senior,0.5417,0.2598,0.8344
SUB1255,Turnitin,human_written,0,0.4686,2527,Physics,Junior,0.7840,0.4369,0.0227
SUB1256,Turnitin,human_written,0,0.6998,2724,Mathematics,Senior,0.5188,0.2466,0.0312
SUB1257,Winston AI,human_written,0,0.2276,3489,Physics,Sophomore,0.6244,0.2599,0.1106
SUB1258,Winston AI,human_written,0,0.3823,2332,Physics,Sophomore,0.4396,0.2844,0.1203
SUB1259,Turnitin,ai_generated,1,0.2949,1289,Biology,Senior,0.5291,0.1903,0.8665
SUB1260,GPTZero,mixed,1,0.3052,4554,Computer Science,Senior,0.4977,0.1286,0.5268
SUB1261,Originality.ai,human_written,0,0.2262,2017,History,Senior,0.5664,0.3871,0.0000
SUB1262,GPTZero,human_written,0,0.3494,4597,Chemistry,Senior,0.5116,0.4143,0.1397
SUB1263,GPTZero,human_written,0,0.5001,1423,Psychology,Sophomore,0.4502,0.3786,0.2056
SUB1264,Originality.ai,human_written,0,0.6115,4001,Physics,Graduate,0.2330,0.5314,0.0000
SUB1265,GPTZero,ai_generated,1,0.5084,4142,English,Junior,0.7628,0.4043,0.9545
SUB1266,Turnitin,human_written,0,0.1777,3789,Computer Science,Senior,0.5743,0.1905,0.0121
SUB1267,GPTZero,human_written,1,0.1871,4883,Mathematics,Graduate,0.7042,0.3016,0.1650
SUB1268,Turnitin,human_written,0,0.4618,3603,History,Sophomore,0.4504,0.4406,0.0482
SUB1269,Originality.ai,human_written,0,0.5805,552,Psychology,Graduate,0.8091,0.2498,0.0000
SUB1270,Copyleaks,mixed,0,0.6750,4120,Computer Science,Graduate,0.3901,0.1628,0.3918
SUB1271,Winston AI,ai_generated,1,0.5215,1172,Psychology,Senior,0.6814,0.1857,0.9512
SUB1272,Originality.ai,human_written,0,0.2838,2410,Chemistry,Sophomore,0.5492,0.3747,0.0000
SUB1273,Turnitin,ai_generated,1,0.0799,4439,English,Senior,0.3795,0.4665,1.0000
SUB1274,Copyleaks,human_written,0,0.1184,1672,Computer Science,Junior,0.6302,0.3048,0.0213
SUB1275,Winston AI,mixed,0,0.3212,1376,Chemistry,Graduate,0.5170,0.2707,0.5806
SUB1276,GPTZero,human_written,0,0.5873,4045,Biology,Senior,0.3539,0.2324,0.0875
SUB1277,Copyleaks,mixed,0,0.4985,3102,Physics,Senior,0.5265,0.2035,0.2816
SUB1278,GPTZero,ai_generated,1,0.3829,2882,Chemistry,Freshman,0.6224,0.0697,0.8893
SUB1279,Winston AI,human_written,0,0.1300,666,Biology,Graduate,0.6781,0.3418,0.1744
SUB1280,Winston AI,human_written,1,0.2526,859,Mathematics,Graduate,0.5582,0.5980,0.0960
SUB1281,GPTZero,human_written,0,0.2112,3384,Psychology,Senior,0.3346,0.3438,0.1040
SUB1282,Winston AI,ai_generated,1,0.1447,1691,Mathematics,Graduate,0.4575,0.3613,0.9452
SUB1283,Originality.ai,human_written,0,0.4343,1502,English,Junior,0.6779,0.2573,0.0000
SUB1284,Copyleaks,human_written,0,0.2162,1733,Mathematics,Senior,0.2853,0.3229,0.0579
SUB1285,Winston AI,human_written,0,0.6123,2703,History,Freshman,0.6638,0.1591,0.1434
SUB1286,GPTZero,human_written,0,0.4525,2787,History,Sophomore,0.4042,0.2629,0.1761
SUB1287,Originality.ai,human_written,0,0.1670,3698,Biology,Graduate,0.7368,0.2418,0.0092
SUB1288,GPTZero,mixed,1,0.1013,2971,Psychology,Freshman,0.6606,0.2868,0.6002
SUB1289,Turnitin,ai_generated,0,0.1686,1445,Mathematics,Freshman,0.8195,0.4058,0.6066
SUB1290,Turnitin,ai_generated,1,0.2346,906,History,Graduate,0.3474,0.4042,0.8536
SUB1291,Originality.ai,ai_generated,1,0.1508,2832,Chemistry,Graduate,0.5722,0.2696,0.7477
SUB1292,Originality.ai,human_written,0,0.1387,1579,Biology,Graduate,0.4370,0.3222,0.0350
SUB1293,Originality.ai,human_written,0,0.5659,3273,Mathematics,Sophomore,0.4348,0.3126,0.0366
SUB1294,Winston AI,human_written,0,0.6550,4820,Computer Science,Sophomore,0.3213,0.2294,0.1330
SUB1295,GPTZero,mixed,1,0.5880,3319,Psychology,Junior,0.2204,0.2651,0.3588
SUB1296,Originality.ai,human_written,0,0.4006,1915,Biology,Junior,0.4230,0.4343,0.0000
SUB1297,Winston AI,ai_generated,1,0.2647,2968,Biology,Freshman,0.4341,0.3707,0.9550
SUB1298,Turnitin,mixed,0,0.4769,4944,History,Senior,0.7889,0.2694,0.3481
SUB1299,Copyleaks,mixed,0,0.3648,3578,Physics,Freshman,0.4770,0.3080,0.2793
SUB1300,GPTZero,ai_generated,1,0.3685,1672,Biology,Junior,0.5868,0.0616,1.0000
SUB1301,GPTZero,ai_generated,1,0.1027,3519,Chemistry,Graduate,0.4936,0.2874,1.0000
SUB1302,GPTZero,human_written,1,0.4299,823,History,Junior,0.7515,0.3900,0.1316
SUB1303,Winston AI,human_written,0,0.2878,3462,Mathematics,Graduate,0.3192,0.0558,0.1047
SUB1304,Winston AI,ai_generated,1,0.1547,2127,Chemistry,Sophomore,0.6772,0.2427,1.0000
SUB1305,Turnitin,ai_generated,0,0.4755,1193,English,Sophomore,0.2455,0.1558,0.5853
SUB1306,Winston AI,ai_generated,1,0.3558,4735,Chemistry,Graduate,0.5292,0.2394,0.9339
SUB1307,Winston AI,mixed,0,0.8093,4360,Mathematics,Senior,0.6234,0.3212,0.3471
SUB1308,GPTZero,human_written,0,0.0950,1008,Mathematics,Graduate,0.7868,0.4041,0.1696
SUB1309,Winston AI,ai_generated,1,0.8327,1398,History,Graduate,0.5605,0.3900,0.9023
SUB1310,GPTZero,mixed,0,0.6930,4990,Psychology,Sophomore,0.4650,0.2448,0.3971
SUB1311,GPTZero,ai_generated,1,0.6047,2814,Computer Science,Senior,0.6788,0.3169,1.0000
SUB1312,Turnitin,mixed,0,0.5722,4738,History,Graduate,0.3402,0.2114,0.3966
SUB1313,Winston AI,human_written,0,0.2445,2627,Physics,Freshman,0.5130,0.3743,0.1759
SUB1314,Copyleaks,human_written,0,0.8109,1485,Chemistry,Graduate,0.6001,0.1488,0.0076
SUB1315,Copyleaks,mixed,0,0.6534,3502,History,Graduate,0.6236,0.3303,0.2747
SUB1316,Winston AI,mixed,1,0.0785,4696,Physics,Junior,0.4218,0.2803,0.5937
SUB1317,GPTZero,mixed,0,0.3782,4169,Physics,Sophomore,0.3216,0.5056,0.1365
SUB1318,Originality.ai,human_written,1,0.1275,1999,Physics,Graduate,0.8389,0.3612,0.0515
SUB1319,GPTZero,ai_generated,1,0.1360,3777,Chemistry,Freshman,0.7250,0.0842,1.0000
SUB1320,Winston AI,human_written,0,0.5041,1780,Biology,Sophomore,0.7753,0.3367,0.1317
SUB1321,Copyleaks,ai_generated,1,0.3786,2319,Physics,Freshman,0.3748,0.1759,0.8806
SUB1322,Originality.ai,mixed,0,0.3832,3483,Physics,Graduate,0.8503,0.2019,0.4927
SUB1323,Copyleaks,human_written,1,0.4652,4356,Mathematics,Sophomore,0.4752,0.2402,0.0338
SUB1324,Turnitin,ai_generated,0,0.3204,2772,Chemistry,Graduate,0.2974,0.2439,0.6952
SUB1325,Copyleaks,mixed,0,0.1977,4002,Mathematics,Freshman,0.4942,0.5459,0.4873
SUB1326,Winston AI,mixed,1,0.6097,1397,Psychology,Freshman,0.4919,0.1795,0.5115
SUB1327,Winston AI,human_written,0,0.3168,3363,Mathematics,Sophomore,0.3520,0.2764,0.1111
SUB1328,Turnitin,ai_generated,1,0.6292,2999,Psychology,Graduate,0.3806,0.4508,0.7771
SUB1329,Originality.ai,ai_generated,1,0.2379,526,Mathematics,Graduate,0.6299,0.2933,0.8831
SUB1330,Turnitin,human_written,0,0.6780,2004,Psychology,Senior,0.6834,0.2962,0.0730
SUB1331,Turnitin,ai_generated,1,0.2911,3219,English,Freshman,0.3917,0.2421,0.7740
SUB1332,GPTZero,human_written,0,0.4328,3798,Biology,Senior,0.1862,0.2480,0.1557
SUB1333,Copyleaks,ai_generated,0,0.0153,742,History,Senior,0.6328,0.3938,0.6758
SUB1334,Winston AI,human_written,0,0.6252,4033,History,Graduate,0.3550,0.3382,0.1003
SUB1335,GPTZero,ai_generated,1,0.6369,1581,Chemistry,Freshman,0.6861,0.3320,1.0000
SUB1336,Copyleaks,ai_generated,1,0.6115,2079,History,Senior,0.2353,0.3455,1.0000
SUB1337,GPTZero,human_written,0,0.4447,4171,Biology,Freshman,0.6406,0.2797,0.1895
SUB1338,Winston AI,ai_generated,1,0.5207,1790,English,Junior,0.4605,0.4198,0.8260
SUB1339,GPTZero,mixed,1,0.6446,2478,English,Freshman,0.5065,0.3140,0.7954
SUB1340,Copyleaks,ai_generated,1,0.4222,1498,Mathematics,Sophomore,0.2004,0.3393,0.8176
SUB1341,Originality.ai,ai_generated,1,0.7135,2956,History,Graduate,0.7148,0.2541,0.6618
SUB1342,Turnitin,human_written,0,0.1333,576,English,Freshman,0.4517,0.3235,0.0620
SUB1343,Originality.ai,human_written,0,0.5564,722,Mathematics,Freshman,0.4452,0.3115,0.0303
SUB1344,Copyleaks,human_written,0,0.5333,4307,History,Freshman,0.4686,0.3765,0.0333
SUB1345,GPTZero,ai_generated,1,0.1633,1224,Computer Science,Sophomore,0.3114,0.2974,0.9474
SUB1346,Turnitin,human_written,0,0.1037,4934,Biology,Graduate,0.5061,0.3015,0.0779
SUB1347,Turnitin,human_written,1,0.2751,2086,English,Senior,0.7906,0.2285,0.0576
SUB1348,GPTZero,ai_generated,1,0.1419,1905,History,Senior,0.6056,0.2632,0.8491
SUB1349,GPTZero,ai_generated,1,0.8932,3477,Mathematics,Junior,0.5755,0.2386,0.7847
SUB1350,Turnitin,human_written,0,0.7521,1642,Computer Science,Senior,0.4309,0.2273,0.0122
SUB1351,Copyleaks,human_written,0,0.5723,950,Mathematics,Freshman,0.6794,0.2952,0.0000
SUB1352,Originality.ai,mixed,0,0.5099,2474,Chemistry,Graduate,0.5570,0.3567,0.6032
SUB1353,Copyleaks,human_written,0,0.3625,1457,Biology,Graduate,0.5753,0.4527,0.0533
SUB1354,Winston AI,ai_generated,1,0.2374,787,Psychology,Junior,0.4498,0.3833,0.8634
SUB1355,Originality.ai,ai_generated,1,0.5838,852,Biology,Senior,0.4381,0.4125,0.8306
SUB1356,Turnitin,ai_generated,1,0.5237,3824,Chemistry,Junior,0.4518,0.5257,0.8743
SUB1357,Copyleaks,mixed,0,0.1976,2762,History,Sophomore,0.3989,0.3010,0.6248
SUB1358,Originality.ai,mixed,1,0.5774,2675,Chemistry,Senior,0.5516,0.3624,0.5876
SUB1359,Winston AI,ai_generated,1,0.3789,4440,Biology,Senior,0.6953,0.1846,0.8050
SUB1360,Turnitin,ai_generated,1,0.5459,3674,Computer Science,Sophomore,0.3931,0.3328,0.8814
SUB1361,Originality.ai,human_written,0,0.1840,2437,English,Sophomore,0.6638,0.4343,0.0554
SUB1362,Winston AI,ai_generated,0,0.4414,4427,Physics,Freshman,0.7785,0.3032,0.7706
SUB1363,Winston AI,ai_generated,1,0.6057,2522,Psychology,Junior,0.5541,0.3492,0.8244
SUB1364,Winston AI,human_written,0,0.7088,4644,Mathematics,Junior,0.3867,0.4897,0.1287
SUB1365,Winston AI,ai_generated,1,0.3450,1731,Biology,Senior,0.3474,0.4699,0.9403
SUB1366,Winston AI,mixed,0,0.2301,846,English,Junior,0.4965,0.4726,0.4948
SUB1367,Copyleaks,human_written,0,0.2335,2760,Biology,Freshman,0.5473,0.2186,0.0000
SUB1368,Copyleaks,human_written,0,0.3084,2893,Psychology,Junior,0.5804,0.3730,0.0146
SUB1369,GPTZero,ai_generated,1,0.8687,4265,Psychology,Junior,0.3776,0.2151,0.9279
SUB1370,Turnitin,ai_generated,1,0.1607,1813,Computer Science,Graduate,0.5814,0.4763,0.8730
SUB1371,Winston AI,ai_generated,1,0.4638,1917,Biology,Graduate,0.2307,0.2096,0.9163
SUB1372,Winston AI,human_written,0,0.2402,4831,Psychology,Sophomore,0.5127,0.3339,0.1358
SUB1373,GPTZero,mixed,0,0.3437,584,Physics,Senior,0.4999,0.2564,0.3929
SUB1374,Originality.ai,ai_generated,0,0.6716,2418,Chemistry,Sophomore,0.4549,0.3774,0.6662
SUB1375,GPTZero,ai_generated,1,0.3585,1082,History,Junior,0.4653,0.2977,0.8830
SUB1376,Originality.ai,human_written,0,0.3052,1627,Biology,Junior,0.6801,0.3979,0.0000
SUB1377,Turnitin,human_written,0,0.0748,2319,English,Graduate,0.3256,0.2323,0.0787
SUB1378,GPTZero,mixed,1,0.5081,695,Computer Science,Graduate,0.5646,0.2573,0.4880
SUB1379,Turnitin,human_written,0,0.1806,4478,Psychology,Sophomore,0.6419,0.4396,0.0000
SUB1380,Originality.ai,human_written,0,0.6540,1450,Psychology,Junior,0.3121,0.2813,0.0000
SUB1381,Winston AI,mixed,1,0.1009,689,Biology,Senior,0.3257,0.1750,0.5703
SUB1382,Originality.ai,human_written,0,0.4362,4377,Mathematics,Senior,0.5799,0.4322,0.0060
SUB1383,Originality.ai,human_written,0,0.2625,2667,History,Sophomore,0.5203,0.2153,0.0088
SUB1384,GPTZero,human_written,0,0.5724,3200,Physics,Graduate,0.2418,0.2018,0.1371
SUB1385,GPTZero,mixed,0,0.3929,618,Mathematics,Sophomore,0.4198,0.1936,0.3243
SUB1386,Copyleaks,human_written,0,0.1717,2568,Mathematics,Sophomore,0.2364,0.3762,0.0000
SUB1387,Originality.ai,human_written,0,0.3947,1052,Psychology,Junior,0.2894,0.2545,0.0250
SUB1388,Originality.ai,human_written,0,0.6320,4142,Psychology,Sophomore,0.4406,0.3578,0.0000
SUB1389,Originality.ai,mixed,0,0.6131,4671,Computer Science,Senior,0.3107,0.2383,0.4770
SUB1390,Winston AI,mixed,0,0.2120,1107,Chemistry,Junior,0.4793,0.2382,0.4505
SUB1391,Copyleaks,ai_generated,1,0.5654,1705,Computer Science,Junior,0.3950,0.1771,1.0000
SUB1392,Turnitin,ai_generated,1,0.4177,1344,Mathematics,Graduate,0.3894,0.2037,1.0000
SUB1393,Turnitin,human_written,0,0.5213,2295,English,Sophomore,0.3064,0.3785,0.0790
SUB1394,GPTZero,ai_generated,0,0.5705,2716,Computer Science,Senior,0.6180,0.3683,0.8661
SUB1395,Turnitin,human_written,0,0.5635,2080,Biology,Graduate,0.5440,0.0483,0.0593
SUB1396,Originality.ai,human_written,0,0.3010,2206,History,Senior,0.4419,0.2710,0.0847
SUB1397,Copyleaks,human_written,0,0.6138,523,Computer Science,Junior,0.6227,0.4784,0.0199
SUB1398,Winston AI,human_written,1,0.0995,2166,Psychology,Freshman,0.5937,0.1808,0.1478
SUB1399,GPTZero,mixed,1,0.5944,4017,English,Junior,0.4303,0.1398,0.5381
SUB1400,Turnitin,human_written,0,0.4288,2834,Biology,Graduate,0.5104,0.2200,0.0899
SUB1401,Winston AI,human_written,0,0.6558,554,Biology,Senior,0.4614,0.2530,0.1258
SUB1402,Copyleaks,human_written,0,0.3310,711,Biology,Junior,0.5986,0.2056,0.0190
SUB1403,Originality.ai,ai_generated,1,0.2108,1994,Physics,Graduate,0.4897,0.4039,0.7357
SUB1404,Originality.ai,mixed,0,0.6213,2421,Biology,Senior,0.5611,0.1867,0.3613
SUB1405,Winston AI,human_written,0,0.5093,1774,English,Graduate,0.4609,0.4684,0.0844
SUB1406,Copyleaks,human_written,0,0.6682,2330,Mathematics,Sophomore,0.3894,0.2474,0.0000
SUB1407,Originality.ai,ai_generated,1,0.2289,4742,Mathematics,Sophomore,0.5382,0.1859,0.7517
SUB1408,Turnitin,human_written,0,0.4746,4011,Biology,Senior,0.1976,0.3562,0.0431
SUB1409,Turnitin,human_written,0,0.2773,1761,English,Sophomore,0.7194,0.3538,0.0615
SUB1410,Winston AI,ai_generated,1,0.2759,1560,Physics,Senior,0.6663,0.3687,0.9574
SUB1411,Copyleaks,mixed,1,0.3831,568,Mathematics,Graduate,0.4855,0.2010,0.4550
SUB1412,GPTZero,ai_generated,1,0.2357,1497,English,Senior,0.5783,0.3593,0.8748
SUB1413,GPTZero,human_written,0,0.4284,2897,Chemistry,Senior,0.4837,0.3598,0.1378
SUB1414,Turnitin,mixed,0,0.6325,3861,Physics,Junior,0.3568,0.3041,0.4171
SUB1415,Turnitin,mixed,1,0.3376,2201,History,Freshman,0.5502,0.4662,0.4190
SUB1416,Winston AI,mixed,1,0.5191,2521,Computer Science,Junior,0.5518,0.3293,0.5199
SUB1417,GPTZero,human_written,0,0.4472,4006,History,Sophomore,0.1312,0.3377,0.0675
SUB1418,Winston AI,ai_generated,1,0.5979,1433,History,Senior,0.3469,0.3903,0.7288
SUB1419,GPTZero,human_written,0,0.6113,604,Physics,Freshman,0.6784,0.3202,0.1609
SUB1420,GPTZero,human_written,0,0.3157,3444,History,Sophomore,0.4630,0.0622,0.1399
SUB1421,Copyleaks,human_written,0,0.2869,2914,Biology,Senior,0.5900,0.2892,0.0606
SUB1422,Winston AI,human_written,1,0.5243,3713,Computer Science,Sophomore,0.4950,0.3947,0.1285
SUB1423,Winston AI,ai_generated,1,0.1721,2115,Psychology,Sophomore,0.5583,0.2598,1.0000
SUB1424,GPTZero,ai_generated,1,0.2169,3580,Psychology,Junior,0.3898,0.4161,0.8458
SUB1425,Originality.ai,human_written,0,0.7718,3620,Mathematics,Freshman,0.2615,0.1549,0.0188
SUB1426,Copyleaks,human_written,0,0.7311,1563,English,Graduate,0.6794,0.3676,0.0380
SUB1427,Turnitin,human_written,0,0.3211,959,History,Junior,0.2148,0.0754,0.0454
SUB1428,Originality.ai,human_written,0,0.2755,735,Chemistry,Junior,0.4581,0.2814,0.0112
SUB1429,Turnitin,mixed,1,0.6103,4441,Physics,Graduate,0.6052,0.2070,0.6002
SUB1430,Winston AI,ai_generated,1,0.7729,4812,Computer Science,Freshman,0.6394,0.3596,0.9045
SUB1431,Copyleaks,ai_generated,0,0.7229,3575,Mathematics,Freshman,0.5830,0.5127,0.8892
SUB1432,Originality.ai,ai_generated,1,0.5599,588,History,Sophomore,0.3857,0.3381,0.8818
SUB1433,Winston AI,mixed,1,0.6065,1611,Computer Science,Junior,0.3963,0.3663,0.3519
SUB1434,Originality.ai,mixed,0,0.1897,1506,English,Graduate,0.4693,0.4587,0.2048
SUB1435,Copyleaks,mixed,1,0.6483,1241,Computer Science,Freshman,0.3620,0.3041,0.6749
SUB1436,GPTZero,mixed,1,0.5792,4342,Chemistry,Senior,0.6960,0.5520,0.5202
SUB1437,Copyleaks,human_written,0,0.3471,4007,Computer Science,Freshman,0.5944,0.2994,0.0632
SUB1438,Turnitin,human_written,0,0.3123,1542,Biology,Junior,0.4722,0.4357,0.0449
SUB1439,Copyleaks,human_written,0,0.2750,4732,English,Graduate,0.4150,0.2889,0.0385
SUB1440,Copyleaks,mixed,0,0.4124,3264,Physics,Freshman,0.5573,0.3210,0.4052
SUB1441,Copyleaks,ai_generated,1,0.2596,4329,Mathematics,Junior,0.5620,0.5593,0.7694
SUB1442,GPTZero,ai_generated,1,0.5187,803,Chemistry,Graduate,0.6428,0.3834,0.9661
SUB1443,Originality.ai,ai_generated,1,0.6322,3999,Biology,Senior,0.2481,0.3975,0.7268
SUB1444,Winston AI,human_written,0,0.2207,2523,Biology,Freshman,0.7615,0.2918,0.1881
SUB1445,GPTZero,mixed,0,0.5138,1200,English,Graduate,0.4565,0.1538,0.4992
SUB1446,Winston AI,mixed,1,0.4823,3264,Physics,Junior,0.4376,0.3504,0.4327
SUB1447,Winston AI,human_written,0,0.1754,3578,Psychology,Senior,0.6923,0.2453,0.1520
SUB1448,Copyleaks,mixed,0,0.6459,2390,History,Junior,0.7593,0.2754,0.4575
SUB1449,GPTZero,ai_generated,1,0.2685,507,Biology,Graduate,0.4717,0.2921,0.9126
SUB1450,Originality.ai,human_written,0,0.2023,4677,Chemistry,Freshman,0.4034,0.2267,0.0000
SUB1451,Copyleaks,human_written,0,0.2625,3120,Mathematics,Junior,0.6917,0.3210,0.0584
SUB1452,Copyleaks,mixed,0,0.4517,662,Physics,Junior,0.4749,0.1995,0.2720
SUB1453,Copyleaks,mixed,1,0.6209,4507,Computer Science,Senior,0.6693,0.0554,0.4016
SUB1454,Originality.ai,human_written,0,0.2921,4892,History,Junior,0.1356,0.2218,0.0310
SUB1455,Winston AI,mixed,1,0.7106,1558,Biology,Sophomore,0.3532,0.3332,0.3249
SUB1456,Originality.ai,ai_generated,0,0.1983,4078,Mathematics,Freshman,0.3685,0.4606,0.7271
SUB1457,Turnitin,mixed,0,0.3012,4826,English,Sophomore,0.4762,0.2322,0.3270
SUB1458,Copyleaks,human_written,0,0.2114,1483,Computer Science,Junior,0.3272,0.4387,0.0295
SUB1459,Winston AI,human_written,0,0.4020,3016,History,Senior,0.5762,0.4663,0.1678
SUB1460,GPTZero,ai_generated,1,0.1429,4946,Biology,Sophomore,0.4546,0.2040,0.8019
SUB1461,Originality.ai,ai_generated,1,0.2488,2212,Physics,Senior,0.6370,0.4832,0.7831
SUB1462,Turnitin,human_written,0,0.5227,2300,Chemistry,Freshman,0.5008,0.1496,0.0588
SUB1463,Copyleaks,human_written,0,0.5803,3538,English,Sophomore,0.4433,0.2758,0.0184
SUB1464,Originality.ai,human_written,0,0.6678,835,Computer Science,Junior,0.4002,0.3516,0.0088
SUB1465,Turnitin,ai_generated,1,0.3703,1497,Computer Science,Senior,0.7894,0.1893,0.9352
SUB1466,GPTZero,human_written,0,0.4535,968,Physics,Sophomore,0.4578,0.1138,0.1544
SUB1467,Originality.ai,ai_generated,1,0.7510,4281,Physics,Sophomore,0.3282,0.2374,0.6893
SUB1468,GPTZero,human_written,1,0.6490,4952,Biology,Senior,0.6728,0.2293,0.1488
SUB1469,GPTZero,human_written,0,0.2092,4213,Physics,Graduate,0.6293,0.3149,0.1378
SUB1470,GPTZero,ai_generated,1,0.7151,2405,Physics,Freshman,0.6743,0.2311,0.8868
SUB1471,Originality.ai,ai_generated,0,0.1115,2556,Psychology,Graduate,0.4435,0.2210,0.7301
SUB1472,Turnitin,human_written,0,0.4436,2068,Computer Science,Junior,0.0755,0.3566,0.0278
SUB1473,Copyleaks,ai_generated,1,0.3919,1542,Psychology,Junior,0.3565,0.3990,0.8449
SUB1474,Originality.ai,human_written,0,0.2124,2087,Biology,Senior,0.6491,0.4822,0.0113
SUB1475,GPTZero,human_written,0,0.1715,4026,Chemistry,Graduate,0.4913,0.2813,0.1079
SUB1476,Copyleaks,human_written,0,0.5339,3004,Physics,Graduate,0.5184,0.2484,0.0611
SUB1477,Originality.ai,human_written,0,0.2294,3750,Chemistry,Freshman,0.4735,0.3662,0.0000
SUB1478,Originality.ai,human_written,0,0.1487,3545,History,Graduate,0.4169,0.3334,0.0155
SUB1479,GPTZero,ai_generated,1,0.1092,1150,History,Graduate,0.6158,0.1514,0.9993
SUB1480,Copyleaks,human_written,0,0.3854,1618,Computer Science,Graduate,0.5682,0.2690,0.0008
SUB1481,Winston AI,ai_generated,0,0.2364,595,Mathematics,Senior,0.4235,0.1940,0.6981
SUB1482,Turnitin,ai_generated,1,0.2469,2052,Mathematics,Senior,0.5651,0.3996,1.0000
SUB1483,Originality.ai,mixed,1,0.4302,2696,History,Junior,0.8076,0.5355,0.2622
SUB1484,Turnitin,ai_generated,1,0.3980,3171,English,Freshman,0.4389,0.2811,0.8406
SUB1485,Winston AI,ai_generated,1,0.4163,3473,Chemistry,Freshman,0.4365,0.1853,1.0000
SUB1486,Originality.ai,human_written,0,0.3723,4013,Chemistry,Junior,0.5211,0.3435,0.0000
SUB1487,Turnitin,ai_generated,1,0.0489,525,Physics,Sophomore,0.6903,0.1458,0.7865
SUB1488,Originality.ai,ai_generated,1,0.5711,4800,Biology,Sophomore,0.5047,0.3165,0.7609
SUB1489,Originality.ai,human_written,0,0.1773,2864,Computer Science,Senior,0.5504,0.2375,0.0046
SUB1490,GPTZero,human_written,0,0.5303,1122,Chemistry,Graduate,0.5575,0.4704,0.2119
SUB1491,Copyleaks,human_written,0,0.6192,2911,Computer Science,Sophomore,0.5886,0.3979,0.0286
SUB1492,Copyleaks,human_written,0,0.2012,4767,English,Freshman,0.4571,0.1884,0.0282
SUB1493,Winston AI,human_written,0,0.3407,699,Physics,Graduate,0.4013,0.3590,0.1742
SUB1494,Turnitin,human_written,0,0.3746,2486,English,Sophomore,0.4630,0.4408,0.0838
SUB1495,GPTZero,ai_generated,0,0.2231,730,Physics,Graduate,0.4472,0.3492,0.7700
SUB1496,Copyleaks,ai_generated,1,0.1058,2565,Chemistry,Freshman,0.4622,0.4454,0.9332
SUB1497,Copyleaks,human_written,0,0.1876,3302,Biology,Freshman,0.6496,0.2888,0.0991
SUB1498,Winston AI,human_written,0,0.4667,3578,History,Junior,0.2753,0.2461,0.1060
SUB1499,Turnitin,ai_generated,1,0.5805,3611,English,Sophomore,0.4466,0.1578,0.9086
SUB1500,GPTZero,human_written,0,0.5045,2934,Chemistry,Freshman,0.4200,0.3770,0.2149
SUB1501,Copyleaks,human_written,0,0.2349,4165,Physics,Senior,0.6433,0.2680,0.0000
SUB1502,GPTZero,mixed,1,0.0447,1757,History,Sophomore,0.1499,0.3612,0.6053
SUB1503,Copyleaks,ai_generated,1,0.4308,3614,Chemistry,Freshman,0.4327,0.4446,0.8413
SUB1504,GPTZero,human_written,0,0.5238,4554,Biology,Sophomore,0.4039,0.3211,0.1845
SUB1505,Winston AI,ai_generated,1,0.3618,955,Physics,Sophomore,0.3367,0.1951,0.9595
SUB1506,Winston AI,human_written,0,0.0914,2294,Chemistry,Sophomore,0.3758,0.3917,0.1230
SUB1507,Copyleaks,mixed,0,0.5733,3087,Computer Science,Senior,0.5991,0.4154,0.3515
SUB1508,Originality.ai,human_written,0,0.5905,1781,History,Freshman,0.6144,0.4420,0.0260
SUB1509,Copyleaks,mixed,0,0.2908,4517,Psychology,Junior,0.3812,0.1732,0.3324
SUB1510,Copyleaks,mixed,0,0.1049,2501,Psychology,Graduate,0.2567,0.1324,0.2025
SUB1511,Originality.ai,ai_generated,1,0.6147,2064,History,Senior,0.5637,0.2746,0.8391
SUB1512,Originality.ai,mixed,1,0.4501,1498,Psychology,Senior,0.5021,0.4746,0.3444
SUB1513,Copyleaks,human_written,0,0.7387,1774,English,Freshman,0.1701,0.1689,0.0464
SUB1514,GPTZero,human_written,0,0.2663,3165,Mathematics,Graduate,0.5985,0.2752,0.1088
SUB1515,Turnitin,human_written,0,0.4985,1571,Computer Science,Junior,0.4665,0.3447,0.0518
SUB1516,GPTZero,ai_generated,1,0.5640,4108,Computer Science,Graduate,0.6312,0.3284,1.0000
SUB1517,Turnitin,human_written,0,0.2008,960,Chemistry,Freshman,0.5086,0.3491,0.0250
SUB1518,Originality.ai,human_written,0,0.9259,4445,Biology,Sophomore,0.6589,0.3724,0.0000
SUB1519,Turnitin,mixed,1,0.3781,1890,Mathematics,Freshman,0.1609,0.1409,0.5029
SUB1520,GPTZero,human_written,0,0.4023,2457,History,Junior,0.4715,0.4560,0.1848
SUB1521,GPTZero,human_written,0,0.7283,3956,Psychology,Freshman,0.5623,0.2254,0.1478
SUB1522,Copyleaks,human_written,0,0.4667,4866,English,Senior,0.3388,0.2998,0.1079
SUB1523,Winston AI,ai_generated,1,0.5445,2641,Physics,Freshman,0.3932,0.1133,0.8957
SUB1524,Winston AI,ai_generated,1,0.4576,4472,Computer Science,Junior,0.4779,0.3228,0.8017
SUB1525,GPTZero,mixed,0,0.1487,1979,English,Junior,0.3507,0.3680,0.6669
SUB1526,Winston AI,ai_generated,0,0.7393,3154,Chemistry,Freshman,0.4037,0.2166,0.7496
SUB1527,Turnitin,human_written,0,0.0456,4080,Mathematics,Graduate,0.4162,0.3997,0.0616
SUB1528,Originality.ai,ai_generated,1,0.1071,3587,Computer Science,Freshman,0.2376,0.4255,0.8902
SUB1529,Turnitin,human_written,0,0.6548,1262,Computer Science,Sophomore,0.3358,0.1375,0.0000
SUB1530,Turnitin,human_written,0,0.5483,3985,Computer Science,Sophomore,0.4528,0.3555,0.0659
SUB1531,GPTZero,ai_generated,1,0.1903,1597,History,Graduate,0.4125,0.5786,1.0000
SUB1532,GPTZero,mixed,1,0.5430,4460,History,Junior,0.4775,0.2555,0.6409
SUB1533,Turnitin,human_written,0,0.4785,2978,Biology,Junior,0.4953,0.2036,0.0380
SUB1534,Winston AI,ai_generated,1,0.3919,2550,English,Graduate,0.5428,0.1931,0.9031
SUB1535,Originality.ai,human_written,0,0.2287,3999,Physics,Sophomore,0.5083,0.4830,0.0043
SUB1536,Turnitin,human_written,0,0.4714,3658,Biology,Senior,0.6375,0.3285,0.0420
SUB1537,Originality.ai,human_written,0,0.6333,3354,Computer Science,Senior,0.6667,0.3303,0.0000
SUB1538,GPTZero,mixed,1,0.6134,3993,Chemistry,Sophomore,0.5717,0.3034,0.5575
SUB1539,Copyleaks,human_written,0,0.2660,3360,History,Graduate,0.4831,0.4474,0.0047
SUB1540,Turnitin,ai_generated,1,0.5541,4407,Physics,Sophomore,0.5280,0.4113,0.7150
SUB1541,GPTZero,ai_generated,1,0.0265,3379,Chemistry,Sophomore,0.4517,0.3997,0.8995
SUB1542,Copyleaks,mixed,1,0.7890,1681,Psychology,Senior,0.5530,0.3190,0.4386
SUB1543,GPTZero,ai_generated,1,0.5174,2228,English,Sophomore,0.5006,0.5060,0.9688
SUB1544,GPTZero,human_written,0,0.3117,2075,English,Sophomore,0.5881,0.1890,0.0970
SUB1545,Copyleaks,human_written,0,0.4029,3254,Physics,Sophomore,0.6419,0.1557,0.0287
SUB1546,GPTZero,ai_generated,1,0.3133,3962,Physics,Senior,0.5846,0.5172,0.8789
SUB1547,Copyleaks,mixed,1,0.7190,3099,Biology,Freshman,0.7221,0.4590,0.3005
SUB1548,Copyleaks,human_written,0,0.5569,544,Chemistry,Graduate,0.5850,0.2453,0.0000
SUB1549,Originality.ai,human_written,0,0.0965,4200,Mathematics,Freshman,0.5347,0.2410,0.0247
SUB1550,Winston AI,human_written,1,0.6437,1996,Psychology,Senior,0.4395,0.3088,0.1442
SUB1551,Originality.ai,human_written,0,0.1708,675,Biology,Freshman,0.2801,0.0633,0.0023
SUB1552,Copyleaks,ai_generated,1,0.6126,3117,Physics,Graduate,0.4202,0.2713,0.8870
SUB1553,GPTZero,ai_generated,1,0.2163,4369,Chemistry,Junior,0.3773,0.4201,0.9603
SUB1554,Turnitin,human_written,0,0.4783,4719,Chemistry,Senior,0.5240,0.3305,0.0579
SUB1555,GPTZero,ai_generated,1,0.3130,3343,Chemistry,Freshman,0.4098,0.3286,0.9944
SUB1556,Copyleaks,human_written,0,0.4950,4957,Physics,Sophomore,0.5917,0.2163,0.0214
SUB1557,Turnitin,human_written,0,0.3876,1834,Chemistry,Freshman,0.3397,0.2300,0.0305
SUB1558,Turnitin,human_written,0,0.8351,4374,Computer Science,Freshman,0.5852,0.4621,0.0458
SUB1559,Originality.ai,ai_generated,1,0.3086,1678,History,Freshman,0.1962,0.2127,0.9018
SUB1560,Copyleaks,human_written,0,0.1064,2035,Biology,Junior,0.5961,0.2892,0.0886
SUB1561,Winston AI,human_written,0,0.3001,1280,Chemistry,Sophomore,0.6667,0.2354,0.0895
SUB1562,Winston AI,human_written,0,0.8459,4522,Computer Science,Junior,0.5704,0.2847,0.1390
SUB1563,Winston AI,human_written,0,0.4249,674,Psychology,Graduate,0.5978,0.2546,0.1459
SUB1564,Originality.ai,human_written,0,0.3237,1673,Chemistry,Graduate,0.5280,0.3065,0.0000
SUB1565,GPTZero,ai_generated,1,0.6401,2419,Physics,Freshman,0.2617,0.2625,1.0000
SUB1566,Originality.ai,mixed,0,0.4410,4258,Psychology,Freshman,0.4481,0.2488,0.2167
SUB1567,Copyleaks,ai_generated,1,0.2321,2086,Computer Science,Junior,0.3896,0.3469,0.8575
SUB1568,GPTZero,human_written,0,0.5855,1305,Biology,Junior,0.8207,0.3562,0.1701
SUB1569,Winston AI,mixed,1,0.4400,4067,Biology,Junior,0.6796,0.1936,0.5789
SUB1570,Copyleaks,ai_generated,0,0.2267,1006,Biology,Senior,0.4727,0.1495,0.7119
SUB1571,Turnitin,ai_generated,0,0.7027,4980,History,Senior,0.6849,0.2387,0.8625
SUB1572,Winston AI,mixed,0,0.3060,3064,Mathematics,Senior,0.4560,0.1840,0.2214
SUB1573,Winston AI,mixed,0,0.2595,744,Biology,Junior,0.2171,0.2041,0.7531
SUB1574,Originality.ai,ai_generated,0,0.5733,3378,Chemistry,Senior,0.7810,0.2107,0.7917
SUB1575,Turnitin,human_written,0,0.4296,4187,Biology,Senior,0.6195,0.4217,0.0043
SUB1576,Originality.ai,human_written,0,0.5443,4474,Psychology,Senior,0.3960,0.5415,0.0000
SUB1577,Winston AI,human_written,0,0.2068,848,Mathematics,Junior,0.7511,0.3450,0.1141
SUB1578,Winston AI,human_written,0,0.2014,1252,Computer Science,Freshman,0.6350,0.1416,0.0950
SUB1579,Originality.ai,mixed,0,0.3491,3712,History,Senior,0.6211,0.2279,0.2992
SUB1580,GPTZero,human_written,0,0.7451,1022,Chemistry,Senior,0.5082,0.2207,0.1104
SUB1581,Turnitin,human_written,0,0.5525,2921,History,Junior,0.4628,0.1090,0.0263
SUB1582,Winston AI,human_written,0,0.4649,2673,Chemistry,Senior,0.3615,0.1678,0.1648
SUB1583,Originality.ai,human_written,0,0.5068,3015,Physics,Sophomore,0.3024,0.1610,0.0362
SUB1584,Turnitin,ai_generated,1,0.4759,4688,History,Sophomore,0.5949,0.2621,0.6939
SUB1585,Copyleaks,mixed,0,0.2941,4742,Physics,Freshman,0.7097,0.1845,0.1961
SUB1586,GPTZero,ai_generated,1,0.4888,2883,Physics,Sophomore,0.5232,0.2345,0.9416
SUB1587,Copyleaks,human_written,0,0.6285,2224,Computer Science,Junior,0.5298,0.3151,0.0076
SUB1588,Copyleaks,human_written,0,0.2087,2775,Chemistry,Graduate,0.5422,0.2877,0.0000
SUB1589,Copyleaks,human_written,0,0.2936,2185,Chemistry,Senior,0.4589,0.1785,0.0063
SUB1590,GPTZero,ai_generated,1,0.1625,4507,Mathematics,Senior,0.2102,0.2719,0.9668
SUB1591,Winston AI,human_written,0,0.0334,1098,Physics,Senior,0.5003,0.0176,0.0968
SUB1592,Turnitin,ai_generated,1,0.0970,4603,Physics,Graduate,0.3624,0.5119,0.9195
SUB1593,Winston AI,human_written,0,0.1205,4133,History,Junior,0.4003,0.3549,0.1099
SUB1594,Turnitin,human_written,0,0.1307,2850,English,Junior,0.3086,0.3874,0.0457
SUB1595,GPTZero,ai_generated,1,0.4693,910,History,Junior,0.7148,0.3819,1.0000
SUB1596,Turnitin,human_written,0,0.6188,1228,Chemistry,Sophomore,0.3916,0.2881,0.0609
SUB1597,Winston AI,human_written,0,0.6572,1398,Computer Science,Junior,0.5320,0.3697,0.0940
SUB1598,Turnitin,human_written,0,0.0889,602,Chemistry,Sophomore,0.5906,0.3540,0.0505
SUB1599,Turnitin,ai_generated,1,0.2878,3029,Mathematics,Sophomore,0.5139,0.3343,0.9256
SUB1600,Turnitin,human_written,0,0.8091,4249,Psychology,Junior,0.4684,0.3770,0.0159
SUB1601,Originality.ai,ai_generated,0,0.2809,3601,Computer Science,Freshman,0.8110,0.2627,0.6855
SUB1602,Winston AI,human_written,0,0.2235,3114,History,Graduate,0.3488,0.4209,0.1671
SUB1603,GPTZero,ai_generated,1,0.0982,4692,History,Freshman,0.6495,0.3003,0.9361
SUB1604,Winston AI,human_written,0,0.6848,4962,English,Junior,0.4783,0.3193,0.1447
SUB1605,GPTZero,human_written,1,0.1811,1911,English,Junior,0.5206,0.3681,0.1516
SUB1606,Winston AI,ai_generated,1,0.3176,3728,Physics,Freshman,0.4740,0.2214,0.9762
SUB1607,Winston AI,human_written,0,0.4921,1712,English,Junior,0.6748,0.4133,0.1193
SUB1608,Copyleaks,mixed,0,0.4671,3900,Biology,Junior,0.5488,0.3527,0.2429
SUB1609,Turnitin,human_written,0,0.4125,4746,Physics,Sophomore,0.3495,0.2358,0.0000
SUB1610,GPTZero,human_written,0,0.4393,2342,Biology,Senior,0.5277,0.2790,0.1500
SUB1611,Turnitin,mixed,0,0.5158,4826,Mathematics,Graduate,0.5759,0.3032,0.4004
SUB1612,Turnitin,mixed,1,0.3555,2934,English,Graduate,0.3388,0.2506,0.3507
SUB1613,GPTZero,ai_generated,1,0.4847,1722,History,Senior,0.2946,0.2742,1.0000
SUB1614,Turnitin,mixed,0,0.4264,4742,English,Graduate,0.6098,0.1653,0.3675
SUB1615,Winston AI,ai_generated,1,0.3947,4349,English,Senior,0.6811,0.2292,1.0000
SUB1616,Originality.ai,mixed,0,0.0449,568,Mathematics,Senior,0.5328,0.3954,0.2819
SUB1617,Winston AI,ai_generated,1,0.5763,1102,Psychology,Senior,0.2251,0.2404,1.0000
SUB1618,Copyleaks,human_written,0,0.2941,908,Psychology,Sophomore,0.6709,0.2694,0.0252
SUB1619,GPTZero,human_written,0,0.1792,1149,English,Freshman,0.6293,0.2087,0.1119
SUB1620,Winston AI,human_written,0,0.3155,576,Mathematics,Freshman,0.5770,0.3597,0.0887
SUB1621,Winston AI,human_written,0,0.6676,4623,Physics,Freshman,0.7336,0.2490,0.1006
SUB1622,Originality.ai,human_written,0,0.4360,685,Psychology,Junior,0.5529,0.3429,0.0264
SUB1623,GPTZero,human_written,0,0.4420,2898,Mathematics,Sophomore,0.5362,0.2154,0.1542
SUB1624,Originality.ai,human_written,0,0.2901,3738,English,Junior,0.3140,0.3208,0.0568
SUB1625,Copyleaks,human_written,1,0.3418,2209,English,Junior,0.5315,0.1908,0.0240
SUB1626,Copyleaks,ai_generated,1,0.2777,741,Physics,Junior,0.4785,0.1956,0.7516
SUB1627,Winston AI,human_written,0,0.1728,4906,Physics,Graduate,0.2708,0.4246,0.1450
SUB1628,Winston AI,human_written,0,0.4157,1104,Mathematics,Freshman,0.5906,0.4554,0.1629
SUB1629,Copyleaks,human_written,0,0.5113,1477,Physics,Sophomore,0.3748,0.2430,0.0056
SUB1630,Winston AI,human_written,0,0.3791,3638,English,Senior,0.5238,0.3802,0.1379
SUB1631,Turnitin,ai_generated,1,0.2050,4233,Computer Science,Junior,0.5625,0.3706,0.8893
SUB1632,Turnitin,ai_generated,1,0.3674,3544,Computer Science,Junior,0.4788,0.3238,0.8582
SUB1633,Copyleaks,ai_generated,1,0.0719,2130,Biology,Senior,0.2097,0.1948,0.9148
SUB1634,Winston AI,ai_generated,1,0.3709,1293,Psychology,Senior,0.4065,0.3513,1.0000
SUB1635,Turnitin,mixed,0,0.5996,3788,Mathematics,Sophomore,0.5256,0.2455,0.4065
SUB1636,Originality.ai,human_written,0,0.5413,4530,Psychology,Sophomore,0.4104,0.3102,0.0000
SUB1637,Originality.ai,mixed,0,0.2804,1546,Physics,Junior,0.3414,0.4506,0.4242
SUB1638,GPTZero,human_written,0,0.7061,2698,Physics,Freshman,0.4400,0.2934,0.1190
SUB1639,Copyleaks,mixed,0,0.1693,915,Computer Science,Sophomore,0.2532,0.2412,0.3242
SUB1640,Originality.ai,ai_generated,0,0.3695,4793,Psychology,Freshman,0.3257,0.1430,0.7103
SUB1641,Copyleaks,human_written,0,0.6720,2222,English,Sophomore,0.3812,0.3340,0.0258
SUB1642,Winston AI,human_written,0,0.2230,715,Computer Science,Sophomore,0.5884,0.1839,0.1009
SUB1643,Copyleaks,ai_generated,1,0.6708,3676,Biology,Graduate,0.4631,0.2887,0.9546
SUB1644,Winston AI,mixed,0,0.5100,2129,History,Junior,0.3780,0.4203,0.5557
SUB1645,Winston AI,human_written,0,0.4523,2744,Psychology,Senior,0.6212,0.3554,0.1042
SUB1646,GPTZero,human_written,0,0.6111,3678,English,Senior,0.3350,0.4527,0.1365
SUB1647,Originality.ai,human_written,0,0.5278,1956,Physics,Junior,0.4191,0.1325,0.0000
SUB1648,GPTZero,human_written,0,0.3907,3686,Mathematics,Graduate,0.7984,0.4455,0.0807
SUB1649,Copyleaks,ai_generated,1,0.4963,4083,Physics,Graduate,0.1310,0.3440,0.6138
SUB1650,Winston AI,human_written,0,0.6178,2139,Computer Science,Graduate,0.3709,0.3592,0.1280
SUB1651,Turnitin,human_written,0,0.5252,3932,Biology,Senior,0.4596,0.2350,0.0430
SUB1652,GPTZero,ai_generated,1,0.5555,2388,History,Freshman,0.6181,0.3065,1.0000
SUB1653,Winston AI,human_written,0,0.3669,2689,Physics,Junior,0.3473,0.2069,0.0914
SUB1654,Originality.ai,ai_generated,1,0.1056,1971,Physics,Sophomore,0.5326,0.2569,0.6908
SUB1655,GPTZero,ai_generated,1,0.6187,4961,Computer Science,Sophomore,0.6520,0.3266,0.8526
SUB1656,Originality.ai,ai_generated,0,0.5685,4088,Biology,Senior,0.3510,0.4741,0.9077
SUB1657,Winston AI,human_written,0,0.0794,2094,English,Sophomore,0.3837,0.2545,0.1400
SUB1658,Turnitin,ai_generated,1,0.3154,4630,History,Sophomore,0.3183,0.6903,1.0000
SUB1659,Winston AI,mixed,0,0.4163,2497,Biology,Sophomore,0.0552,0.4328,0.4565
SUB1660,Turnitin,human_written,0,0.5914,4458,Computer Science,Graduate,0.7212,0.2020,0.0679
SUB1661,GPTZero,human_written,0,0.2040,4440,English,Freshman,0.5387,0.3373,0.1838
SUB1662,Originality.ai,human_written,0,0.6147,1585,Physics,Senior,0.5444,0.1747,0.0326
SUB1663,Turnitin,ai_generated,1,0.1249,934,Mathematics,Senior,0.4371,0.1874,0.9465
SUB1664,Copyleaks,human_written,0,0.3072,3986,Chemistry,Graduate,0.3842,0.3752,0.0057
SUB1665,Originality.ai,mixed,1,0.7265,2679,Psychology,Graduate,0.3061,0.2586,0.4065
SUB1666,Copyleaks,human_written,0,0.3186,1375,Mathematics,Freshman,0.6743,0.2969,0.0204
SUB1667,Winston AI,mixed,1,0.5971,4914,English,Junior,0.5436,0.2502,0.4507
SUB1668,Winston AI,mixed,0,0.3250,531,Mathematics,Senior,0.6334,0.4868,0.3538
SUB1669,Originality.ai,mixed,0,0.4103,813,English,Senior,0.5921,0.2791,0.3030
SUB1670,GPTZero,mixed,0,0.8119,3871,Computer Science,Freshman,0.4440,0.3146,0.6178
SUB1671,Winston AI,human_written,0,0.7608,1970,Mathematics,Graduate,0.4132,0.3412,0.0491
SUB1672,Turnitin,mixed,1,0.5382,3735,Psychology,Senior,0.4402,0.3784,0.4182
SUB1673,Copyleaks,human_written,0,0.3655,3077,Mathematics,Senior,0.4661,0.1727,0.0482
SUB1674,Originality.ai,mixed,0,0.6365,2257,Physics,Freshman,0.3714,0.1922,0.5765
SUB1675,Copyleaks,ai_generated,0,0.8591,4809,Biology,Senior,0.6185,0.2455,0.8075
SUB1676,Copyleaks,mixed,1,0.4374,3012,Mathematics,Junior,0.3259,0.4799,0.4001
SUB1677,Copyleaks,human_written,0,0.7661,3866,Physics,Senior,0.5239,0.2158,0.0067
SUB1678,Copyleaks,human_written,0,0.2068,2685,Biology,Freshman,0.5680,0.4437,0.0356
SUB1679,Turnitin,human_written,1,0.2456,3084,English,Junior,0.4213,0.2604,0.0675
SUB1680,Turnitin,human_written,0,0.2111,2230,Chemistry,Freshman,0.5887,0.3587,0.0569
SUB1681,Turnitin,human_written,0,0.3322,4379,English,Sophomore,0.6240,0.3569,0.0372
SUB1682,Copyleaks,ai_generated,1,0.8641,1777,Physics,Junior,0.5773,0.2283,0.8893
SUB1683,Winston AI,mixed,1,0.2068,4622,Computer Science,Sophomore,0.6783,0.4662,0.6695
SUB1684,Copyleaks,human_written,0,0.6386,3676,English,Sophomore,0.0420,0.1792,0.0001
SUB1685,Turnitin,human_written,0,0.1293,1294,Mathematics,Senior,0.4831,0.1715,0.0554
SUB1686,Copyleaks,ai_generated,0,0.5300,1023,Mathematics,Senior,0.4821,0.3216,0.6097
SUB1687,Turnitin,human_written,0,0.1130,2615,Psychology,Senior,0.6710,0.2918,0.0346
SUB1688,Turnitin,mixed,1,0.2934,2884,Computer Science,Sophomore,0.7208,0.2970,0.5087
SUB1689,Copyleaks,ai_generated,1,0.5181,3810,English,Senior,0.4163,0.1865,0.7467
SUB1690,Winston AI,ai_generated,1,0.4818,1998,Psychology,Freshman,0.2744,0.3141,0.8879
SUB1691,Originality.ai,ai_generated,1,0.3618,2450,Mathematics,Junior,0.5650,0.3667,0.6481
SUB1692,GPTZero,mixed,0,0.1585,2638,Chemistry,Graduate,0.1730,0.1892,0.5037
SUB1693,Originality.ai,ai_generated,1,0.4232,1707,Biology,Senior,0.4650,0.4066,0.7084
SUB1694,Winston AI,ai_generated,1,0.4506,2118,Biology,Freshman,0.4955,0.4593,0.8262
SUB1695,GPTZero,human_written,1,0.4043,760,English,Freshman,0.7039,0.2473,0.1562
SUB1696,Copyleaks,human_written,0,0.7001,2988,Physics,Graduate,0.1429,0.0118,0.0267
SUB1697,Turnitin,mixed,1,0.4177,1177,Mathematics,Graduate,0.4200,0.3781,0.7197
SUB1698,Winston AI,human_written,0,0.5421,4392,History,Senior,0.2279,0.2641,0.1133
SUB1699,Turnitin,ai_generated,1,0.3745,754,Chemistry,Senior,0.4798,0.4254,0.8399
SUB1700,Copyleaks,ai_generated,1,0.4071,2534,Mathematics,Sophomore,0.4595,0.3411,0.8029
SUB1701,GPTZero,mixed,0,0.7665,3185,English,Senior,0.8009,0.4263,0.5282
SUB1702,GPTZero,human_written,0,0.4433,2856,Chemistry,Senior,0.5701,0.1981,0.1545
SUB1703,Turnitin,ai_generated,1,0.2384,2572,Mathematics,Freshman,0.5305,0.4406,0.8183
SUB1704,GPTZero,human_written,1,0.7172,2979,Psychology,Senior,0.6650,0.1679,0.1396
SUB1705,Originality.ai,ai_generated,1,0.3653,768,Chemistry,Graduate,0.3473,0.4947,0.8317
SUB1706,Winston AI,mixed,0,0.3481,2331,Mathematics,Junior,0.5903,0.1136,0.6769
SUB1707,Turnitin,human_written,0,0.2075,577,Mathematics,Graduate,0.6089,0.2619,0.0132
SUB1708,Copyleaks,human_written,0,0.5118,4313,Computer Science,Freshman,0.5208,0.1874,0.0156
SUB1709,Originality.ai,human_written,0,0.3165,2529,History,Sophomore,0.5665,0.3703,0.0000
SUB1710,Turnitin,human_written,0,0.3288,1213,Biology,Senior,0.4861,0.2725,0.0566
SUB1711,GPTZero,ai_generated,1,0.7267,909,Psychology,Freshman,0.4471,0.2482,0.9845
SUB1712,GPTZero,mixed,0,0.5766,641,Mathematics,Freshman,0.4748,0.3608,0.4924
SUB1713,GPTZero,mixed,0,0.4275,3758,English,Senior,0.6558,0.4069,0.5435
SUB1714,Copyleaks,mixed,0,0.2123,1607,Mathematics,Sophomore,0.5902,0.2809,0.2356
SUB1715,Copyleaks,human_written,0,0.5203,2432,Computer Science,Graduate,0.5424,0.4390,0.0183
SUB1716,Winston AI,ai_generated,1,0.2438,3454,Computer Science,Sophomore,0.3704,0.2266,0.9813
SUB1717,Copyleaks,ai_generated,1,0.2902,4181,Chemistry,Freshman,0.4358,0.4164,0.9479
SUB1718,Originality.ai,human_written,0,0.5702,4650,History,Freshman,0.3403,0.4085,0.0000
SUB1719,Copyleaks,ai_generated,1,0.1086,4176,Biology,Sophomore,0.5260,0.2326,0.7899
SUB1720,Copyleaks,human_written,0,0.4285,2444,English,Senior,0.2467,0.2086,0.0310
SUB1721,GPTZero,ai_generated,1,0.8224,4852,Mathematics,Freshman,0.1574,0.3368,0.7550
SUB1722,Originality.ai,human_written,0,0.3433,1214,Mathematics,Sophomore,0.4283,0.4144,0.0164
SUB1723,Turnitin,human_written,0,0.3847,4669,Physics,Graduate,0.5320,0.3045,0.0227
SUB1724,Originality.ai,human_written,0,0.3141,2802,Biology,Graduate,0.4805,0.3199,0.0000
SUB1725,Copyleaks,ai_generated,1,0.5992,1965,English,Sophomore,0.6363,0.3558,0.8688
SUB1726,Copyleaks,human_written,0,0.2731,1936,Physics,Graduate,0.7455,0.2325,0.0160
SUB1727,Copyleaks,ai_generated,1,0.2444,4890,Psychology,Graduate,0.5505,0.2142,0.6119
SUB1728,Originality.ai,mixed,1,0.5238,898,Biology,Junior,0.1312,0.3798,0.4322
SUB1729,GPTZero,human_written,0,0.5217,1642,Chemistry,Sophomore,0.5912,0.1806,0.2020
SUB1730,Copyleaks,human_written,0,0.6146,2355,Chemistry,Graduate,0.5640,0.3705,0.0666
SUB1731,GPTZero,human_written,0,0.2906,527,Mathematics,Graduate,0.5171,0.3464,0.1504
SUB1732,Originality.ai,human_written,0,0.1542,3539,History,Senior,0.5092,0.2640,0.0316
SUB1733,Originality.ai,mixed,0,0.5220,4716,Chemistry,Graduate,0.5973,0.3181,0.3508
SUB1734,Winston AI,mixed,0,0.4020,2015,Computer Science,Freshman,0.3352,0.3986,0.2681
SUB1735,Winston AI,human_written,0,0.9358,3601,Mathematics,Junior,0.7751,0.3500,0.1456
SUB1736,Originality.ai,mixed,0,0.1441,2866,History,Sophomore,0.6416,0.5213,0.3363
SUB1737,Winston AI,human_written,0,0.0592,4482,Physics,Senior,0.3661,0.3047,0.1545
SUB1738,Turnitin,ai_generated,1,0.3271,4090,History,Senior,0.4236,0.2746,0.7239
SUB1739,Turnitin,human_written,0,0.4849,3694,Chemistry,Freshman,0.4259,0.3958,0.0151
SUB1740,Winston AI,human_written,0,0.6392,2220,Computer Science,Junior,0.5225,0.3942,0.1458
SUB1741,Originality.ai,mixed,0,0.1825,3048,Biology,Freshman,0.3502,0.2182,0.5271
SUB1742,Copyleaks,human_written,0,0.3158,1938,English,Sophomore,0.3612,0.2575,0.0324
SUB1743,Copyleaks,mixed,0,0.1938,2690,Physics,Senior,0.3524,0.3586,0.3748
SUB1744,Copyleaks,ai_generated,0,0.2519,4918,Mathematics,Sophomore,0.5677,0.2376,0.7378
SUB1745,Originality.ai,human_written,0,0.2432,3398,Computer Science,Sophomore,0.6568,0.2844,0.0000
SUB1746,Winston AI,human_written,0,0.7163,3089,Computer Science,Graduate,0.3994,0.1892,0.1833
SUB1747,Copyleaks,ai_generated,1,0.2278,4499,Biology,Freshman,0.6869,0.2752,0.5781
SUB1748,Copyleaks,ai_generated,1,0.5581,4386,Computer Science,Graduate,0.7809,0.4563,0.8569
SUB1749,Originality.ai,human_written,0,0.4906,4667,Mathematics,Sophomore,0.4402,0.2375,0.0000
SUB1750,Originality.ai,human_written,0,0.1747,2552,Biology,Junior,0.4764,0.2074,0.0302
SUB1751,Copyleaks,human_written,0,0.3712,2758,History,Junior,0.5878,0.3657,0.0068
SUB1752,Winston AI,ai_generated,0,0.3316,1017,Chemistry,Freshman,0.2917,0.3269,0.8969
SUB1753,Originality.ai,ai_generated,1,0.6026,3150,English,Sophomore,0.7616,0.4009,0.8501
SUB1754,Copyleaks,mixed,1,0.5088,4309,Chemistry,Graduate,0.7623,0.3465,0.5548
SUB1755,GPTZero,human_written,0,0.8154,1971,Psychology,Senior,0.3090,0.3054,0.1052
SUB1756,Turnitin,human_written,0,0.5012,1120,Psychology,Junior,0.3063,0.1730,0.0212
SUB1757,Originality.ai,human_written,0,0.4881,4461,Mathematics,Sophomore,0.4458,0.2592,0.0000
SUB1758,Copyleaks,mixed,1,0.2431,4649,Psychology,Sophomore,0.3545,0.2611,0.3707
SUB1759,Turnitin,ai_generated,1,0.4009,572,Biology,Junior,0.4735,0.3354,0.7142
SUB1760,Copyleaks,ai_generated,0,0.2870,2585,Chemistry,Senior,0.3411,0.3059,0.7938
SUB1761,Copyleaks,ai_generated,1,0.7019,1605,Physics,Freshman,0.3089,0.3530,0.8249
SUB1762,GPTZero,mixed,1,0.4748,2321,Physics,Graduate,0.6991,0.4628,0.4138
SUB1763,Turnitin,mixed,1,0.5635,1034,Mathematics,Freshman,0.2899,0.4498,0.3008
SUB1764,Originality.ai,ai_generated,0,0.6768,1733,Mathematics,Graduate,0.6093,0.2500,0.6727
SUB1765,Originality.ai,ai_generated,0,0.2368,1005,Biology,Sophomore,0.3477,0.4306,0.5541
SUB1766,Turnitin,human_written,0,0.3494,3090,History,Graduate,0.5599,0.2621,0.0000
SUB1767,Winston AI,human_written,0,0.5616,4561,Physics,Senior,0.6707,0.3834,0.0926
SUB1768,Winston AI,human_written,0,0.5128,3485,Mathematics,Sophomore,0.7330,0.3208,0.1247
SUB1769,Originality.ai,human_written,0,0.3897,3905,Biology,Graduate,0.6976,0.2764,0.0000
SUB1770,Winston AI,mixed,0,0.5516,1096,English,Sophomore,0.6776,0.5538,0.5699
SUB1771,Turnitin,mixed,0,0.0682,943,Chemistry,Freshman,0.4081,0.2742,0.1917
SUB1772,Winston AI,ai_generated,1,0.6099,4208,Mathematics,Freshman,0.5294,0.3153,0.8100
SUB1773,GPTZero,mixed,0,0.3156,3286,Psychology,Freshman,0.5033,0.2845,0.2838
SUB1774,Turnitin,mixed,0,0.4910,3402,English,Graduate,0.5210,0.4792,0.4770
SUB1775,Originality.ai,human_written,0,0.3635,4825,Psychology,Graduate,0.5042,0.1939,0.0000
SUB1776,GPTZero,human_written,1,0.3343,4334,Physics,Freshman,0.5884,0.5166,0.1459
SUB1777,Turnitin,human_written,0,0.3115,4365,Biology,Freshman,0.5475,0.2182,0.0668
SUB1778,Winston AI,human_written,0,0.2822,4567,Biology,Senior,0.4996,0.3344,0.0989
SUB1779,Copyleaks,human_written,0,0.7173,3964,Physics,Senior,0.3986,0.2424,0.0191
SUB1780,Originality.ai,mixed,0,0.2095,3889,Mathematics,Sophomore,0.6715,0.1545,0.5249
SUB1781,Winston AI,mixed,0,0.2516,2868,Psychology,Junior,0.3488,0.3073,0.4317
SUB1782,Copyleaks,human_written,0,0.1194,3188,English,Graduate,0.3924,0.2878,0.0010
SUB1783,Winston AI,ai_generated,1,0.4578,2561,History,Sophomore,0.5662,0.2599,0.9161
SUB1784,Originality.ai,human_written,0,0.6456,2813,Chemistry,Senior,0.5017,0.3604,0.0663
SUB1785,Originality.ai,human_written,0,0.6145,1473,Chemistry,Sophomore,0.3129,0.2832,0.0000
SUB1786,Originality.ai,mixed,1,0.4246,938,Biology,Senior,0.6389,0.2485,0.4304
SUB1787,Copyleaks,human_written,0,0.1892,693,Psychology,Sophomore,0.3652,0.2983,0.0234
SUB1788,Winston AI,mixed,0,0.4297,2736,English,Senior,0.6491,0.2202,0.3540
SUB1789,GPTZero,ai_generated,1,0.4578,4720,Mathematics,Senior,0.4436,0.3674,1.0000
SUB1790,Copyleaks,ai_generated,0,0.1755,4667,Psychology,Graduate,0.3995,0.3606,0.6768
SUB1791,Copyleaks,ai_generated,1,0.6240,989,Psychology,Freshman,0.7676,0.2140,0.6684
SUB1792,Winston AI,ai_generated,1,0.7736,3392,English,Freshman,0.6638,0.3783,0.9157
SUB1793,GPTZero,mixed,1,0.4101,2283,Physics,Senior,0.4325,0.3507,0.3890
SUB1794,Winston AI,human_written,0,0.1507,2309,Biology,Graduate,0.5637,0.2904,0.0702
SUB1795,Originality.ai,human_written,0,0.1679,4354,Physics,Junior,0.5075,0.3111,0.0141
SUB1796,Copyleaks,human_written,0,0.2515,1101,History,Senior,0.4219,0.4242,0.0565
SUB1797,GPTZero,human_written,0,0.5910,2408,Mathematics,Sophomore,0.2416,0.4226,0.1590
SUB1798,Copyleaks,mixed,1,0.1053,4621,Mathematics,Sophomore,0.5693,0.3772,0.3720
SUB1799,GPTZero,mixed,1,0.0504,2935,Physics,Freshman,0.7082,0.4765,0.4902
SUB1800,Copyleaks,ai_generated,1,0.5923,3088,Mathematics,Freshman,0.4905,0.2150,0.6299
SUB1801,GPTZero,human_written,0,0.2439,2575,Computer Science,Graduate,0.3522,0.2679,0.1636
SUB1802,Winston AI,human_written,1,0.4191,3196,Mathematics,Graduate,0.6231,0.2907,0.1583
SUB1803,Winston AI,ai_generated,1,0.2947,2367,Psychology,Freshman,0.5435,0.2587,0.9002
SUB1804,Copyleaks,mixed,1,0.0478,4769,History,Sophomore,0.4215,0.2229,0.3688
SUB1805,Turnitin,mixed,1,0.1737,2783,Computer Science,Senior,0.5021,0.2300,0.6697
SUB1806,Turnitin,human_written,0,0.4048,3626,Psychology,Senior,0.3542,0.2176,0.1290
SUB1807,Turnitin,human_written,0,0.0436,2367,Physics,Graduate,0.5820,0.1898,0.0608
SUB1808,GPTZero,mixed,1,0.2377,680,Chemistry,Senior,0.4793,0.3474,0.4241
SUB1809,Winston AI,human_written,0,0.2028,1564,Computer Science,Sophomore,0.7572,0.4273,0.1232
SUB1810,GPTZero,ai_generated,1,0.1801,1310,Psychology,Freshman,0.3637,0.3752,0.9911
SUB1811,Turnitin,ai_generated,1,0.1832,3548,Psychology,Junior,0.3226,0.0612,0.8860
SUB1812,Winston AI,human_written,0,0.4345,1486,Psychology,Sophomore,0.6761,0.4567,0.1215
SUB1813,Turnitin,human_written,0,0.2582,3388,Psychology,Senior,0.5313,0.2299,0.0910
SUB1814,Originality.ai,ai_generated,1,0.4819,1724,History,Junior,0.3914,0.3512,0.8240
SUB1815,Copyleaks,human_written,0,0.3770,3331,Computer Science,Senior,0.3772,0.1345,0.0000
SUB1816,Winston AI,human_written,0,0.2657,4595,Physics,Senior,0.3165,0.0698,0.1554
SUB1817,GPTZero,ai_generated,1,0.3708,1346,Computer Science,Freshman,0.3455,0.2331,0.9196
SUB1818,Originality.ai,ai_generated,1,0.1943,2272,Chemistry,Junior,0.2864,0.2861,0.8461
SUB1819,Turnitin,human_written,0,0.1362,4104,English,Sophomore,0.6110,0.4073,0.0308
SUB1820,Originality.ai,human_written,0,0.5118,849,English,Sophomore,0.6616,0.1011,0.0230
SUB1821,Copyleaks,ai_generated,1,0.4916,1423,Mathematics,Freshman,0.2306,0.3530,0.8755
SUB1822,Copyleaks,human_written,0,0.3635,3198,Psychology,Senior,0.8193,0.2657,0.0410
SUB1823,Turnitin,mixed,0,0.4101,3195,Computer Science,Junior,0.6312,0.3670,0.3047
SUB1824,Copyleaks,human_written,0,0.2741,4817,Physics,Freshman,0.7877,0.4374,0.0000
SUB1825,Originality.ai,ai_generated,1,0.3463,4678,Computer Science,Graduate,0.3342,0.3353,0.8442
SUB1826,GPTZero,mixed,0,0.3994,2713,Chemistry,Graduate,0.1766,0.2095,0.4790
SUB1827,Winston AI,ai_generated,1,0.4805,3551,Computer Science,Junior,0.4315,0.5181,0.9348
SUB1828,Originality.ai,human_written,0,0.4341,3647,Computer Science,Senior,0.4705,0.3755,0.0216
SUB1829,Winston AI,human_written,0,0.1061,4061,History,Sophomore,0.3471,0.2892,0.1106
SUB1830,GPTZero,ai_generated,1,0.5093,2652,English,Graduate,0.5590,0.2345,0.9675
SUB1831,Winston AI,ai_generated,0,0.7962,4730,Psychology,Junior,0.2341,0.2544,0.8552
SUB1832,Turnitin,ai_generated,1,0.7678,2927,Biology,Graduate,0.5877,0.3389,0.7539
SUB1833,Turnitin,mixed,1,0.5785,4432,Physics,Graduate,0.6638,0.3392,0.4729
SUB1834,Originality.ai,ai_generated,1,0.8304,4860,Chemistry,Graduate,0.2737,0.2564,0.7905
SUB1835,GPTZero,mixed,0,0.4625,3499,Chemistry,Senior,0.8068,0.4019,0.3465
SUB1836,Turnitin,ai_generated,0,0.0630,2756,Mathematics,Sophomore,0.7410,0.2775,0.7890
SUB1837,Copyleaks,mixed,1,0.4028,3167,Physics,Senior,0.4956,0.3535,0.4268
SUB1838,Turnitin,mixed,1,0.5263,908,Chemistry,Graduate,0.5944,0.3552,0.4731
SUB1839,Turnitin,ai_generated,1,0.3601,1611,Chemistry,Senior,0.4893,0.1942,0.7956
SUB1840,Winston AI,ai_generated,1,0.8298,1438,Psychology,Junior,0.5491,0.1700,0.7851
SUB1841,Copyleaks,human_written,0,0.7865,728,Physics,Graduate,0.4914,0.3487,0.0229
SUB1842,Winston AI,ai_generated,1,0.6100,2534,Biology,Freshman,0.3660,0.4872,0.8694
SUB1843,GPTZero,mixed,1,0.1093,4649,History,Junior,0.2150,0.2805,0.7060
SUB1844,Winston AI,human_written,0,0.2783,2578,Physics,Junior,0.6103,0.4190,0.1260
SUB1845,Turnitin,human_written,0,0.2790,4054,Physics,Graduate,0.6767,0.2116,0.0377
SUB1846,Winston AI,human_written,0,0.3864,4254,English,Freshman,0.2956,0.3042,0.1752
SUB1847,Copyleaks,ai_generated,1,0.2541,2311,Physics,Sophomore,0.4320,0.2789,0.7600
SUB1848,Copyleaks,ai_generated,1,0.6464,4631,Chemistry,Freshman,0.6026,0.3935,0.8091
SUB1849,Copyleaks,human_written,0,0.0509,3782,Computer Science,Graduate,0.6409,0.3883,0.0300
SUB1850,Winston AI,mixed,0,0.5268,2797,Psychology,Senior,0.2613,0.1232,0.4221
SUB1851,Originality.ai,mixed,1,0.3042,2215,English,Sophomore,0.4911,0.3776,0.5123
SUB1852,Winston AI,human_written,1,0.8923,3730,Biology,Graduate,0.4270,0.3709,0.1639
SUB1853,Turnitin,human_written,0,0.2994,4154,History,Graduate,0.3442,0.4294,0.0511
SUB1854,Copyleaks,mixed,0,0.2713,3243,History,Junior,0.5538,0.0949,0.5009
SUB1855,Winston AI,human_written,0,0.6559,1636,English,Senior,0.4667,0.2439,0.1269
SUB1856,Winston AI,human_written,0,0.3482,2492,Mathematics,Junior,0.5797,0.0892,0.1155
SUB1857,GPTZero,human_written,0,0.1981,3562,Biology,Sophomore,0.3850,0.4713,0.1507
SUB1858,Winston AI,human_written,0,0.3174,2519,Computer Science,Sophomore,0.4904,0.3774,0.1294
SUB1859,Turnitin,ai_generated,0,0.2135,3493,Computer Science,Senior,0.5600,0.3832,0.7140
SUB1860,GPTZero,human_written,0,0.2167,2915,History,Senior,0.7381,0.3741,0.2091
SUB1861,Turnitin,human_written,1,0.4506,2420,History,Freshman,0.3730,0.3738,0.1094
SUB1862,GPTZero,mixed,0,0.3593,3845,Biology,Senior,0.4558,0.2084,0.3837
SUB1863,Turnitin,ai_generated,1,0.0925,4966,Psychology,Senior,0.5565,0.1017,0.9454
SUB1864,Winston AI,human_written,0,0.3075,4485,History,Junior,0.5828,0.3150,0.1680
SUB1865,Turnitin,ai_generated,1,0.8028,2905,Physics,Graduate,0.4434,0.3996,0.8132
SUB1866,Winston AI,mixed,0,0.2077,4209,Mathematics,Sophomore,0.6184,0.2437,0.4813
SUB1867,Originality.ai,mixed,0,0.6242,2687,Psychology,Junior,0.4262,0.1399,0.0284
SUB1868,Turnitin,mixed,1,0.8732,517,Biology,Freshman,0.3103,0.2975,0.7287
SUB1869,Winston AI,mixed,1,0.4667,4305,Mathematics,Junior,0.6965,0.0729,0.2714
SUB1870,Turnitin,mixed,0,0.5298,3169,Mathematics,Sophomore,0.4993,0.3030,0.3217
SUB1871,Turnitin,human_written,0,0.1955,3998,Physics,Junior,0.7414,0.3678,0.0580
SUB1872,Copyleaks,ai_generated,1,0.1867,3506,Biology,Junior,0.5299,0.3556,0.8401
SUB1873,Originality.ai,human_written,0,0.2434,2942,Psychology,Senior,0.3148,0.2958,0.0000
SUB1874,Originality.ai,mixed,1,0.6270,3366,Mathematics,Sophomore,0.7120,0.1942,0.3377
SUB1875,Originality.ai,ai_generated,1,0.1948,4344,Mathematics,Graduate,0.2488,0.5341,0.6661
SUB1876,Turnitin,ai_generated,1,0.6818,2467,Biology,Freshman,0.5016,0.1350,0.8018
SUB1877,Winston AI,human_written,0,0.2132,3226,English,Sophomore,0.3540,0.4410,0.1028
SUB1878,Turnitin,human_written,0,0.7452,4049,Computer Science,Junior,0.4871,0.3680,0.0488
SUB1879,Copyleaks,mixed,1,0.4732,1148,Chemistry,Junior,0.3194,0.2674,0.6945
SUB1880,GPTZero,ai_generated,1,0.6528,2677,Physics,Junior,0.3721,0.1268,0.9220
SUB1881,GPTZero,mixed,0,0.4918,1109,English,Junior,0.8819,0.3216,0.1126
SUB1882,Turnitin,ai_generated,1,0.4497,737,Physics,Freshman,0.4562,0.2138,0.7618
SUB1883,Turnitin,mixed,1,0.4079,4179,Computer Science,Senior,0.8434,0.2408,0.5361
SUB1884,Turnitin,human_written,0,0.1998,1186,Biology,Senior,0.5202,0.3759,0.0915
SUB1885,Winston AI,mixed,0,0.2671,2801,Computer Science,Sophomore,0.6496,0.2215,0.4513
SUB1886,Turnitin,ai_generated,1,0.6211,2966,English,Senior,0.7488,0.4640,0.7538
SUB1887,Copyleaks,mixed,0,0.3305,705,Biology,Junior,0.7074,0.2029,0.3174
SUB1888,Copyleaks,mixed,1,0.6525,4213,Psychology,Sophomore,0.3833,0.4106,0.3278
SUB1889,Copyleaks,human_written,0,0.5051,2810,Physics,Senior,0.5717,0.2482,0.0000
SUB1890,Originality.ai,human_written,0,0.3049,1630,Physics,Freshman,0.5035,0.2858,0.0000
SUB1891,Turnitin,human_written,0,0.6423,1457,Psychology,Junior,0.6351,0.1650,0.0326
SUB1892,GPTZero,ai_generated,1,0.3662,3058,Mathematics,Junior,0.6696,0.0000,0.9523
SUB1893,Winston AI,ai_generated,1,0.8242,3378,Mathematics,Junior,0.5673,0.2331,0.9434
SUB1894,GPTZero,ai_generated,1,0.4721,511,Mathematics,Freshman,0.5903,0.2396,0.9586
SUB1895,Originality.ai,mixed,0,0.6713,2750,Psychology,Junior,0.8016,0.2066,0.4498
SUB1896,Winston AI,ai_generated,1,0.2608,2934,English,Freshman,0.5826,0.2770,1.0000
SUB1897,Originality.ai,human_written,0,0.1543,4960,Psychology,Graduate,0.4896,0.3695,0.0359
SUB1898,Turnitin,human_written,0,0.3872,1143,Biology,Freshman,0.5116,0.4156,0.0275
SUB1899,Originality.ai,ai_generated,1,0.2618,991,Psychology,Freshman,0.6324,0.2920,0.9049
SUB1900,Turnitin,human_written,0,0.2282,2276,History,Junior,0.7129,0.3873,0.0369
SUB1901,Copyleaks,human_written,0,0.2905,4813,Mathematics,Senior,0.4876,0.3200,0.0349
SUB1902,GPTZero,ai_generated,1,0.2043,3264,Biology,Freshman,0.1808,0.1455,0.7663
SUB1903,Winston AI,human_written,0,0.4055,2041,History,Senior,0.2380,0.3058,0.1234
SUB1904,GPTZero,mixed,0,0.2265,3990,English,Junior,0.3914,0.2344,0.7492
SUB1905,GPTZero,ai_generated,1,0.2113,832,Chemistry,Senior,0.5037,0.2898,0.9041
SUB1906,Winston AI,mixed,0,0.3887,596,Mathematics,Sophomore,0.3550,0.3453,0.4651
SUB1907,Copyleaks,human_written,0,0.2933,3761,Chemistry,Graduate,0.7204,0.2823,0.0262
SUB1908,Winston AI,human_written,0,0.2008,4638,Psychology,Sophomore,0.3079,0.2695,0.1665
SUB1909,Turnitin,human_written,0,0.3823,652,History,Junior,0.6784,0.2311,0.0560
SUB1910,Turnitin,human_written,1,0.1388,3785,Chemistry,Freshman,0.3186,0.2593,0.0374
SUB1911,Copyleaks,mixed,1,0.5522,1916,Chemistry,Sophomore,0.4042,0.3035,0.2002
SUB1912,GPTZero,human_written,1,0.4197,4030,Mathematics,Junior,0.4937,0.3889,0.1832
SUB1913,Turnitin,ai_generated,1,0.6303,2966,Psychology,Graduate,0.6635,0.1881,0.8231
SUB1914,GPTZero,mixed,0,0.7329,3758,Psychology,Freshman,0.4580,0.2461,0.3004
SUB1915,Copyleaks,ai_generated,0,0.5174,1385,Biology,Freshman,0.2767,0.2393,0.7569
SUB1916,Copyleaks,human_written,0,0.7735,2599,English,Freshman,0.4660,0.3928,0.0155
SUB1917,Originality.ai,human_written,0,0.5577,3322,Psychology,Freshman,0.3254,0.3857,0.0000
SUB1918,Copyleaks,human_written,0,0.5563,2942,Chemistry,Sophomore,0.5356,0.3120,0.0188
SUB1919,Turnitin,mixed,1,0.4318,2571,Biology,Junior,0.6810,0.2678,0.5167
SUB1920,GPTZero,mixed,0,0.4591,2790,Chemistry,Graduate,0.5873,0.2558,0.4221
SUB1921,Winston AI,human_written,0,0.7510,3125,Chemistry,Freshman,0.2029,0.2636,0.0812
SUB1922,GPTZero,mixed,1,0.5166,2191,Computer Science,Graduate,0.7316,0.3778,0.6641
SUB1923,Turnitin,ai_generated,1,0.3343,1018,Physics,Junior,0.3565,0.2420,0.7697
SUB1924,Winston AI,human_written,0,0.6095,901,Physics,Freshman,0.5365,0.2430,0.0818
SUB1925,Originality.ai,human_written,0,0.7026,1059,Psychology,Junior,0.6386,0.2455,0.0000
SUB1926,Copyleaks,mixed,1,0.3381,2537,Psychology,Freshman,0.4703,0.0895,0.1677
SUB1927,Originality.ai,human_written,0,0.3434,4935,Mathematics,Senior,0.4423,0.3919,0.0000
SUB1928,Copyleaks,human_written,0,0.0785,1244,Mathematics,Graduate,0.5122,0.1312,0.0000
SUB1929,Copyleaks,ai_generated,1,0.2478,2322,Computer Science,Senior,0.2961,0.4651,0.8028
SUB1930,Winston AI,human_written,0,0.1742,3982,Biology,Graduate,0.4081,0.4808,0.1354
SUB1931,Copyleaks,ai_generated,1,0.6107,850,Computer Science,Freshman,0.3079,0.2952,0.7322
SUB1932,GPTZero,human_written,0,0.7290,2894,English,Freshman,0.4305,0.0968,0.1449
SUB1933,Copyleaks,ai_generated,1,0.1089,2853,Physics,Senior,0.4819,0.3358,0.7887
SUB1934,Turnitin,ai_generated,1,0.6909,2448,Chemistry,Junior,0.7987,0.2313,0.6801
SUB1935,Winston AI,human_written,0,0.5734,4754,Mathematics,Graduate,0.5049,0.2589,0.1326
SUB1936,Winston AI,human_written,0,0.7397,3448,Biology,Senior,0.6275,0.2529,0.1690
SUB1937,GPTZero,human_written,0,0.2389,3796,Mathematics,Graduate,0.4440,0.2302,0.1184
SUB1938,Originality.ai,human_written,0,0.7285,900,English,Freshman,0.3711,0.1920,0.0235
SUB1939,Copyleaks,ai_generated,0,0.3152,4491,English,Graduate,0.4618,0.4793,0.7198
SUB1940,GPTZero,human_written,0,0.1537,1928,Physics,Junior,0.5031,0.3815,0.1217
SUB1941,Copyleaks,human_written,0,0.2271,3498,Chemistry,Sophomore,0.5648,0.3688,0.0000
SUB1942,GPTZero,human_written,0,0.3618,4553,English,Graduate,0.6625,0.1869,0.0895
SUB1943,Copyleaks,human_written,0,0.1825,625,Biology,Freshman,0.3557,0.2289,0.0051
SUB1944,Turnitin,ai_generated,1,0.4239,1895,Psychology,Sophomore,0.6279,0.4301,0.8691
SUB1945,Originality.ai,human_written,0,0.2188,1945,Biology,Freshman,0.3607,0.2331,0.0343
SUB1946,GPTZero,ai_generated,1,0.3631,2294,Computer Science,Graduate,0.5759,0.3207,0.9215
SUB1947,GPTZero,mixed,1,0.5624,1112,Physics,Senior,0.6185,0.2986,0.6206
SUB1948,Turnitin,ai_generated,1,0.8225,3677,History,Junior,0.4212,0.1817,0.8771
SUB1949,Copyleaks,ai_generated,0,0.1698,3806,Mathematics,Graduate,0.3780,0.2610,0.9658
SUB1950,GPTZero,human_written,0,0.3685,3683,History,Graduate,0.5054,0.4735,0.1647
SUB1951,Originality.ai,ai_generated,1,0.9155,1796,Physics,Graduate,0.5310,0.2926,0.8962
SUB1952,Winston AI,human_written,0,0.1260,790,Biology,Freshman,0.4024,0.2929,0.1059
SUB1953,Winston AI,human_written,1,0.2597,3661,History,Graduate,0.5537,0.2784,0.1108
SUB1954,Turnitin,human_written,0,0.5881,3610,Physics,Sophomore,0.5871,0.3972,0.0349
SUB1955,Winston AI,mixed,1,0.4258,2533,English,Junior,0.6265,0.3708,0.4389
SUB1956,Originality.ai,mixed,0,0.1454,2999,English,Junior,0.3039,0.4514,0.4354
SUB1957,GPTZero,ai_generated,1,0.5082,2230,Chemistry,Senior,0.5964,0.2872,0.9466
SUB1958,Winston AI,mixed,1,0.4283,3938,Psychology,Graduate,0.5567,0.2979,0.6869
SUB1959,Turnitin,mixed,1,0.8270,1641,Psychology,Graduate,0.6582,0.3432,0.2750
SUB1960,Copyleaks,human_written,0,0.6465,2001,Psychology,Sophomore,0.2391,0.3097,0.0000
SUB1961,Originality.ai,human_written,0,0.2359,4847,Physics,Graduate,0.7421,0.4195,0.0000
SUB1962,Originality.ai,human_written,0,0.6181,2686,English,Senior,0.6393,0.1674,0.0000
SUB1963,Turnitin,human_written,0,0.5264,3148,Computer Science,Graduate,0.3797,0.1918,0.0374
SUB1964,Turnitin,ai_generated,1,0.8744,4228,History,Junior,0.5950,0.3450,0.7676
SUB1965,Originality.ai,ai_generated,0,0.4319,3731,Computer Science,Senior,0.5284,0.2432,0.7302
SUB1966,GPTZero,human_written,0,0.4451,2335,History,Graduate,0.4319,0.4087,0.1697
SUB1967,Originality.ai,human_written,0,0.4998,4775,English,Junior,0.5941,0.3536,0.0228
SUB1968,Originality.ai,human_written,0,0.1722,4298,Mathematics,Graduate,0.7645,0.3329,0.0000
SUB1969,Copyleaks,ai_generated,0,0.7073,3609,Physics,Graduate,0.4307,0.0890,0.8493
SUB1970,Turnitin,human_written,0,0.5694,1525,History,Junior,0.3132,0.2844,0.0685
SUB1971,Turnitin,human_written,0,0.4682,1450,Biology,Freshman,0.6813,0.1673,0.0171
SUB1972,Copyleaks,human_written,0,0.7776,4889,Computer Science,Sophomore,0.5933,0.1011,0.0405
SUB1973,Originality.ai,human_written,0,0.1539,1972,Mathematics,Junior,0.2586,0.1653,0.0000
SUB1974,Turnitin,ai_generated,1,0.3891,2861,Mathematics,Senior,0.5415,0.1026,0.9119
SUB1975,Copyleaks,human_written,0,0.1519,3985,Chemistry,Sophomore,0.5018,0.3665,0.0386
SUB1976,GPTZero,ai_generated,1,0.4939,4405,Mathematics,Senior,0.6445,0.1897,0.9457
SUB1977,Winston AI,human_written,0,0.2873,719,Mathematics,Freshman,0.4752,0.4536,0.0862
SUB1978,Copyleaks,human_written,0,0.5128,852,Psychology,Junior,0.4660,0.1519,0.0269
SUB1979,Copyleaks,human_written,0,0.4487,3170,History,Senior,0.4007,0.2719,0.0537
SUB1980,GPTZero,human_written,0,0.4878,4128,English,Sophomore,0.7187,0.3724,0.1779
SUB1981,Originality.ai,mixed,0,0.8594,2001,Computer Science,Sophomore,0.4658,0.2711,0.6712
SUB1982,Originality.ai,ai_generated,1,0.6750,4935,Biology,Graduate,0.7256,0.3229,0.9836
SUB1983,GPTZero,mixed,1,0.5186,2443,Psychology,Freshman,0.5729,0.2956,0.4909
SUB1984,Copyleaks,mixed,0,0.2627,2483,Mathematics,Sophomore,0.4153,0.3443,0.1426
SUB1985,GPTZero,human_written,0,0.3570,2628,Chemistry,Junior,0.7729,0.3967,0.1565
SUB1986,Originality.ai,human_written,0,0.2095,4753,Physics,Senior,0.5559,0.3183,0.0000
SUB1987,Turnitin,ai_generated,1,0.6936,4281,Computer Science,Junior,0.4136,0.2638,0.8007
SUB1988,Originality.ai,human_written,0,0.1872,3141,Biology,Freshman,0.5246,0.3477,0.0000
SUB1989,Winston AI,mixed,1,0.4340,4368,History,Freshman,0.6690,0.1513,0.4528
SUB1990,Originality.ai,human_written,0,0.1364,3982,Mathematics,Senior,0.5344,0.3449,0.0164
SUB1991,Turnitin,ai_generated,1,0.4502,3584,Psychology,Sophomore,0.6759,0.2423,0.9933
SUB1992,GPTZero,human_written,0,0.5933,918,Mathematics,Senior,0.6106,0.2468,0.1173
SUB1993,Copyleaks,human_written,0,0.6542,4312,History,Junior,0.5651,0.2405,0.0000
SUB1994,Turnitin,human_written,0,0.7164,1506,Physics,Graduate,0.2484,0.3182,0.0094
SUB1995,Turnitin,ai_generated,1,0.2378,781,Physics,Junior,0.7235,0.4330,0.7860
SUB1996,Turnitin,ai_generated,0,0.5213,4211,Computer Science,Freshman,0.5626,0.2775,0.7890
SUB1997,Originality.ai,mixed,1,0.4933,1941,Physics,Junior,0.5718,0.2632,0.5856
SUB1998,GPTZero,human_written,0,0.4863,3624,Chemistry,Junior,0.5739,0.2508,0.1273
SUB1999,Turnitin,human_written,1,0.4534,2510,English,Junior,0.6329,0.3308,0.0668
SUB2000,Originality.ai,mixed,1,0.2132,1903,Mathematics,Junior,0.3868,0.2623,0.3469
SUB2001,Turnitin,mixed,0,0.2042,625,English,Senior,0.4656,0.3246,0.4394
SUB2002,Winston AI,human_written,0,0.2869,799,English,Sophomore,0.4953,0.2631,0.1459
SUB2003,Originality.ai,ai_generated,1,0.2332,591,Mathematics,Senior,0.5324,0.2120,0.8520
SUB2004,GPTZero,mixed,1,0.2117,3982,History,Freshman,0.5895,0.4637,0.4486
SUB2005,Copyleaks,human_written,0,0.2086,2243,Psychology,Senior,0.6052,0.4281,0.0000
SUB2006,Winston AI,human_written,0,0.1871,2693,Physics,Sophomore,0.3593,0.2547,0.1122
SUB2007,Copyleaks,mixed,0,0.3323,2675,Physics,Freshman,0.4801,0.4324,0.6882
SUB2008,Turnitin,ai_generated,1,0.4865,1845,Mathematics,Sophomore,0.5332,0.4247,0.9573
SUB2009,Originality.ai,human_written,0,0.1217,922,Physics,Freshman,0.3220,0.1459,0.0000
SUB2010,Turnitin,mixed,0,0.3202,880,History,Graduate,0.3880,0.3199,0.1367
SUB2011,Originality.ai,ai_generated,1,0.3350,4914,Computer Science,Graduate,0.2670,0.1875,0.9253
SUB2012,Winston AI,human_written,0,0.5690,1817,Physics,Junior,0.6965,0.1403,0.1244
SUB2013,GPTZero,human_written,0,0.1797,4438,Physics,Senior,0.4872,0.1077,0.1388
SUB2014,Winston AI,human_written,0,0.3754,3911,Computer Science,Freshman,0.7081,0.3769,0.0885
SUB2015,GPTZero,human_written,0,0.1620,4100,Physics,Graduate,0.6419,0.4089,0.1709
SUB2016,GPTZero,ai_generated,1,0.4371,3738,English,Senior,0.6303,0.2672,0.8965
SUB2017,Originality.ai,human_written,0,0.2431,1718,Computer Science,Senior,0.6013,0.1995,0.0136
SUB2018,Copyleaks,human_written,0,0.5757,3301,Computer Science,Senior,0.4523,0.1896,0.0154
SUB2019,GPTZero,human_written,0,0.2636,779,Psychology,Freshman,0.2115,0.3119,0.1619
SUB2020,Originality.ai,human_written,0,0.5301,1510,Chemistry,Junior,0.5906,0.0015,0.0076
SUB2021,Copyleaks,human_written,0,0.7044,4590,History,Freshman,0.3489,0.1585,0.0000
SUB2022,Winston AI,human_written,0,0.4879,1014,Computer Science,Graduate,0.4561,0.0249,0.1624
SUB2023,Originality.ai,mixed,1,0.1519,2134,Chemistry,Graduate,0.7709,0.3296,0.2793
SUB2024,Originality.ai,human_written,0,0.4398,3809,Mathematics,Sophomore,0.4877,0.4874,0.0291
SUB2025,Winston AI,human_written,0,0.7571,1737,Computer Science,Freshman,0.6088,0.3777,0.0983
SUB2026,Originality.ai,human_written,0,0.4582,3201,Physics,Graduate,0.3857,0.2271,0.0000
SUB2027,Originality.ai,human_written,0,0.3090,2276,Mathematics,Sophomore,0.6571,0.2737,0.0275
SUB2028,Turnitin,ai_generated,1,0.2769,1488,Chemistry,Senior,0.3815,0.2286,1.0000
SUB2029,Turnitin,mixed,0,0.2214,3024,Psychology,Sophomore,0.8395,0.3956,0.4713
SUB2030,GPTZero,ai_generated,1,0.8418,4038,Chemistry,Graduate,0.5946,0.3807,0.7423
SUB2031,Turnitin,mixed,1,0.0840,1006,Chemistry,Senior,0.4312,0.2364,0.4588
SUB2032,Turnitin,ai_generated,1,0.3286,1708,Biology,Sophomore,0.4883,0.2822,0.9178
SUB2033,Originality.ai,ai_generated,1,0.3330,4606,Mathematics,Sophomore,0.4762,0.2748,0.9763
SUB2034,Turnitin,ai_generated,1,0.5039,3761,English,Freshman,0.6115,0.2919,0.9110
SUB2035,Copyleaks,human_written,0,0.2210,2522,Computer Science,Senior,0.5615,0.0935,0.0377
SUB2036,Originality.ai,mixed,0,0.4276,3417,Physics,Sophomore,0.3865,0.3034,0.3104
SUB2037,Originality.ai,human_written,0,0.7437,3576,English,Junior,0.6241,0.4371,0.0000
SUB2038,Winston AI,human_written,0,0.5967,4575,Physics,Graduate,0.4566,0.3737,0.1105
SUB2039,Winston AI,mixed,0,0.3052,2967,English,Senior,0.5630,0.2163,0.3894
SUB2040,Winston AI,human_written,0,0.1802,3912,Mathematics,Freshman,0.3385,0.3571,0.1183
SUB2041,Winston AI,human_written,0,0.3873,4148,Psychology,Junior,0.5542,0.2295,0.1471
SUB2042,Originality.ai,human_written,0,0.5582,2422,History,Freshman,0.6332,0.2443,0.0120
SUB2043,Copyleaks,human_written,0,0.2297,2305,Biology,Sophomore,0.5773,0.3304,0.0295
SUB2044,Winston AI,mixed,0,0.5753,4571,Biology,Freshman,0.3418,0.2316,0.4182
SUB2045,Originality.ai,human_written,0,0.7603,4182,History,Senior,0.7427,0.3398,0.0803
SUB2046,GPTZero,ai_generated,1,0.6298,2191,Mathematics,Graduate,0.4023,0.3282,1.0000
SUB2047,Copyleaks,mixed,1,0.1197,1600,Chemistry,Senior,0.6209,0.1151,0.4139
SUB2048,Copyleaks,ai_generated,1,0.2688,4508,Chemistry,Junior,0.1930,0.1647,0.8630
SUB2049,Copyleaks,human_written,0,0.0260,2804,Biology,Freshman,0.3770,0.3316,0.0225
SUB2050,Copyleaks,human_written,0,0.1832,1768,Chemistry,Sophomore,0.4703,0.2496,0.0000
SUB2051,GPTZero,ai_generated,1,0.1251,2531,Physics,Freshman,0.6175,0.2995,0.9048
SUB2052,Copyleaks,mixed,0,0.4033,4665,English,Sophomore,0.4924,0.2997,0.1012
SUB2053,Winston AI,ai_generated,1,0.6754,1121,English,Junior,0.4942,0.4054,0.8557
SUB2054,GPTZero,ai_generated,1,0.5451,1351,English,Sophomore,0.4195,0.3184,0.8421
SUB2055,Turnitin,human_written,0,0.1224,764,Physics,Graduate,0.6050,0.4245,0.0820
SUB2056,GPTZero,human_written,0,0.0741,729,History,Senior,0.4570,0.3371,0.1552
SUB2057,GPTZero,mixed,1,0.4283,4271,Physics,Graduate,0.4500,0.2400,0.5446
SUB2058,GPTZero,mixed,1,0.5591,4699,Psychology,Sophomore,0.7104,0.3687,0.5977
SUB2059,Copyleaks,ai_generated,1,0.1443,3160,Physics,Junior,0.5657,0.2433,0.6334
SUB2060,Copyleaks,ai_generated,1,0.7518,1369,Physics,Sophomore,0.7577,0.2846,0.9327
SUB2061,Winston AI,mixed,0,0.3491,1917,Computer Science,Graduate,0.5084,0.4040,0.5607
SUB2062,Winston AI,mixed,0,0.0353,3547,Chemistry,Junior,0.3626,0.1659,0.2432
SUB2063,Originality.ai,human_written,0,0.4247,2748,History,Sophomore,0.1953,0.2703,0.0027
SUB2064,Winston AI,human_written,0,0.5462,3173,Mathematics,Sophomore,0.2422,0.5476,0.1115
SUB2065,Turnitin,human_written,0,0.6089,1069,Psychology,Junior,0.2206,0.3654,0.0821
SUB2066,Turnitin,mixed,1,0.2068,565,Chemistry,Senior,0.7683,0.1951,0.3353
SUB2067,Turnitin,ai_generated,0,0.1225,3058,Chemistry,Freshman,0.6282,0.3030,0.7809
SUB2068,Winston AI,human_written,0,0.2297,3356,Chemistry,Graduate,0.1233,0.2687,0.1649
SUB2069,Copyleaks,human_written,0,0.2507,964,Psychology,Freshman,0.5961,0.2392,0.0000
SUB2070,GPTZero,human_written,1,0.1745,1228,Computer Science,Junior,0.4694,0.2905,0.1925
SUB2071,Turnitin,human_written,0,0.6603,1073,Physics,Senior,0.4879,0.3444,0.0729
SUB2072,Turnitin,human_written,0,0.1474,4475,History,Senior,0.5207,0.2046,0.1087
SUB2073,Turnitin,ai_generated,1,0.2168,902,Physics,Senior,0.3728,0.4757,0.7905
SUB2074,Copyleaks,mixed,0,0.3038,2110,Psychology,Freshman,0.4124,0.5080,0.0794
SUB2075,Originality.ai,ai_generated,1,0.5943,3331,History,Freshman,0.4019,0.3020,0.5617
SUB2076,Turnitin,ai_generated,0,0.2794,4317,Mathematics,Senior,0.5736,0.2041,0.7719
SUB2077,Copyleaks,ai_generated,0,0.0428,1226,Mathematics,Sophomore,0.3655,0.3906,0.7606
SUB2078,Originality.ai,ai_generated,1,0.3529,2919,Psychology,Junior,0.5119,0.3090,0.5947
SUB2079,GPTZero,ai_generated,0,0.8000,1613,Physics,Senior,0.3150,0.1203,0.7988
SUB2080,Copyleaks,human_written,0,0.5483,4512,Mathematics,Senior,0.7269,0.4510,0.0373
SUB2081,Winston AI,ai_generated,1,0.4832,3612,Physics,Graduate,0.3711,0.3384,1.0000
SUB2082,Turnitin,human_written,0,0.5322,2033,Mathematics,Junior,0.3531,0.3124,0.0168
SUB2083,Originality.ai,ai_generated,1,0.2373,620,Psychology,Freshman,0.5020,0.4403,0.8082
SUB2084,GPTZero,ai_generated,1,0.3207,2696,Psychology,Graduate,0.6703,0.4114,1.0000
SUB2085,Turnitin,human_written,0,0.4608,3387,Physics,Freshman,0.3666,0.1727,0.0338
SUB2086,Winston AI,human_written,0,0.4183,2473,Computer Science,Sophomore,0.6500,0.3265,0.1341
SUB2087,Copyleaks,mixed,0,0.5866,3445,Physics,Graduate,0.6976,0.2076,0.1797
SUB2088,Winston AI,human_written,0,0.5610,4147,Chemistry,Junior,0.0713,0.3943,0.1363
SUB2089,GPTZero,mixed,0,0.6155,3227,Mathematics,Freshman,0.4867,0.2009,0.5328
SUB2090,GPTZero,mixed,0,0.3514,566,History,Freshman,0.2672,0.3049,0.4363
SUB2091,Winston AI,human_written,0,0.7819,2378,Psychology,Sophomore,0.5958,0.3607,0.1885
SUB2092,Copyleaks,human_written,0,0.6699,806,Computer Science,Graduate,0.5874,0.4820,0.0000
SUB2093,Copyleaks,human_written,0,0.3946,3178,Chemistry,Freshman,0.3887,0.2151,0.0000
SUB2094,Copyleaks,ai_generated,1,0.0735,3666,Physics,Sophomore,0.3341,0.3409,0.7239
SUB2095,Originality.ai,human_written,0,0.2124,2684,Chemistry,Senior,0.4334,0.4101,0.0000
SUB2096,Turnitin,mixed,0,0.6244,4561,History,Junior,0.5111,0.2556,0.5827
SUB2097,Winston AI,ai_generated,1,0.3970,2733,Psychology,Senior,0.3576,0.2886,1.0000
SUB2098,Originality.ai,ai_generated,1,0.3397,4127,English,Freshman,0.5296,0.4542,0.7207
SUB2099,Copyleaks,mixed,1,0.4687,2277,Chemistry,Sophomore,0.4740,0.2486,0.4796
SUB2100,Copyleaks,human_written,0,0.2944,1945,Biology,Senior,0.2111,0.3243,0.0107
SUB2101,Winston AI,human_written,0,0.4885,4281,Physics,Sophomore,0.3579,0.2423,0.1509
SUB2102,Winston AI,human_written,0,0.4013,3587,Computer Science,Graduate,0.5573,0.4764,0.1121
SUB2103,Copyleaks,ai_generated,1,0.5326,1115,Chemistry,Graduate,0.7730,0.2646,0.8233
SUB2104,Copyleaks,mixed,1,0.2876,4831,Physics,Junior,0.1615,0.2278,0.2164
SUB2105,Turnitin,ai_generated,1,0.6258,3543,English,Freshman,0.4164,0.3229,0.7854
SUB2106,Turnitin,human_written,0,0.6358,512,Chemistry,Senior,0.4642,0.3774,0.0000
SUB2107,Copyleaks,human_written,0,0.5256,4025,Biology,Graduate,0.4115,0.3555,0.0468
SUB2108,Turnitin,human_written,0,0.4516,2193,Psychology,Junior,0.5110,0.1899,0.0325
SUB2109,Turnitin,mixed,0,0.4677,1062,English,Graduate,0.4065,0.1319,0.5370
SUB2110,Copyleaks,human_written,0,0.6077,4453,Psychology,Freshman,0.5082,0.2631,0.0787
SUB2111,GPTZero,mixed,1,0.3433,3849,Mathematics,Graduate,0.6743,0.2927,0.6318
SUB2112,Winston AI,human_written,1,0.3024,1229,Biology,Senior,0.2210,0.3148,0.1785
SUB2113,Copyleaks,human_written,0,0.3587,697,History,Graduate,0.4310,0.2706,0.0282
SUB2114,Turnitin,ai_generated,0,0.3143,3757,Chemistry,Graduate,0.5458,0.1912,0.7694
SUB2115,Originality.ai,ai_generated,1,0.0785,4924,Psychology,Senior,0.4755,0.2627,0.9925
SUB2116,Turnitin,human_written,0,0.3889,1789,History,Graduate,0.3716,0.2114,0.0000
SUB2117,Originality.ai,human_written,0,0.4927,3463,English,Sophomore,0.4585,0.1066,0.0000
SUB2118,Turnitin,human_written,0,0.4120,4937,History,Junior,0.6521,0.2525,0.0430
SUB2119,Winston AI,human_written,0,0.3845,1668,Psychology,Senior,0.5030,0.1323,0.1308
SUB2120,Winston AI,human_written,0,0.6396,3682,History,Junior,0.4753,0.3099,0.1104
SUB2121,Originality.ai,human_written,0,0.0601,2202,Physics,Sophomore,0.4823,0.0587,0.0134
SUB2122,Copyleaks,ai_generated,1,0.1923,3518,Biology,Freshman,0.6395,0.2260,0.7544
SUB2123,Copyleaks,human_written,0,0.3452,3476,Computer Science,Sophomore,0.1091,0.2323,0.0138
SUB2124,Turnitin,ai_generated,0,0.1029,4634,Physics,Sophomore,0.3590,0.1994,0.8166
SUB2125,GPTZero,mixed,0,0.1124,4477,Computer Science,Graduate,0.5046,0.2782,0.5316
SUB2126,Originality.ai,ai_generated,1,0.3522,4174,Mathematics,Freshman,0.6054,0.3075,0.6578
SUB2127,Turnitin,mixed,0,0.1569,2319,Psychology,Sophomore,0.4656,0.1948,0.1630
SUB2128,Turnitin,mixed,0,0.1638,4646,Psychology,Freshman,0.5987,0.2135,0.0528
SUB2129,Copyleaks,human_written,0,0.1399,1889,Chemistry,Sophomore,0.2554,0.1893,0.0346
SUB2130,Winston AI,human_written,1,0.3796,2387,Chemistry,Junior,0.3230,0.1727,0.1923
SUB2131,Turnitin,ai_generated,0,0.6618,1523,Chemistry,Junior,0.5226,0.2688,0.7748
SUB2132,Copyleaks,ai_generated,1,0.4436,3421,English,Sophomore,0.4566,0.3519,0.8277
SUB2133,Turnitin,human_written,0,0.3978,3080,History,Sophomore,0.5003,0.3635,0.0973
SUB2134,GPTZero,mixed,0,0.5747,3992,Physics,Sophomore,0.6086,0.4318,0.5514
SUB2135,GPTZero,human_written,0,0.3950,1686,Chemistry,Senior,0.6044,0.3126,0.1830
SUB2136,Originality.ai,ai_generated,1,0.7212,3986,English,Senior,0.4827,0.2158,0.9434
SUB2137,Winston AI,ai_generated,1,0.3836,2333,Psychology,Freshman,0.4505,0.4404,0.8440
SUB2138,Winston AI,human_written,1,0.9229,2633,Psychology,Freshman,0.5432,0.1630,0.1624
SUB2139,Originality.ai,ai_generated,1,0.1145,3127,Biology,Senior,0.5794,0.4263,0.6583
SUB2140,Winston AI,human_written,1,0.2855,4210,Computer Science,Senior,0.3777,0.3419,0.1772
SUB2141,GPTZero,human_written,0,0.4353,4067,Psychology,Junior,0.4145,0.3105,0.1220
SUB2142,Turnitin,human_written,0,0.3246,1300,Psychology,Senior,0.4871,0.4370,0.0970
SUB2143,Turnitin,ai_generated,1,0.3106,1152,Psychology,Freshman,0.5907,0.1508,0.8862
SUB2144,Copyleaks,ai_generated,1,0.5825,3271,Physics,Sophomore,0.4476,0.2926,0.9191
SUB2145,Copyleaks,human_written,0,0.4324,3897,Physics,Senior,0.3106,0.3147,0.0244
SUB2146,Turnitin,mixed,1,0.4868,2957,Mathematics,Graduate,0.4641,0.3142,0.2570
SUB2147,Winston AI,mixed,0,0.6488,1013,Computer Science,Freshman,0.4207,0.3414,0.4981
SUB2148,Winston AI,ai_generated,1,0.1642,1284,English,Senior,0.7835,0.1377,0.8885
SUB2149,GPTZero,human_written,0,0.3833,3085,Chemistry,Sophomore,0.6762,0.3213,0.1498
SUB2150,Copyleaks,mixed,0,0.1787,4866,Chemistry,Sophomore,0.2788,0.2278,0.2967
SUB2151,Originality.ai,human_written,0,0.7008,1917,Computer Science,Graduate,0.5904,0.4306,0.0280
SUB2152,Winston AI,human_written,0,0.6093,3576,Mathematics,Senior,0.5630,0.3097,0.1038
SUB2153,Copyleaks,ai_generated,0,0.2613,4320,Psychology,Sophomore,0.3538,0.2325,0.6497
SUB2154,Winston AI,ai_generated,1,0.6481,1748,Physics,Freshman,0.6950,0.2117,0.8938
SUB2155,Turnitin,human_written,0,0.1917,1558,Biology,Sophomore,0.6753,0.3632,0.0240
SUB2156,Originality.ai,ai_generated,1,0.1792,3375,Computer Science,Senior,0.3519,0.3640,0.7188
SUB2157,Winston AI,mixed,0,0.5549,3959,Computer Science,Freshman,0.6621,0.3779,0.5458
SUB2158,Turnitin,ai_generated,0,0.4166,3935,Mathematics,Junior,0.5155,0.3247,0.9111
SUB2159,Originality.ai,human_written,0,0.2971,4423,English,Senior,0.5903,0.2668,0.0662
SUB2160,Winston AI,mixed,1,0.3626,2493,Mathematics,Freshman,0.6880,0.4667,0.8093
SUB2161,GPTZero,human_written,0,0.5383,3328,History,Junior,0.4746,0.3627,0.1350
SUB2162,Winston AI,mixed,1,0.4397,2430,Chemistry,Freshman,0.5236,0.2141,0.7321
SUB2163,GPTZero,human_written,0,0.2993,1308,Physics,Junior,0.5293,0.2934,0.1719
SUB2164,Originality.ai,mixed,1,0.2671,4872,English,Junior,0.5475,0.2377,0.4759
SUB2165,Winston AI,mixed,0,0.3747,4423,English,Graduate,0.4405,0.4142,0.3514
SUB2166,Originality.ai,mixed,0,0.0288,4553,History,Sophomore,0.2409,0.2010,0.0806
SUB2167,Originality.ai,mixed,0,0.3373,3198,Physics,Junior,0.5349,0.3002,0.5005
SUB2168,Copyleaks,ai_generated,0,0.5022,2323,History,Graduate,0.7738,0.3671,0.7857
SUB2169,Originality.ai,ai_generated,1,0.5118,3328,English,Sophomore,0.4195,0.4547,0.9025
SUB2170,Originality.ai,mixed,0,0.2454,4358,English,Senior,0.4423,0.3048,0.2550
SUB2171,Winston AI,mixed,0,0.4852,4571,Psychology,Sophomore,0.4209,0.1888,0.5931
SUB2172,Turnitin,ai_generated,1,0.4225,1265,History,Freshman,0.3441,0.2573,0.7774
SUB2173,Turnitin,mixed,0,0.5157,941,Chemistry,Senior,0.4608,0.4888,0.3724
SUB2174,Copyleaks,ai_generated,1,0.4551,740,Chemistry,Sophomore,0.4988,0.3824,0.8474
SUB2175,Copyleaks,mixed,1,0.2300,1473,English,Senior,0.2474,0.3136,0.4301
SUB2176,Turnitin,ai_generated,1,0.2223,3992,Computer Science,Graduate,0.4777,0.3422,0.6237
SUB2177,Originality.ai,ai_generated,0,0.6476,651,Computer Science,Sophomore,0.1911,0.2922,0.5829
SUB2178,GPTZero,mixed,1,0.3013,3730,English,Sophomore,0.1957,0.1792,0.6049
SUB2179,Winston AI,mixed,1,0.5507,3312,Physics,Graduate,0.2312,0.3118,0.7252
SUB2180,Winston AI,ai_generated,1,0.7279,1780,Psychology,Graduate,0.5417,0.0808,1.0000
SUB2181,Winston AI,human_written,0,0.6808,1197,Biology,Freshman,0.5183,0.3154,0.1151
SUB2182,Originality.ai,mixed,1,0.4266,2902,Mathematics,Junior,0.1903,0.3072,0.5212
SUB2183,Turnitin,human_written,0,0.3918,1436,Biology,Sophomore,0.3148,0.2340,0.0368
SUB2184,Originality.ai,mixed,1,0.2892,561,Psychology,Sophomore,0.3188,0.2552,0.4138
SUB2185,Turnitin,ai_generated,1,0.3991,1286,Physics,Junior,0.4380,0.1486,0.8269
SUB2186,Winston AI,ai_generated,1,0.0620,2624,History,Senior,0.7700,0.2337,0.9854
SUB2187,Originality.ai,human_written,0,0.4528,4214,Mathematics,Senior,0.6320,0.0924,0.0000
SUB2188,Originality.ai,ai_generated,0,0.2485,538,Psychology,Junior,0.4182,0.3859,0.8621
SUB2189,GPTZero,human_written,0,0.3023,2465,Physics,Freshman,0.3147,0.3064,0.1266
SUB2190,Winston AI,ai_generated,1,0.5615,3427,English,Freshman,0.4495,0.4576,0.9795
SUB2191,GPTZero,ai_generated,1,0.5792,1790,Physics,Graduate,0.8183,0.4136,0.9988
SUB2192,GPTZero,mixed,1,0.2306,2612,Biology,Sophomore,0.7030,0.2101,0.4434
SUB2193,Originality.ai,mixed,0,0.2816,2643,Computer Science,Freshman,0.6116,0.1770,0.4679
SUB2194,GPTZero,human_written,1,0.0459,4518,Physics,Graduate,0.7796,0.3132,0.2071
SUB2195,Winston AI,ai_generated,1,0.1896,3892,English,Freshman,0.4625,0.3185,0.9841
SUB2196,Originality.ai,mixed,0,0.0478,4945,Chemistry,Senior,0.5014,0.4803,0.2303
SUB2197,Turnitin,ai_generated,1,0.5446,2986,Mathematics,Freshman,0.5208,0.2986,0.9543
SUB2198,Winston AI,human_written,0,0.2150,1348,Mathematics,Freshman,0.7130,0.1255,0.1302
SUB2199,Copyleaks,ai_generated,1,0.3688,2965,Mathematics,Sophomore,0.6138,0.3445,0.7884
SUB2200,GPTZero,ai_generated,1,0.2744,1058,Chemistry,Junior,0.8793,0.2703,0.9271
SUB2201,Winston AI,human_written,0,0.3235,570,Computer Science,Senior,0.5612,0.2808,0.1062
SUB2202,Winston AI,ai_generated,1,0.4810,2047,English,Junior,0.3362,0.3437,1.0000
SUB2203,Originality.ai,human_written,0,0.5566,1698,Physics,Freshman,0.7571,0.4024,0.0251
SUB2204,Originality.ai,mixed,1,0.1101,3126,Mathematics,Junior,0.3193,0.3377,0.3722
SUB2205,Copyleaks,mixed,0,0.6134,1258,Physics,Freshman,0.5304,0.2438,0.3552
SUB2206,GPTZero,ai_generated,1,0.6856,1526,Chemistry,Graduate,0.6012,0.4163,0.8265
SUB2207,Copyleaks,mixed,1,0.5412,3077,English,Freshman,0.1747,0.1547,0.2376
SUB2208,Turnitin,human_written,0,0.1999,1125,Physics,Graduate,0.5711,0.3901,0.0288
SUB2209,Originality.ai,human_written,0,0.2702,4378,Psychology,Senior,0.6998,0.3453,0.0000
SUB2210,Copyleaks,ai_generated,0,0.2386,4604,Psychology,Graduate,0.3657,0.3041,0.5927
SUB2211,Copyleaks,ai_generated,0,0.4559,2698,Physics,Freshman,0.6481,0.1792,0.7925
SUB2212,Originality.ai,human_written,0,0.2667,1636,Biology,Junior,0.3926,0.3157,0.0000
SUB2213,Winston AI,mixed,1,0.5726,3670,History,Graduate,0.4181,0.2098,0.6010
SUB2214,Originality.ai,mixed,1,0.4817,1964,Chemistry,Sophomore,0.3912,0.1008,0.5201
SUB2215,GPTZero,ai_generated,1,0.2311,842,Biology,Junior,0.5444,0.3110,0.9778
SUB2216,Winston AI,mixed,1,0.2603,1652,Computer Science,Freshman,0.4334,0.2070,0.5093
SUB2217,Winston AI,mixed,0,0.4998,2214,History,Freshman,0.6829,0.1651,0.3123
SUB2218,Winston AI,ai_generated,1,0.2781,1907,Psychology,Junior,0.7740,0.2234,1.0000
SUB2219,Winston AI,ai_generated,1,0.6414,3901,English,Junior,0.5865,0.3550,0.8983
SUB2220,Turnitin,mixed,0,0.0269,1374,History,Sophomore,0.3780,0.1571,0.3251
SUB2221,Winston AI,ai_generated,0,0.1305,2426,Chemistry,Freshman,0.5895,0.1242,0.8002
SUB2222,Copyleaks,human_written,0,0.8259,1965,Computer Science,Senior,0.7610,0.0988,0.0417
SUB2223,GPTZero,human_written,0,0.5476,1771,Psychology,Sophomore,0.4153,0.3175,0.0997
SUB2224,Winston AI,mixed,0,0.5276,4142,Computer Science,Sophomore,0.1924,0.3763,0.4588
SUB2225,Originality.ai,ai_generated,1,0.3854,2146,Physics,Senior,0.8319,0.2312,0.7219
SUB2226,GPTZero,ai_generated,1,0.3716,2350,Biology,Junior,0.5774,0.3958,1.0000
SUB2227,GPTZero,mixed,1,0.4547,941,Biology,Graduate,0.4079,0.2941,0.4249
SUB2228,GPTZero,human_written,1,0.5881,4692,Chemistry,Graduate,0.6413,0.2080,0.1741
SUB2229,Winston AI,mixed,0,0.4775,2557,Biology,Junior,0.4642,0.4253,0.3944
SUB2230,GPTZero,mixed,1,0.5503,1114,Computer Science,Freshman,0.4909,0.2947,0.1823
SUB2231,GPTZero,ai_generated,1,0.5028,3328,Chemistry,Graduate,0.4157,0.3691,0.9007
SUB2232,Turnitin,human_written,0,0.6650,3814,Chemistry,Junior,0.4878,0.2111,0.0614
SUB2233,Originality.ai,human_written,0,0.1372,3790,Chemistry,Junior,0.5751,0.4493,0.0000
SUB2234,Turnitin,human_written,0,0.6608,3753,English,Sophomore,0.7126,0.3948,0.0188
SUB2235,Winston AI,human_written,0,0.4028,4579,Chemistry,Graduate,0.6832,0.5856,0.1056
SUB2236,Winston AI,ai_generated,1,0.5377,3991,Computer Science,Sophomore,0.2098,0.1970,1.0000
SUB2237,Winston AI,mixed,0,0.5543,1014,Psychology,Sophomore,0.5228,0.2472,0.6043
SUB2238,Copyleaks,human_written,0,0.3327,3067,English,Sophomore,0.1049,0.3168,0.0020
SUB2239,Originality.ai,human_written,0,0.1564,2561,Physics,Senior,0.4557,0.2281,0.0000
SUB2240,Originality.ai,mixed,0,0.4940,2054,Chemistry,Freshman,0.2871,0.4412,0.2271
SUB2241,Turnitin,human_written,0,0.7601,576,Computer Science,Graduate,0.6491,0.4389,0.0114
SUB2242,Copyleaks,human_written,0,0.2163,4714,History,Junior,0.3372,0.3389,0.0000
SUB2243,Turnitin,ai_generated,1,0.4063,4699,Computer Science,Sophomore,0.5836,0.4366,0.9101
SUB2244,GPTZero,ai_generated,1,0.2844,2502,Computer Science,Sophomore,0.6504,0.2666,1.0000
SUB2245,Copyleaks,ai_generated,1,0.3461,4469,Physics,Senior,0.6369,0.3318,0.8306
SUB2246,Winston AI,ai_generated,0,0.1520,3975,History,Sophomore,0.5438,0.3937,0.8407
SUB2247,Turnitin,ai_generated,1,0.3420,717,Physics,Junior,0.3429,0.3692,0.8151
SUB2248,Originality.ai,human_written,0,0.3566,4349,Chemistry,Sophomore,0.6159,0.1845,0.0075
SUB2249,Winston AI,mixed,0,0.3229,646,Biology,Graduate,0.4239,0.1853,0.2216
SUB2250,Copyleaks,ai_generated,1,0.2282,3702,History,Sophomore,0.4146,0.1699,0.8247
SUB2251,Winston AI,human_written,0,0.1983,4417,Biology,Sophomore,0.6923,0.1578,0.0961
SUB2252,Turnitin,human_written,1,0.6199,4982,Computer Science,Senior,0.4933,0.1625,0.0304
SUB2253,GPTZero,human_written,0,0.4136,528,Biology,Sophomore,0.3857,0.2550,0.1166
SUB2254,GPTZero,human_written,1,0.2122,1744,Chemistry,Freshman,0.2992,0.1730,0.1225
SUB2255,Winston AI,mixed,0,0.2904,2971,Mathematics,Junior,0.6322,0.3121,0.5054
SUB2256,GPTZero,ai_generated,1,0.2370,3242,Mathematics,Freshman,0.6840,0.3297,1.0000
SUB2257,Winston AI,mixed,1,0.6616,2437,Biology,Junior,0.5273,0.2891,0.6726
SUB2258,Winston AI,ai_generated,1,0.0717,2850,Psychology,Graduate,0.3307,0.0503,0.8125
SUB2259,GPTZero,human_written,1,0.5429,1192,Physics,Sophomore,0.6210,0.0897,0.1118
SUB2260,Turnitin,human_written,0,0.2406,2781,English,Graduate,0.3707,0.3563,0.0254
SUB2261,GPTZero,human_written,0,0.3889,4557,Physics,Freshman,0.2706,0.3019,0.1806
SUB2262,Winston AI,ai_generated,1,0.3155,2898,Biology,Junior,0.7229,0.4229,0.8576
SUB2263,Originality.ai,ai_generated,1,0.5433,1885,English,Junior,0.3216,0.1895,0.8456
SUB2264,Winston AI,mixed,1,0.3303,4677,Physics,Freshman,0.5109,0.3178,0.4153
SUB2265,Winston AI,human_written,0,0.5176,3363,Computer Science,Freshman,0.7859,0.2684,0.1507
SUB2266,Copyleaks,human_written,0,0.0421,1488,History,Sophomore,0.5574,0.2827,0.0147
SUB2267,Turnitin,mixed,0,0.0362,4825,Biology,Senior,0.7115,0.3471,0.4562
SUB2268,Originality.ai,human_written,0,0.1378,2567,Physics,Freshman,0.1170,0.3881,0.0000
SUB2269,Winston AI,human_written,0,0.1959,4245,Psychology,Sophomore,0.4047,0.4676,0.1337
SUB2270,Originality.ai,human_written,0,0.5056,2623,History,Graduate,0.4540,0.2521,0.0000
SUB2271,Turnitin,mixed,0,0.5408,3283,Physics,Senior,0.3353,0.3763,0.1217
SUB2272,Copyleaks,mixed,1,0.0689,3451,Biology,Junior,0.3544,0.2877,0.3439
SUB2273,Turnitin,mixed,0,0.5111,3282,Mathematics,Sophomore,0.3870,0.3205,0.4149
SUB2274,Turnitin,human_written,0,0.8769,4456,Biology,Senior,0.5504,0.2813,0.0898
SUB2275,Winston AI,human_written,0,0.6089,4781,Biology,Freshman,0.4507,0.2711,0.1346
SUB2276,Turnitin,mixed,1,0.7066,2056,Biology,Junior,0.5968,0.3602,0.3037
SUB2277,Turnitin,human_written,1,0.8384,1283,Computer Science,Sophomore,0.4858,0.5307,0.0885
SUB2278,Copyleaks,human_written,0,0.5127,2137,Computer Science,Senior,0.3920,0.4875,0.0228
SUB2279,Originality.ai,human_written,0,0.3263,3616,Psychology,Freshman,0.0776,0.2953,0.0000
SUB2280,GPTZero,human_written,0,0.4843,1291,Physics,Senior,0.6600,0.2072,0.1470
SUB2281,Originality.ai,ai_generated,0,0.3590,4230,Mathematics,Graduate,0.2905,0.3125,0.7034
SUB2282,Turnitin,human_written,0,0.3132,4714,History,Senior,0.6671,0.3342,0.0779
SUB2283,Copyleaks,mixed,0,0.2283,3717,Physics,Senior,0.6609,0.4290,0.3015
SUB2284,Turnitin,mixed,1,0.1762,4099,Physics,Senior,0.4129,0.3816,0.2932
SUB2285,Turnitin,mixed,0,0.0864,2620,English,Junior,0.4890,0.3610,0.2332
SUB2286,Originality.ai,human_written,0,0.0245,3333,Psychology,Sophomore,0.3593,0.5004,0.0130
SUB2287,Turnitin,ai_generated,1,0.3657,3911,Physics,Freshman,0.4324,0.3107,0.7725
SUB2288,Originality.ai,mixed,0,0.6466,4406,Mathematics,Freshman,0.2756,0.2547,0.0221
SUB2289,Originality.ai,human_written,0,0.5802,4951,Computer Science,Senior,0.5834,0.2105,0.0194
SUB2290,Copyleaks,human_written,0,0.1513,2468,Physics,Senior,0.4384,0.2095,0.0075
SUB2291,Copyleaks,ai_generated,1,0.5821,4486,Chemistry,Sophomore,0.4686,0.2175,0.7056
SUB2292,Turnitin,human_written,0,0.2640,2895,Biology,Junior,0.7658,0.2074,0.0494
SUB2293,Turnitin,ai_generated,1,0.4613,2713,Mathematics,Senior,0.5632,0.1423,0.8752
SUB2294,GPTZero,ai_generated,1,0.1652,2228,Psychology,Sophomore,0.3721,0.0604,0.7802
SUB2295,GPTZero,ai_generated,1,0.2437,4073,Computer Science,Sophomore,0.4662,0.1479,0.7792
SUB2296,Originality.ai,ai_generated,1,0.4965,4082,Chemistry,Sophomore,0.4378,0.3760,0.7608
SUB2297,Winston AI,human_written,0,0.5623,571,Physics,Senior,0.7788,0.4156,0.1443
SUB2298,Winston AI,mixed,0,0.5200,2937,Physics,Graduate,0.4475,0.5169,0.6779
SUB2299,Copyleaks,ai_generated,1,0.3669,3170,Mathematics,Sophomore,0.5803,0.3726,0.8224
SUB2300,Winston AI,human_written,0,0.8903,1386,Chemistry,Junior,0.2876,0.3691,0.1730
SUB2301,GPTZero,ai_generated,1,0.4716,2283,Computer Science,Freshman,0.3857,0.1316,0.7680
SUB2302,Turnitin,human_written,0,0.3840,1389,Chemistry,Sophomore,0.4291,0.4109,0.0650
SUB2303,Turnitin,ai_generated,1,0.1527,3091,Physics,Graduate,0.6642,0.3571,1.0000
SUB2304,Turnitin,human_written,0,0.5161,4671,Computer Science,Sophomore,0.5716,0.3560,0.0172
SUB2305,Originality.ai,ai_generated,0,0.3348,704,Computer Science,Freshman,0.2834,0.2373,0.7540
SUB2306,GPTZero,human_written,0,0.1287,553,Physics,Junior,0.7149,0.4413,0.1728
SUB2307,Turnitin,human_written,0,0.2179,1405,Biology,Senior,0.7669,0.4025,0.0578
SUB2308,GPTZero,ai_generated,1,0.5335,4069,Psychology,Graduate,0.3320,0.2225,0.7925
SUB2309,GPTZero,ai_generated,0,0.2806,3145,Biology,Freshman,0.6241,0.3655,0.8486
SUB2310,Turnitin,human_written,0,0.6719,2341,English,Senior,0.5757,0.1652,0.0591
SUB2311,GPTZero,ai_generated,1,0.5585,4631,Psychology,Freshman,0.2462,0.5887,1.0000
SUB2312,Copyleaks,human_written,0,0.3864,3710,Mathematics,Junior,0.4709,0.1319,0.0000
SUB2313,Copyleaks,mixed,0,0.3723,4700,Physics,Senior,0.4903,0.3475,0.4925
SUB2314,Originality.ai,human_written,0,0.1731,2636,Psychology,Senior,0.0888,0.5151,0.0000
SUB2315,Copyleaks,human_written,0,0.2090,1739,Chemistry,Freshman,0.5848,0.3225,0.0000
SUB2316,Originality.ai,human_written,0,0.2791,985,Biology,Junior,0.6893,0.1666,0.0566
SUB2317,GPTZero,human_written,0,0.3965,3072,History,Sophomore,0.3647,0.3893,0.1499
SUB2318,Copyleaks,mixed,1,0.6086,2079,Psychology,Freshman,0.6141,0.3170,0.4297
SUB2319,Turnitin,human_written,0,0.7739,3288,Mathematics,Graduate,0.4340,0.3750,0.0157
SUB2320,Copyleaks,human_written,0,0.3623,1357,Chemistry,Sophomore,0.5029,0.4186,0.0000
SUB2321,Originality.ai,ai_generated,1,0.5043,4886,English,Junior,0.6157,0.2691,0.7669
SUB2322,Copyleaks,human_written,0,0.5994,4462,English,Sophomore,0.5150,0.5143,0.0037
SUB2323,Turnitin,human_written,1,0.5771,984,Mathematics,Junior,0.3837,0.3950,0.0216
SUB2324,Copyleaks,ai_generated,1,0.1838,4171,Psychology,Freshman,0.2904,0.1001,0.9868
SUB2325,Copyleaks,human_written,0,0.4158,1738,English,Sophomore,0.4391,0.2910,0.0351
SUB2326,Copyleaks,human_written,0,0.3710,3488,History,Junior,0.6147,0.2905,0.0000
SUB2327,Copyleaks,human_written,0,0.2614,2828,Computer Science,Senior,0.5789,0.2832,0.0438
SUB2328,Copyleaks,human_written,0,0.7442,694,Biology,Junior,0.3399,0.0595,0.0131
SUB2329,Winston AI,human_written,0,0.3891,796,Chemistry,Junior,0.3753,0.2765,0.0968
SUB2330,Turnitin,ai_generated,1,0.3124,4986,Biology,Graduate,0.3226,0.4111,0.9709
SUB2331,Copyleaks,human_written,0,0.4751,965,Chemistry,Senior,0.3492,0.3020,0.0000
SUB2332,Turnitin,human_written,1,0.1707,960,Computer Science,Junior,0.6286,0.3606,0.0382
SUB2333,Copyleaks,mixed,0,0.2390,651,English,Graduate,0.4825,0.0889,0.5159
SUB2334,Winston AI,human_written,0,0.5981,4174,Mathematics,Sophomore,0.5227,0.2167,0.1545
SUB2335,Copyleaks,human_written,0,0.5834,2621,Computer Science,Graduate,0.2156,0.3305,0.0580
SUB2336,Winston AI,human_written,0,0.2684,4139,History,Junior,0.5258,0.3203,0.1708
SUB2337,Originality.ai,human_written,0,0.6804,1950,Chemistry,Freshman,0.5209,0.3102,0.0562
SUB2338,Copyleaks,mixed,0,0.3475,790,Physics,Graduate,0.2740,0.4776,0.2684
SUB2339,Turnitin,ai_generated,1,0.2472,4320,Psychology,Graduate,0.2948,0.3180,0.8079
SUB2340,Turnitin,ai_generated,1,0.5842,1188,Psychology,Senior,0.4867,0.3901,0.9090
SUB2341,Winston AI,human_written,0,0.5565,1777,History,Graduate,0.2246,0.2916,0.0982
SUB2342,Turnitin,human_written,0,0.6730,2102,Chemistry,Junior,0.3809,0.2878,0.0627
SUB2343,Originality.ai,human_written,0,0.5384,4489,Psychology,Sophomore,0.3563,0.3314,0.0569
SUB2344,Copyleaks,human_written,0,0.5066,4917,Mathematics,Sophomore,0.6600,0.3484,0.0269
SUB2345,Copyleaks,mixed,1,0.4696,4483,English,Junior,0.5763,0.1698,0.4465
SUB2346,GPTZero,ai_generated,1,0.6128,2740,Mathematics,Graduate,0.4168,0.2115,0.8269
SUB2347,GPTZero,human_written,0,0.4570,886,English,Junior,0.5758,0.4554,0.1304
SUB2348,Originality.ai,human_written,0,0.3895,4954,Physics,Freshman,0.4765,0.1981,0.0000
SUB2349,GPTZero,ai_generated,1,0.4419,2065,Computer Science,Freshman,0.2587,0.3734,0.8663
SUB2350,Originality.ai,ai_generated,1,0.1358,2732,Mathematics,Freshman,0.6060,0.3166,0.7390
SUB2351,GPTZero,human_written,1,0.1577,4694,Biology,Senior,0.4760,0.2066,0.1508
SUB2352,GPTZero,human_written,0,0.2184,2801,Computer Science,Graduate,0.5827,0.3017,0.1603
SUB2353,GPTZero,ai_generated,1,0.7331,989,Psychology,Graduate,0.2074,0.3596,1.0000
SUB2354,GPTZero,human_written,0,0.4837,1509,History,Freshman,0.2782,0.2072,0.1661
SUB2355,Turnitin,mixed,0,0.4119,4066,History,Freshman,0.3757,0.1940,0.5170
SUB2356,Originality.ai,human_written,0,0.2887,3119,Mathematics,Freshman,0.5232,0.1998,0.0000
SUB2357,GPTZero,ai_generated,1,0.2378,4700,Physics,Graduate,0.4984,0.3924,0.9166
SUB2358,GPTZero,human_written,0,0.2482,1107,Computer Science,Freshman,0.6375,0.2424,0.1267
SUB2359,Winston AI,human_written,0,0.1239,1147,Physics,Graduate,0.6911,0.3134,0.1671
SUB2360,Copyleaks,human_written,0,0.0602,3330,Mathematics,Graduate,0.4583,0.3516,0.0230
SUB2361,Copyleaks,human_written,0,0.6011,3127,English,Junior,0.4202,0.2804,0.0488
SUB2362,Winston AI,mixed,1,0.2038,1134,Computer Science,Junior,0.4048,0.2801,0.4726
SUB2363,Originality.ai,mixed,0,0.6632,3857,Chemistry,Graduate,0.7064,0.4324,0.0068
SUB2364,Winston AI,ai_generated,1,0.2909,2182,Psychology,Senior,0.5900,0.2359,0.8665
SUB2365,GPTZero,ai_generated,1,0.8139,2317,Physics,Sophomore,0.4252,0.3400,0.8425
SUB2366,Copyleaks,ai_generated,0,0.4652,1216,Computer Science,Sophomore,0.4915,0.3129,0.5923
SUB2367,Copyleaks,human_written,0,0.1803,4936,English,Junior,0.5221,0.3523,0.0000
SUB2368,Turnitin,mixed,0,0.1917,4308,Mathematics,Senior,0.4781,0.3365,0.3208
SUB2369,Copyleaks,mixed,1,0.7471,3233,Physics,Sophomore,0.6487,0.1905,0.2954
SUB2370,GPTZero,human_written,0,0.3619,1111,History,Senior,0.6446,0.3255,0.1419
SUB2371,Winston AI,human_written,0,0.3493,1262,English,Freshman,0.1243,0.2900,0.1140
SUB2372,GPTZero,human_written,0,0.2824,2275,Psychology,Junior,0.5677,0.4379,0.0700
SUB2373,Winston AI,mixed,0,0.2711,4747,English,Freshman,0.3429,0.0856,0.3338
SUB2374,Winston AI,ai_generated,1,0.5597,1606,English,Graduate,0.6000,0.1444,0.8053
SUB2375,GPTZero,ai_generated,1,0.2092,1816,Computer Science,Senior,0.6530,0.2950,1.0000
SUB2376,Copyleaks,mixed,0,0.5757,1738,Psychology,Graduate,0.6254,0.2014,0.3221
SUB2377,Originality.ai,mixed,0,0.4168,2468,Psychology,Graduate,0.6232,0.3158,0.4590
SUB2378,Winston AI,mixed,0,0.1951,1526,Physics,Graduate,0.6772,0.1980,0.6891
SUB2379,Turnitin,human_written,0,0.5609,4278,History,Freshman,0.1428,0.1903,0.0777
SUB2380,Originality.ai,ai_generated,1,0.7222,3777,English,Junior,0.5331,0.3676,0.7966
SUB2381,GPTZero,ai_generated,1,0.7673,715,Physics,Graduate,0.4624,0.2054,0.8800
SUB2382,Winston AI,ai_generated,1,0.4306,3320,Computer Science,Sophomore,0.3043,0.3170,0.9106
SUB2383,GPTZero,ai_generated,1,0.4813,2574,Computer Science,Sophomore,0.3755,0.2541,0.9560
SUB2384,Originality.ai,human_written,0,0.1713,3128,Psychology,Junior,0.4489,0.2689,0.0018
SUB2385,Copyleaks,human_written,0,0.7511,4055,Mathematics,Senior,0.4090,0.3568,0.0331
SUB2386,Copyleaks,human_written,0,0.4209,2261,Computer Science,Freshman,0.4880,0.2511,0.0488
SUB2387,Winston AI,human_written,0,0.5036,3566,Psychology,Graduate,0.3050,0.3831,0.1191
SUB2388,Turnitin,human_written,0,0.3291,3721,Psychology,Junior,0.5256,0.2884,0.0565
SUB2389,Turnitin,human_written,0,0.0796,2755,Psychology,Junior,0.3843,0.2434,0.0020
SUB2390,GPTZero,human_written,0,0.1843,3180,Chemistry,Junior,0.6208,0.3685,0.1603
SUB2391,GPTZero,mixed,1,0.3349,3470,Physics,Senior,0.7259,0.4084,0.2440
SUB2392,Winston AI,human_written,0,0.4990,3249,Chemistry,Sophomore,0.6866,0.3295,0.0717
SUB2393,Originality.ai,mixed,1,0.3216,3230,Psychology,Graduate,0.6049,0.2609,0.3231
SUB2394,Originality.ai,human_written,0,0.3157,1123,Computer Science,Junior,0.4696,0.3487,0.0000
SUB2395,Originality.ai,human_written,0,0.4853,3235,English,Graduate,0.4108,0.2539,0.0000
SUB2396,GPTZero,ai_generated,1,0.4984,653,Physics,Senior,0.4251,0.2005,0.9493
SUB2397,Originality.ai,human_written,0,0.6102,4178,Psychology,Sophomore,0.4771,0.1486,0.0000
SUB2398,Winston AI,ai_generated,1,0.5872,3977,History,Freshman,0.5009,0.4592,0.8952
SUB2399,Winston AI,ai_generated,0,0.2387,4406,Biology,Junior,0.5182,0.2840,0.7461
SUB2400,Originality.ai,human_written,0,0.2029,1571,Chemistry,Graduate,0.6374,0.4612,0.0474
SUB2401,Turnitin,ai_generated,1,0.5647,4112,Computer Science,Sophomore,0.3169,0.4137,0.8587
SUB2402,Turnitin,mixed,0,0.5840,3189,Physics,Graduate,0.4851,0.2539,0.4404
SUB2403,Copyleaks,mixed,1,0.4676,2341,Biology,Freshman,0.5508,0.3706,0.3897
SUB2404,Turnitin,human_written,0,0.2014,1439,Physics,Junior,0.4763,0.4456,0.0798
SUB2405,Copyleaks,human_written,0,0.3040,2667,Psychology,Graduate,0.4181,0.3108,0.0777
SUB2406,GPTZero,mixed,0,0.4136,2605,Psychology,Junior,0.5004,0.2276,0.4959
SUB2407,GPTZero,ai_generated,1,0.2870,895,Physics,Graduate,0.4629,0.1636,0.9546
SUB2408,Winston AI,human_written,0,0.2534,4770,Psychology,Senior,0.4328,0.5129,0.1240
SUB2409,Turnitin,ai_generated,1,0.3623,2187,Chemistry,Junior,0.2473,0.4616,0.9077
SUB2410,Copyleaks,human_written,0,0.7086,3026,Computer Science,Sophomore,0.4519,0.1453,0.0000
SUB2411,Originality.ai,human_written,0,0.6089,1797,Psychology,Graduate,0.3167,0.3251,0.0000
SUB2412,Winston AI,ai_generated,1,0.4249,4436,Chemistry,Sophomore,0.4676,0.1745,0.9598
SUB2413,Copyleaks,ai_generated,1,0.1883,2881,Computer Science,Graduate,0.6436,0.2733,0.7308
SUB2414,Copyleaks,ai_generated,1,0.3648,4473,Computer Science,Sophomore,0.6701,0.2890,0.7471
SUB2415,Originality.ai,mixed,1,0.2662,4776,Biology,Freshman,0.6776,0.4036,0.4367
SUB2416,Copyleaks,human_written,0,0.4829,1652,Physics,Junior,0.6062,0.0963,0.0414
SUB2417,Turnitin,human_written,0,0.3456,3618,Chemistry,Sophomore,0.7407,0.2127,0.0122
SUB2418,Winston AI,human_written,0,0.6690,2609,History,Sophomore,0.5151,0.2431,0.0868
SUB2419,Winston AI,human_written,0,0.0900,4328,Physics,Senior,0.3931,0.4660,0.1279
SUB2420,Copyleaks,human_written,0,0.1853,1733,Mathematics,Senior,0.5663,0.2629,0.0100
SUB2421,Winston AI,ai_generated,1,0.0144,3929,English,Freshman,0.5676,0.2876,0.9555
SUB2422,Turnitin,mixed,0,0.5551,1115,Psychology,Sophomore,0.3950,0.2661,0.5271
SUB2423,Turnitin,ai_generated,1,0.1951,3886,Computer Science,Freshman,0.7798,0.3968,0.8591
SUB2424,Turnitin,ai_generated,1,0.3695,1569,Biology,Senior,0.3744,0.3142,1.0000
SUB2425,Winston AI,human_written,0,0.4614,3417,Computer Science,Sophomore,0.4175,0.1372,0.1631
SUB2426,Winston AI,human_written,0,0.1749,4790,Chemistry,Freshman,0.5014,0.2763,0.1193
SUB2427,GPTZero,ai_generated,1,0.3573,1150,Biology,Senior,0.5737,0.3762,0.8591
SUB2428,GPTZero,human_written,0,0.0738,1459,Biology,Freshman,0.3612,0.1364,0.1532
SUB2429,Winston AI,mixed,0,0.1641,763,Biology,Sophomore,0.6789,0.1638,0.5399
SUB2430,Turnitin,human_written,0,0.8875,4606,Psychology,Senior,0.5131,0.4026,0.0525
SUB2431,Originality.ai,human_written,0,0.2118,960,Biology,Freshman,0.2472,0.3106,0.0042
SUB2432,GPTZero,ai_generated,1,0.5870,4018,English,Freshman,0.4337,0.1363,0.9706
SUB2433,GPTZero,mixed,1,0.5840,4567,History,Graduate,0.3216,0.2312,0.4128
SUB2434,Winston AI,human_written,0,0.0870,1906,Mathematics,Graduate,0.5415,0.3041,0.0877
SUB2435,GPTZero,human_written,0,0.5928,3632,Physics,Freshman,0.6515,0.3406,0.1598
SUB2436,Turnitin,human_written,0,0.5377,4518,Mathematics,Junior,0.5621,0.4024,0.0676
SUB2437,Turnitin,mixed,0,0.3302,1878,Chemistry,Senior,0.4408,0.2384,0.3706
SUB2438,GPTZero,human_written,0,0.6293,4952,Biology,Junior,0.6119,0.2431,0.1258
SUB2439,Copyleaks,human_written,0,0.5623,2907,Psychology,Freshman,0.4372,0.3318,0.0000
SUB2440,Originality.ai,mixed,0,0.4064,918,Chemistry,Graduate,0.6372,0.1530,0.3345
SUB2441,Turnitin,mixed,1,0.7877,3979,Psychology,Sophomore,0.2553,0.2961,0.3773
SUB2442,Originality.ai,human_written,0,0.4845,2191,Biology,Graduate,0.5625,0.4608,0.0622
SUB2443,Copyleaks,ai_generated,0,0.5583,3011,English,Sophomore,0.4168,0.4740,0.9115
SUB2444,Copyleaks,ai_generated,1,0.0650,3536,Computer Science,Senior,0.6187,0.4334,0.7879
SUB2445,Originality.ai,human_written,0,0.4349,1080,Chemistry,Freshman,0.6503,0.3272,0.0000
SUB2446,GPTZero,human_written,0,0.6004,2251,English,Freshman,0.6907,0.3644,0.1479
SUB2447,GPTZero,human_written,0,0.6636,3677,Biology,Freshman,0.3223,0.1665,0.1611
SUB2448,Winston AI,human_written,1,0.5306,4237,Physics,Senior,0.5412,0.3672,0.1246
SUB2449,Copyleaks,human_written,0,0.7557,2775,History,Freshman,0.4735,0.3464,0.0244
SUB2450,Copyleaks,human_written,0,0.2763,1038,Chemistry,Junior,0.6841,0.2883,0.0000
SUB2451,Copyleaks,mixed,0,0.1379,3871,Chemistry,Graduate,0.5354,0.4556,0.3932
SUB2452,Winston AI,human_written,0,0.5282,1324,Physics,Graduate,0.4223,0.2511,0.1573
SUB2453,GPTZero,mixed,1,0.3144,2828,Mathematics,Freshman,0.6159,0.2971,0.7978
SUB2454,Originality.ai,ai_generated,1,0.3169,3712,Chemistry,Senior,0.5658,0.1133,0.8546
SUB2455,GPTZero,human_written,0,0.6540,3944,History,Graduate,0.8081,0.2381,0.1749
SUB2456,Copyleaks,human_written,0,0.3181,3411,Mathematics,Sophomore,0.4976,0.4508,0.0384
SUB2457,Winston AI,ai_generated,1,0.1768,1354,Computer Science,Junior,0.4388,0.2067,0.9490
SUB2458,GPTZero,human_written,0,0.2525,2201,Chemistry,Sophomore,0.5686,0.2579,0.1480
SUB2459,Turnitin,mixed,1,0.0937,4967,Psychology,Junior,0.3354,0.2218,0.5392
SUB2460,Winston AI,ai_generated,1,0.0596,3999,History,Sophomore,0.6046,0.3307,1.0000
SUB2461,Originality.ai,mixed,1,0.5709,1474,History,Freshman,0.4155,0.3584,0.6372
SUB2462,Turnitin,human_written,0,0.6760,817,History,Graduate,0.5043,0.4312,0.0709
SUB2463,GPTZero,ai_generated,1,0.6444,1175,Computer Science,Graduate,0.6422,0.2099,0.9116
SUB2464,Turnitin,mixed,0,0.3627,970,Physics,Freshman,0.4317,0.2285,0.1382
SUB2465,Winston AI,human_written,0,0.1077,3039,English,Junior,0.3013,0.2064,0.0464
SUB2466,GPTZero,human_written,0,0.5939,4204,Biology,Graduate,0.2898,0.3406,0.1464
SUB2467,Copyleaks,mixed,1,0.5183,3075,History,Graduate,0.4757,0.2604,0.4930
SUB2468,Copyleaks,mixed,0,0.9456,993,English,Junior,0.8766,0.4116,0.3660
SUB2469,Originality.ai,human_written,0,0.6253,4700,English,Senior,0.3264,0.2337,0.0372
SUB2470,Copyleaks,ai_generated,1,0.3072,4796,Computer Science,Sophomore,0.5025,0.4548,0.6299
SUB2471,Winston AI,human_written,0,0.2579,2040,Chemistry,Graduate,0.2370,0.2546,0.1771
SUB2472,GPTZero,ai_generated,1,0.2200,4743,Chemistry,Graduate,0.4175,0.3133,0.8783
SUB2473,Originality.ai,human_written,0,0.4812,3555,Computer Science,Sophomore,0.5917,0.4008,0.0000
SUB2474,GPTZero,mixed,1,0.3797,1401,English,Graduate,0.4791,0.2308,0.4397
SUB2475,Originality.ai,human_written,0,0.2056,2839,English,Freshman,0.9103,0.3773,0.0128
SUB2476,Copyleaks,mixed,0,0.3936,3974,Mathematics,Sophomore,0.6773,0.2738,0.3222
SUB2477,Winston AI,mixed,0,0.4633,3989,Computer Science,Graduate,0.4006,0.3074,0.1960
SUB2478,Copyleaks,ai_generated,0,0.4012,2381,Physics,Junior,0.6163,0.2668,0.5709
SUB2479,Winston AI,mixed,0,0.5867,4051,Mathematics,Senior,0.3227,0.4084,0.4851
SUB2480,Turnitin,mixed,0,0.6288,4157,Mathematics,Freshman,0.5830,0.3344,0.3226
SUB2481,Copyleaks,ai_generated,1,0.5957,2234,Biology,Junior,0.5819,0.1595,0.8621
SUB2482,Winston AI,mixed,1,0.1482,4621,Psychology,Freshman,0.4651,0.4797,0.4615
SUB2483,GPTZero,mixed,1,0.5129,1981,Mathematics,Senior,0.8245,0.2512,0.5000
SUB2484,Winston AI,ai_generated,1,0.3686,635,Biology,Junior,0.2796,0.3397,1.0000
SUB2485,Turnitin,human_written,0,0.4585,603,English,Senior,0.2246,0.3649,0.0367
SUB2486,GPTZero,ai_generated,1,0.5924,1094,Chemistry,Freshman,0.5910,0.1634,1.0000
SUB2487,Originality.ai,mixed,1,0.1938,2615,Biology,Sophomore,0.2301,0.0603,0.3135
SUB2488,Originality.ai,human_written,0,0.4272,4362,Psychology,Sophomore,0.4759,0.1845,0.0000
SUB2489,Originality.ai,human_written,0,0.4362,4080,Physics,Senior,0.3895,0.1046,0.0000
SUB2490,Originality.ai,ai_generated,1,0.5701,2041,Physics,Senior,0.5219,0.3076,0.7328
SUB2491,GPTZero,ai_generated,1,0.4444,4365,Computer Science,Senior,0.3027,0.2248,1.0000
SUB2492,Turnitin,human_written,0,0.0832,945,Psychology,Freshman,0.4175,0.0752,0.0511
SUB2493,GPTZero,ai_generated,1,0.4346,3707,Psychology,Sophomore,0.6096,0.3896,0.9397
SUB2494,Copyleaks,human_written,0,0.5898,1763,Psychology,Sophomore,0.5918,0.2283,0.0427
SUB2495,GPTZero,ai_generated,0,0.3757,3968,Computer Science,Sophomore,0.5911,0.2745,0.8933
SUB2496,Turnitin,human_written,0,0.2358,2326,Mathematics,Graduate,0.5765,0.3083,0.0264
SUB2497,Turnitin,ai_generated,1,0.2016,3678,English,Senior,0.8942,0.0606,0.9454
SUB2498,Winston AI,ai_generated,1,0.8008,2730,English,Sophomore,0.7965,0.1467,1.0000
SUB2499,Copyleaks,mixed,0,0.2228,4916,Computer Science,Senior,0.3586,0.3408,0.4520
SUB2500,Turnitin,ai_generated,1,0.2134,2834,History,Sophomore,0.4574,0.4215,1.0000
SUB2501,Winston AI,human_written,0,0.2832,4066,English,Graduate,0.4518,0.2695,0.0893
SUB2502,Copyleaks,ai_generated,1,0.1536,690,History,Senior,0.4041,0.4405,0.7891
SUB2503,Originality.ai,mixed,1,0.0488,2300,Physics,Freshman,0.7138,0.2863,0.6534
SUB2504,GPTZero,mixed,1,0.0589,2055,Mathematics,Graduate,0.2376,0.2253,0.5543
SUB2505,Copyleaks,ai_generated,1,0.6261,3417,Computer Science,Senior,0.6544,0.1447,0.8902
SUB2506,Turnitin,human_written,0,0.2756,4850,Chemistry,Sophomore,0.5185,0.1124,0.0000
SUB2507,Turnitin,ai_generated,1,0.4887,1979,Mathematics,Senior,0.2519,0.2618,0.7552
SUB2508,Turnitin,ai_generated,1,0.2251,696,Chemistry,Senior,0.7404,0.2524,0.8978
SUB2509,GPTZero,mixed,0,0.2382,3006,English,Senior,0.4269,0.4342,0.2968
SUB2510,Copyleaks,human_written,0,0.6551,4683,Chemistry,Senior,0.7750,0.4001,0.0423
SUB2511,GPTZero,mixed,0,0.1262,1561,Computer Science,Junior,0.4326,0.4427,0.5921
SUB2512,GPTZero,ai_generated,1,0.6067,1953,Biology,Senior,0.7303,0.2906,0.8989
SUB2513,Turnitin,mixed,0,0.2419,4027,Computer Science,Sophomore,0.7128,0.3981,0.3139
SUB2514,GPTZero,human_written,0,0.2555,4543,Mathematics,Senior,0.3113,0.3151,0.1686
SUB2515,Originality.ai,human_written,0,0.4478,1344,Chemistry,Sophomore,0.6030,0.3797,0.0000
SUB2516,Turnitin,ai_generated,1,0.6614,1040,History,Graduate,0.4626,0.3678,0.8234
SUB2517,Winston AI,ai_generated,1,0.2482,3562,Computer Science,Junior,0.3623,0.4703,0.7147
SUB2518,GPTZero,mixed,0,0.3196,2114,History,Sophomore,0.4732,0.2632,0.6265
SUB2519,Winston AI,human_written,0,0.2837,1894,English,Graduate,0.2799,0.3626,0.1549
SUB2520,Winston AI,ai_generated,1,0.3347,1281,English,Freshman,0.6344,0.3147,1.0000
SUB2521,Originality.ai,human_written,0,0.2036,1259,History,Junior,0.7018,0.3713,0.0357
SUB2522,Copyleaks,human_written,0,0.7381,1085,Mathematics,Senior,0.4272,0.2772,0.0000
SUB2523,Turnitin,human_written,0,0.4292,742,English,Graduate,0.1757,0.4838,0.0496
SUB2524,Winston AI,human_written,0,0.2997,632,Psychology,Freshman,0.5482,0.4113,0.0782
SUB2525,Winston AI,human_written,0,0.4481,4940,Physics,Senior,0.4555,0.3717,0.0817
SUB2526,Copyleaks,human_written,0,0.9012,1281,Computer Science,Junior,0.5122,0.2909,0.0730
SUB2527,Turnitin,mixed,0,0.3010,4075,Mathematics,Senior,0.2374,0.3348,0.3645
SUB2528,Turnitin,mixed,1,0.6031,638,Mathematics,Freshman,0.6770,0.2269,0.5098
SUB2529,Copyleaks,mixed,1,0.7574,2552,Chemistry,Freshman,0.6954,0.3075,0.2767
SUB2530,Originality.ai,ai_generated,0,0.3463,929,Biology,Sophomore,0.5014,0.2731,0.8279
SUB2531,GPTZero,human_written,1,0.4579,3483,English,Freshman,0.1303,0.2259,0.1595
SUB2532,GPTZero,human_written,0,0.2052,2824,Mathematics,Sophomore,0.6488,0.3289,0.1205
SUB2533,Winston AI,human_written,0,0.7778,3539,Mathematics,Senior,0.5656,0.1975,0.1358
SUB2534,Winston AI,ai_generated,1,0.0540,4696,Biology,Sophomore,0.4519,0.1761,0.8407
SUB2535,Winston AI,human_written,0,0.6149,515,Physics,Sophomore,0.5280,0.1739,0.1152
SUB2536,Originality.ai,human_written,0,0.1738,2585,Chemistry,Junior,0.1585,0.1854,0.0000
SUB2537,Winston AI,human_written,1,0.2501,1379,Mathematics,Sophomore,0.4745,0.4159,0.1206
SUB2538,Copyleaks,human_written,0,0.6246,3002,English,Junior,0.5807,0.2318,0.0000
SUB2539,Copyleaks,human_written,0,0.5504,569,Biology,Sophomore,0.5657,0.2695,0.0143
SUB2540,Copyleaks,mixed,1,0.2591,1430,History,Sophomore,0.4059,0.1712,0.4384
SUB2541,Turnitin,human_written,0,0.0949,2677,Psychology,Sophomore,0.5116,0.1014,0.0729
SUB2542,Copyleaks,ai_generated,1,0.2424,1134,English,Freshman,0.5865,0.3148,0.8493
SUB2543,Turnitin,human_written,0,0.2927,3078,English,Senior,0.5209,0.2387,0.0197
SUB2544,GPTZero,ai_generated,1,0.5376,1247,Mathematics,Senior,0.6197,0.2574,0.9806
SUB2545,GPTZero,ai_generated,1,0.3304,2664,Biology,Graduate,0.6187,0.2688,0.9622
SUB2546,Winston AI,mixed,1,0.3323,4882,English,Sophomore,0.3047,0.4100,0.5953
SUB2547,Copyleaks,mixed,1,0.5215,4572,English,Senior,0.4948,0.3016,0.3171
SUB2548,Turnitin,human_written,0,0.1875,3395,Biology,Sophomore,0.5436,0.1507,0.0621
SUB2549,Winston AI,human_written,0,0.2409,2568,History,Graduate,0.3976,0.4150,0.1279
SUB2550,Turnitin,mixed,0,0.1454,4751,Psychology,Graduate,0.4505,0.2031,0.3927
SUB2551,Turnitin,human_written,0,0.5937,772,History,Freshman,0.4763,0.2998,0.0638
SUB2552,Turnitin,ai_generated,1,0.4466,2461,Computer Science,Freshman,0.4971,0.3609,1.0000
SUB2553,Turnitin,human_written,0,0.1524,4578,Physics,Freshman,0.6259,0.3436,0.0547
SUB2554,Originality.ai,human_written,0,0.1925,3941,Biology,Graduate,0.7573,0.2847,0.0000
SUB2555,Copyleaks,human_written,0,0.5938,4360,Chemistry,Senior,0.5330,0.3412,0.0329
SUB2556,Turnitin,mixed,1,0.4073,2170,Chemistry,Freshman,0.6502,0.4557,0.5830
SUB2557,GPTZero,ai_generated,1,0.2069,4057,History,Sophomore,0.2858,0.3553,0.9218
SUB2558,Winston AI,ai_generated,1,0.2110,2766,Physics,Junior,0.7419,0.3854,0.9867
SUB2559,Turnitin,ai_generated,1,0.6730,2885,Chemistry,Graduate,0.5140,0.3047,1.0000
SUB2560,Originality.ai,human_written,0,0.8979,516,Computer Science,Junior,0.4773,0.0888,0.0158
SUB2561,GPTZero,ai_generated,1,0.0459,2688,English,Sophomore,0.5207,0.3583,0.8655
SUB2562,Copyleaks,mixed,1,0.1923,2395,Physics,Freshman,0.7058,0.2000,0.4684
SUB2563,GPTZero,human_written,0,0.3539,3388,Biology,Sophomore,0.5362,0.3807,0.0753
SUB2564,Copyleaks,human_written,0,0.3355,2250,Biology,Senior,0.1422,0.4610,0.0325
SUB2565,Originality.ai,mixed,0,0.2680,2045,Physics,Sophomore,0.6943,0.4117,0.4002
SUB2566,Copyleaks,human_written,0,0.3683,1342,English,Freshman,0.6019,0.5219,0.0000
SUB2567,Copyleaks,human_written,0,0.5879,4420,Computer Science,Senior,0.3291,0.1899,0.0000
SUB2568,GPTZero,ai_generated,0,0.6384,1233,Physics,Freshman,0.3583,0.3947,0.8359
SUB2569,Copyleaks,human_written,0,0.7762,2296,Mathematics,Junior,0.5158,0.2565,0.0409
SUB2570,GPTZero,human_written,0,0.1833,4831,Biology,Freshman,0.7005,0.2759,0.1876
SUB2571,GPTZero,human_written,0,0.5854,1089,Mathematics,Freshman,0.6870,0.2980,0.1887
SUB2572,Originality.ai,human_written,0,0.3536,1899,History,Sophomore,0.7671,0.4404,0.0000
SUB2573,GPTZero,human_written,0,0.1646,4393,History,Freshman,0.5168,0.2273,0.1496
SUB2574,GPTZero,ai_generated,1,0.4537,3349,English,Sophomore,0.8611,0.2848,0.9632
SUB2575,Originality.ai,ai_generated,1,0.4382,2067,Mathematics,Junior,0.8086,0.4124,0.9575
SUB2576,Copyleaks,human_written,0,0.4813,3070,Physics,Junior,0.4817,0.5022,0.0000
SUB2577,Turnitin,human_written,0,0.1926,1644,Biology,Freshman,0.4540,0.3076,0.0008
SUB2578,GPTZero,mixed,0,0.5459,2416,History,Graduate,0.5409,0.1398,0.6373
SUB2579,GPTZero,mixed,0,0.4866,3983,Physics,Junior,0.3976,0.2787,0.4358
SUB2580,Winston AI,human_written,0,0.2820,718,English,Graduate,0.6793,0.1019,0.1339
SUB2581,Winston AI,mixed,1,0.6793,3139,Chemistry,Graduate,0.4171,0.3766,0.6399
SUB2582,Originality.ai,human_written,0,0.4371,4934,Mathematics,Junior,0.6378,0.3861,0.0199
SUB2583,Winston AI,mixed,0,0.3531,845,Computer Science,Junior,0.5795,0.2149,0.4443
SUB2584,Originality.ai,human_written,0,0.0832,1482,Biology,Graduate,0.5670,0.2474,0.0252
SUB2585,Copyleaks,mixed,1,0.2119,3714,Biology,Freshman,0.6799,0.1692,0.4547
SUB2586,Turnitin,human_written,1,0.2324,956,Psychology,Graduate,0.3626,0.2390,0.0785
SUB2587,Originality.ai,mixed,1,0.4162,4870,Biology,Freshman,0.8342,0.3107,0.4998
SUB2588,Originality.ai,human_written,1,0.2098,4016,Computer Science,Sophomore,0.4864,0.2303,0.0473
SUB2589,Originality.ai,human_written,0,0.5731,4042,Chemistry,Junior,0.2756,0.2539,0.0000
SUB2590,Copyleaks,mixed,0,0.2711,3009,Computer Science,Senior,0.7004,0.1839,0.2647
SUB2591,Winston AI,mixed,0,0.4149,3221,Mathematics,Senior,0.4969,0.2938,0.4865
SUB2592,GPTZero,human_written,0,0.1594,2626,Computer Science,Graduate,0.7341,0.2778,0.1701
SUB2593,Winston AI,mixed,1,0.7476,2589,History,Sophomore,0.5321,0.1922,0.6307
SUB2594,GPTZero,ai_generated,1,0.5269,817,English,Senior,0.5074,0.2589,1.0000
SUB2595,Winston AI,human_written,0,0.1487,4401,History,Graduate,0.6035,0.2361,0.1179
SUB2596,Turnitin,human_written,0,0.3418,2905,Chemistry,Graduate,0.5503,0.4136,0.0620
SUB2597,Winston AI,human_written,0,0.2001,990,Chemistry,Junior,0.1881,0.2669,0.0845
SUB2598,Originality.ai,ai_generated,0,0.5593,2622,Computer Science,Freshman,0.3152,0.3679,0.7111
SUB2599,Originality.ai,mixed,1,0.1066,3522,Mathematics,Junior,0.7689,0.2089,0.4580
SUB2600,Originality.ai,human_written,0,0.3907,1802,Psychology,Graduate,0.5351,0.3019,0.0075
SUB2601,GPTZero,human_written,0,0.2882,4334,History,Graduate,0.3301,0.4207,0.1492
SUB2602,GPTZero,human_written,0,0.2941,541,Physics,Freshman,0.6964,0.2193,0.1489
SUB2603,Copyleaks,mixed,0,0.7926,784,Biology,Graduate,0.4104,0.2897,0.1462
SUB2604,Winston AI,human_written,0,0.5386,1300,History,Graduate,0.4429,0.2638,0.1573
SUB2605,Turnitin,human_written,0,0.2243,2647,Chemistry,Junior,0.2790,0.1772,0.0129
SUB2606,Winston AI,human_written,0,0.4687,3852,History,Senior,0.2716,0.2883,0.0714
SUB2607,GPTZero,ai_generated,1,0.0979,1388,English,Freshman,0.4212,0.1866,1.0000
SUB2608,Originality.ai,mixed,0,0.6119,2627,Chemistry,Senior,0.6829,0.2935,0.2321
SUB2609,Winston AI,ai_generated,1,0.3407,3466,Computer Science,Senior,0.5195,0.3124,0.9218
SUB2610,GPTZero,ai_generated,1,0.4670,3967,Computer Science,Graduate,0.6416,0.3422,1.0000
SUB2611,GPTZero,mixed,0,0.3177,3910,Chemistry,Graduate,0.6010,0.3024,0.6662
SUB2612,Originality.ai,ai_generated,1,0.6284,1430,English,Senior,0.6836,0.2662,0.7085
SUB2613,Winston AI,human_written,0,0.3792,2940,Physics,Junior,0.3344,0.4375,0.1120
SUB2614,Turnitin,human_written,0,0.3525,4977,Biology,Freshman,0.5544,0.2177,0.0317
SUB2615,Copyleaks,mixed,1,0.6789,4241,Biology,Senior,0.3485,0.3184,0.5569
SUB2616,Turnitin,ai_generated,1,0.3583,3452,English,Senior,0.3849,0.3127,0.9758
SUB2617,Copyleaks,human_written,0,0.6055,4683,Chemistry,Graduate,0.5547,0.1701,0.0836
SUB2618,Winston AI,human_written,0,0.0958,3408,Chemistry,Freshman,0.5208,0.2931,0.1397
SUB2619,GPTZero,human_written,0,0.6937,3935,Chemistry,Graduate,0.6003,0.2230,0.1507
SUB2620,Turnitin,ai_generated,1,0.2328,3371,History,Senior,0.5165,0.2925,1.0000
SUB2621,Originality.ai,ai_generated,0,0.5695,3426,Chemistry,Senior,0.5158,0.3798,0.7771
SUB2622,GPTZero,ai_generated,1,0.1583,4856,Biology,Senior,0.4837,0.2452,0.9239
SUB2623,Copyleaks,human_written,0,0.6047,2809,Biology,Graduate,0.5242,0.2567,0.0000
SUB2624,Copyleaks,human_written,0,0.2668,1157,English,Freshman,0.6693,0.4557,0.0119
SUB2625,Winston AI,ai_generated,1,0.1163,1690,History,Sophomore,0.4410,0.2179,0.9726
SUB2626,Winston AI,human_written,0,0.3211,2662,Psychology,Graduate,0.5062,0.3914,0.1357
SUB2627,Originality.ai,human_written,0,0.7864,2386,Computer Science,Junior,0.3197,0.2645,0.0000
SUB2628,Copyleaks,ai_generated,1,0.4515,2960,Mathematics,Senior,0.6683,0.2959,0.9355
SUB2629,Turnitin,human_written,0,0.5014,1283,English,Senior,0.7302,0.3033,0.0067
SUB2630,GPTZero,ai_generated,1,0.2435,3922,Mathematics,Graduate,0.8023,0.2564,0.9702
SUB2631,Copyleaks,human_written,0,0.6397,2412,History,Junior,0.5677,0.2891,0.0069
SUB2632,Originality.ai,human_written,0,0.2583,2424,Psychology,Junior,0.5197,0.2583,0.0371
SUB2633,Turnitin,human_written,0,0.4610,3939,Computer Science,Sophomore,0.6588,0.3333,0.0423
SUB2634,Originality.ai,human_written,0,0.2218,657,History,Freshman,0.4792,0.3362,0.0261
SUB2635,Turnitin,ai_generated,0,0.4447,3515,History,Sophomore,0.7264,0.2467,0.7720
SUB2636,Turnitin,human_written,0,0.1128,4188,Computer Science,Junior,0.4909,0.1719,0.0987
SUB2637,GPTZero,human_written,0,0.5413,3627,Chemistry,Sophomore,0.6652,0.2756,0.1581
SUB2638,Originality.ai,ai_generated,1,0.3695,547,Psychology,Sophomore,0.4785,0.3470,0.8798
SUB2639,Originality.ai,human_written,0,0.8730,4596,Computer Science,Sophomore,0.4560,0.3336,0.0000
SUB2640,GPTZero,human_written,0,0.0414,4887,English,Senior,0.5398,0.2624,0.1113
SUB2641,Turnitin,mixed,0,0.4615,4311,Psychology,Senior,0.4938,0.1923,0.3598
SUB2642,GPTZero,mixed,1,0.6404,4070,Chemistry,Junior,0.4234,0.1831,0.5824
SUB2643,Winston AI,human_written,0,0.7098,1262,Biology,Freshman,0.4807,0.4042,0.0944
SUB2644,Turnitin,mixed,0,0.4361,2425,History,Junior,0.4532,0.2245,0.1838
SUB2645,Originality.ai,ai_generated,1,0.5960,2351,Computer Science,Senior,0.4482,0.4250,0.9216
SUB2646,Copyleaks,human_written,0,0.4737,3020,Chemistry,Junior,0.4535,0.3911,0.0321
SUB2647,Turnitin,human_written,0,0.2986,4041,Computer Science,Junior,0.5863,0.1770,0.0636
SUB2648,GPTZero,ai_generated,1,0.3825,3917,Mathematics,Freshman,0.4768,0.4627,0.9478
SUB2649,GPTZero,ai_generated,1,0.6836,1714,Physics,Sophomore,0.5448,0.3588,0.9869
SUB2650,Turnitin,human_written,0,0.8811,2649,English,Freshman,0.6166,0.2148,0.0261
SUB2651,Turnitin,mixed,0,0.6411,4318,History,Junior,0.6627,0.2900,0.2461
SUB2652,Copyleaks,ai_generated,0,0.2469,3439,History,Graduate,0.5907,0.4707,0.6617
SUB2653,Originality.ai,human_written,0,0.3015,2913,Biology,Junior,0.7260,0.3289,0.0000
SUB2654,Turnitin,human_written,0,0.5022,716,English,Sophomore,0.3973,0.2786,0.0360
SUB2655,Originality.ai,ai_generated,1,0.9031,4826,Physics,Senior,0.6577,0.1778,0.7863
SUB2656,Winston AI,human_written,0,0.3816,3464,Computer Science,Junior,0.3888,0.3588,0.1217
SUB2657,Turnitin,human_written,0,0.7697,2277,English,Sophomore,0.5547,0.3117,0.0682
SUB2658,Winston AI,ai_generated,1,0.8570,2577,Biology,Freshman,0.2246,0.4435,0.7669
SUB2659,Copyleaks,ai_generated,1,0.1966,3919,History,Sophomore,0.2963,0.3183,0.9523
SUB2660,Originality.ai,human_written,0,0.4793,2438,Chemistry,Senior,0.6696,0.1840,0.0000
SUB2661,Originality.ai,human_written,0,0.5473,1770,Mathematics,Sophomore,0.7398,0.2398,0.0000
SUB2662,Winston AI,human_written,0,0.1082,1807,Mathematics,Sophomore,0.3935,0.5518,0.1207
SUB2663,Winston AI,human_written,0,0.4602,3229,Biology,Graduate,0.4913,0.3230,0.1255
SUB2664,Copyleaks,ai_generated,0,0.5766,3457,English,Graduate,0.3811,0.2672,0.8896
SUB2665,GPTZero,human_written,0,0.5363,2780,Computer Science,Freshman,0.6228,0.2896,0.1240
SUB2666,Turnitin,mixed,1,0.6266,3891,Mathematics,Senior,0.6026,0.4151,0.5601
SUB2667,GPTZero,mixed,1,0.1050,4577,Mathematics,Sophomore,0.4946,0.2076,0.6216
SUB2668,GPTZero,ai_generated,1,0.4570,2622,Biology,Junior,0.6364,0.3080,0.9952
SUB2669,Turnitin,human_written,0,0.2768,1147,Mathematics,Sophomore,0.5767,0.0347,0.0663
SUB2670,Turnitin,ai_generated,1,0.3517,2700,Computer Science,Junior,0.4474,0.0734,0.9614
SUB2671,Winston AI,human_written,0,0.1434,3650,History,Junior,0.2343,0.2305,0.1008
SUB2672,Copyleaks,ai_generated,1,0.4187,4315,Mathematics,Senior,0.6726,0.3416,0.9570
SUB2673,GPTZero,ai_generated,1,0.3800,1777,History,Graduate,0.5244,0.3020,0.9629
SUB2674,Copyleaks,mixed,1,0.6439,4868,Biology,Junior,0.3867,0.2794,0.2185
SUB2675,Originality.ai,human_written,0,0.2950,3974,Mathematics,Freshman,0.6330,0.1777,0.0000
SUB2676,GPTZero,human_written,0,0.4154,636,History,Junior,0.6245,0.4550,0.1781
SUB2677,Turnitin,ai_generated,1,0.2264,1184,Biology,Freshman,0.2061,0.2707,1.0000
SUB2678,Turnitin,mixed,0,0.4754,1979,History,Graduate,0.5591,0.1859,0.2345
SUB2679,GPTZero,mixed,0,0.1933,2516,Chemistry,Freshman,0.6482,0.2379,0.5517
SUB2680,Originality.ai,human_written,0,0.6224,1370,Physics,Sophomore,0.6213,0.3725,0.0000
SUB2681,Turnitin,mixed,0,0.4591,2166,English,Junior,0.7519,0.2761,0.3189
SUB2682,Turnitin,ai_generated,1,0.5287,4499,Psychology,Junior,0.3709,0.3028,0.9895
SUB2683,GPTZero,human_written,0,0.2511,606,English,Sophomore,0.6209,0.2120,0.1544
SUB2684,Turnitin,human_written,0,0.3393,4055,Psychology,Sophomore,0.3648,0.2330,0.0866
SUB2685,Winston AI,ai_generated,1,0.4056,2764,History,Graduate,0.4094,0.5625,0.8713
SUB2686,GPTZero,mixed,0,0.6592,4350,Computer Science,Sophomore,0.3299,0.3287,0.3565
SUB2687,Winston AI,human_written,0,0.0804,701,Biology,Sophomore,0.6543,0.3386,0.1160
SUB2688,Turnitin,human_written,0,0.4160,3357,Chemistry,Junior,0.6960,0.3063,0.0453
SUB2689,Winston AI,human_written,0,0.6734,2602,History,Junior,0.4207,0.4663,0.1833
SUB2690,Originality.ai,mixed,1,0.4385,4235,Computer Science,Graduate,0.4056,0.1222,0.1824
SUB2691,Originality.ai,ai_generated,1,0.4875,3502,Computer Science,Freshman,0.5854,0.4108,0.6418
SUB2692,GPTZero,ai_generated,1,0.6514,2074,Mathematics,Freshman,0.7347,0.4326,0.9281
SUB2693,GPTZero,human_written,0,0.2092,2513,Psychology,Freshman,0.1784,0.1600,0.1523
SUB2694,Turnitin,ai_generated,1,0.2057,4596,History,Graduate,0.6375,0.1586,0.9671
SUB2695,Winston AI,ai_generated,1,0.5705,4723,Computer Science,Senior,0.3788,0.2394,0.7114
SUB2696,Copyleaks,human_written,0,0.4475,2944,Mathematics,Sophomore,0.6770,0.2983,0.0000
SUB2697,Turnitin,human_written,0,0.5816,3756,Psychology,Senior,0.4697,0.2679,0.0298
SUB2698,Turnitin,ai_generated,1,0.2319,1251,Psychology,Graduate,0.4824,0.2695,0.7291
SUB2699,GPTZero,ai_generated,1,0.4437,739,Psychology,Sophomore,0.6098,0.1388,0.8824
SUB2700,Copyleaks,ai_generated,1,0.4748,3524,History,Junior,0.2806,0.2636,0.6408
SUB2701,Copyleaks,human_written,0,0.2589,1873,Psychology,Junior,0.4885,0.3371,0.0000
SUB2702,Originality.ai,mixed,0,0.4389,4560,Psychology,Freshman,0.5110,0.3846,0.4390
SUB2703,Copyleaks,ai_generated,1,0.4853,3823,History,Senior,0.8286,0.2564,0.8378
SUB2704,Turnitin,human_written,0,0.2824,4805,Physics,Freshman,0.1617,0.0709,0.0779
SUB2705,Turnitin,mixed,1,0.5550,1911,History,Graduate,0.4835,0.2644,0.3314
SUB2706,Originality.ai,human_written,0,0.1564,566,Mathematics,Sophomore,0.5498,0.2460,0.0000
SUB2707,GPTZero,human_written,0,0.5761,1224,Computer Science,Junior,0.6558,0.1963,0.1631
SUB2708,Originality.ai,human_written,0,0.0298,4898,English,Junior,0.5046,0.5302,0.0200
SUB2709,GPTZero,human_written,0,0.1729,2101,Physics,Graduate,0.4193,0.1985,0.1340
SUB2710,Copyleaks,human_written,0,0.6421,2369,Psychology,Graduate,0.5977,0.2309,0.0200
SUB2711,GPTZero,mixed,1,0.7338,3467,Biology,Sophomore,0.6937,0.1784,0.7142
SUB2712,Turnitin,mixed,1,0.5504,2080,Mathematics,Sophomore,0.4733,0.3457,0.6040
SUB2713,GPTZero,human_written,0,0.1331,1444,Chemistry,Junior,0.5680,0.3350,0.1674
SUB2714,GPTZero,ai_generated,1,0.0367,4642,Chemistry,Senior,0.4872,0.3741,0.9321
SUB2715,Winston AI,human_written,0,0.1871,715,Chemistry,Graduate,0.3764,0.1343,0.1141
SUB2716,Turnitin,mixed,0,0.4515,1829,Chemistry,Junior,0.4270,0.4284,0.3224
SUB2717,Copyleaks,human_written,0,0.1267,2636,Physics,Sophomore,0.7516,0.2633,0.0104
SUB2718,Copyleaks,ai_generated,1,0.2152,668,Chemistry,Freshman,0.5569,0.3566,0.9407
SUB2719,Turnitin,human_written,0,0.3531,2162,History,Junior,0.3797,0.4662,0.0419
SUB2720,Originality.ai,human_written,0,0.2600,4698,Physics,Senior,0.4113,0.3498,0.0013
SUB2721,Turnitin,human_written,0,0.3169,4482,English,Freshman,0.7874,0.3872,0.0101
SUB2722,Winston AI,mixed,0,0.2606,3589,Physics,Senior,0.1404,0.2433,0.6427
SUB2723,Originality.ai,human_written,0,0.3517,4805,Psychology,Freshman,0.4958,0.2921,0.0000
SUB2724,Turnitin,human_written,0,0.4481,2908,Physics,Senior,0.6615,0.2301,0.0206
SUB2725,GPTZero,human_written,0,0.1725,2139,History,Sophomore,0.3385,0.3485,0.1812
SUB2726,Winston AI,ai_generated,1,0.0681,4261,Chemistry,Junior,0.2927,0.2865,1.0000
SUB2727,Turnitin,human_written,0,0.1602,2728,Computer Science,Graduate,0.3625,0.1746,0.0044
SUB2728,Turnitin,mixed,0,0.1360,683,Chemistry,Graduate,0.3437,0.3448,0.1966
SUB2729,Winston AI,human_written,0,0.5239,1528,English,Senior,0.7558,0.4831,0.1418
SUB2730,Copyleaks,human_written,0,0.3064,3847,History,Freshman,0.4515,0.3007,0.0197
SUB2731,Copyleaks,human_written,0,0.2124,2557,Psychology,Junior,0.4677,0.3682,0.0062
SUB2732,Originality.ai,mixed,1,0.7655,2346,Biology,Graduate,0.4882,0.4306,0.2168
SUB2733,Turnitin,ai_generated,1,0.4202,587,Physics,Graduate,0.3140,0.2695,0.8528
SUB2734,Originality.ai,ai_generated,1,0.2321,1988,Mathematics,Senior,0.2887,0.2261,0.9427
SUB2735,Copyleaks,ai_generated,0,0.8759,1532,Psychology,Senior,0.2838,0.4392,0.7880
SUB2736,Copyleaks,human_written,0,0.5116,3936,Computer Science,Freshman,0.4415,0.1913,0.0235
SUB2737,Winston AI,human_written,0,0.3758,643,Physics,Senior,0.5009,0.1576,0.1295
SUB2738,Originality.ai,human_written,0,0.4536,1563,Chemistry,Senior,0.3979,0.3872,0.0000
SUB2739,GPTZero,ai_generated,1,0.5187,3127,Computer Science,Junior,0.5401,0.3724,0.8873
SUB2740,Winston AI,mixed,1,0.5493,3346,Chemistry,Graduate,0.7410,0.3818,0.5939
SUB2741,Copyleaks,human_written,0,0.3776,2609,Psychology,Graduate,0.6345,0.2220,0.0034
SUB2742,Winston AI,human_written,0,0.2355,4034,English,Freshman,0.5223,0.4101,0.1020
SUB2743,GPTZero,ai_generated,1,0.6147,3257,Computer Science,Graduate,0.6266,0.2390,0.9913
SUB2744,GPTZero,mixed,1,0.2080,1867,Mathematics,Graduate,0.3231,0.2746,0.2079
SUB2745,Turnitin,human_written,0,0.4994,3992,English,Freshman,0.3521,0.4653,0.0506
SUB2746,Winston AI,human_written,0,0.7776,3360,Computer Science,Sophomore,0.2264,0.4516,0.1301
SUB2747,Originality.ai,human_written,0,0.3805,1377,Chemistry,Freshman,0.3301,0.2593,0.0014
SUB2748,Turnitin,ai_generated,1,0.5709,2517,English,Sophomore,0.5558,0.1667,0.7522
SUB2749,Turnitin,mixed,0,0.2040,1582,History,Senior,0.7637,0.4008,0.3799
SUB2750,Turnitin,mixed,0,0.1327,3227,English,Graduate,0.5103,0.4289,0.4075
SUB2751,Originality.ai,ai_generated,1,0.1980,2376,Physics,Senior,0.5341,0.1969,0.8686
SUB2752,Copyleaks,ai_generated,1,0.3168,4507,Computer Science,Sophomore,0.4424,0.4409,0.7078
SUB2753,GPTZero,mixed,1,0.5409,4515,Computer Science,Freshman,0.5278,0.2152,0.5461
SUB2754,Winston AI,human_written,0,0.2123,1690,Biology,Graduate,0.6017,0.3310,0.1498
SUB2755,Copyleaks,human_written,0,0.4648,2577,Physics,Senior,0.3514,0.2914,0.0000
SUB2756,Copyleaks,human_written,0,0.3572,932,Psychology,Senior,0.4517,0.4465,0.0000
SUB2757,GPTZero,ai_generated,1,0.2091,1347,History,Graduate,0.3059,0.3809,1.0000
SUB2758,Copyleaks,human_written,0,0.6265,691,Psychology,Senior,0.5953,0.2113,0.0500
SUB2759,Turnitin,ai_generated,1,0.3252,2371,Biology,Graduate,0.6373,0.1424,0.9172
SUB2760,Copyleaks,human_written,0,0.3522,4973,Mathematics,Freshman,0.9100,0.4051,0.0000
SUB2761,Originality.ai,ai_generated,1,0.5493,4727,Computer Science,Senior,0.3025,0.2291,0.9984
SUB2762,Originality.ai,human_written,0,0.0937,4149,English,Graduate,0.2948,0.4000,0.0201
SUB2763,GPTZero,human_written,1,0.2177,3639,Physics,Graduate,0.3782,0.5758,0.1704
SUB2764,Copyleaks,ai_generated,1,0.6017,828,Mathematics,Senior,0.4805,0.3128,0.8731
SUB2765,Copyleaks,human_written,0,0.1481,2060,English,Sophomore,0.4729,0.3773,0.0328
SUB2766,Originality.ai,ai_generated,1,0.5546,3086,Physics,Freshman,0.7712,0.3069,0.8327
SUB2767,Copyleaks,ai_generated,1,0.6428,3292,Chemistry,Senior,0.6393,0.2994,0.9609
SUB2768,Turnitin,human_written,0,0.4018,587,Psychology,Junior,0.5838,0.2659,0.0051
SUB2769,Turnitin,ai_generated,0,0.2283,2664,Physics,Senior,0.3303,0.2518,0.8658
SUB2770,Originality.ai,human_written,0,0.3507,4625,Computer Science,Graduate,0.5372,0.5859,0.0000
SUB2771,Winston AI,human_written,0,0.8073,4297,History,Graduate,0.3581,0.3460,0.1469
SUB2772,GPTZero,ai_generated,1,0.5301,4040,Physics,Sophomore,0.4607,0.3663,1.0000
SUB2773,Originality.ai,human_written,0,0.4203,1848,Chemistry,Freshman,0.2800,0.3701,0.0117
SUB2774,GPTZero,human_written,0,0.4317,634,Chemistry,Freshman,0.7027,0.2742,0.1785
SUB2775,Winston AI,human_written,0,0.1468,1961,History,Freshman,0.7846,0.3367,0.1238
SUB2776,Originality.ai,human_written,0,0.6477,2233,Psychology,Freshman,0.5356,0.3612,0.0210
SUB2777,Winston AI,ai_generated,1,0.6505,4384,Biology,Sophomore,0.7269,0.2543,1.0000
SUB2778,Copyleaks,mixed,1,0.5624,2679,Computer Science,Freshman,0.4246,0.2115,0.4108
SUB2779,Turnitin,human_written,0,0.1971,1212,Mathematics,Junior,0.5912,0.1140,0.0430
SUB2780,Winston AI,human_written,0,0.2218,3721,Chemistry,Graduate,0.4863,0.1595,0.1501
SUB2781,Originality.ai,ai_generated,0,0.5241,1932,History,Sophomore,0.5206,0.2445,0.7769
SUB2782,GPTZero,ai_generated,1,0.7590,4837,Chemistry,Graduate,0.3732,0.2436,0.9576
SUB2783,Copyleaks,human_written,0,0.3653,4982,Biology,Graduate,0.5009,0.1054,0.0050
SUB2784,Copyleaks,human_written,0,0.4987,1067,Psychology,Sophomore,0.4313,0.3967,0.0387
SUB2785,Turnitin,human_written,0,0.4066,880,Psychology,Junior,0.5761,0.2620,0.0668
SUB2786,Copyleaks,human_written,0,0.1728,4122,English,Sophomore,0.2425,0.2618,0.0210
SUB2787,Turnitin,mixed,0,0.3224,4604,Physics,Junior,0.5608,0.3434,0.0000
SUB2788,Originality.ai,ai_generated,0,0.2565,2819,Computer Science,Sophomore,0.6612,0.3002,0.6622
SUB2789,GPTZero,human_written,0,0.3306,4047,English,Graduate,0.5699,0.3195,0.1585
SUB2790,Originality.ai,human_written,0,0.2663,2600,Psychology,Senior,0.7161,0.3357,0.0021
SUB2791,Copyleaks,human_written,0,0.2190,4500,Physics,Freshman,0.4082,0.4130,0.0305
SUB2792,Originality.ai,human_written,0,0.5725,1143,English,Freshman,0.2909,0.4452,0.0281
SUB2793,Winston AI,ai_generated,1,0.1183,859,English,Senior,0.4866,0.3651,0.9994
SUB2794,Originality.ai,ai_generated,1,0.4884,2593,History,Sophomore,0.4122,0.3953,0.7438
SUB2795,Copyleaks,human_written,0,0.3454,1775,Mathematics,Junior,0.5608,0.2090,0.0469
SUB2796,GPTZero,ai_generated,1,0.2985,2697,History,Graduate,0.3575,0.3423,1.0000
SUB2797,Winston AI,mixed,0,0.1565,1236,Psychology,Junior,0.1899,0.2907,0.5398
SUB2798,Turnitin,human_written,0,0.4588,4392,Computer Science,Freshman,0.5571,0.3560,0.0252
SUB2799,Winston AI,mixed,0,0.3751,1015,English,Graduate,0.5851,0.1840,0.4171
SUB2800,Winston AI,human_written,0,0.6030,1776,Psychology,Graduate,0.6848,0.2628,0.1471
SUB2801,Originality.ai,human_written,0,0.2102,3206,Chemistry,Freshman,0.5071,0.3059,0.0471
SUB2802,GPTZero,human_written,0,0.0381,1095,Computer Science,Sophomore,0.4129,0.3308,0.1138
SUB2803,Turnitin,ai_generated,1,0.7971,1610,Mathematics,Graduate,0.4528,0.3408,0.7628
SUB2804,Copyleaks,human_written,0,0.5379,2582,English,Senior,0.4043,0.1992,0.0459
SUB2805,Winston AI,mixed,0,0.5199,1454,Computer Science,Junior,0.6322,0.2765,0.6324
SUB2806,GPTZero,human_written,0,0.5216,1525,Mathematics,Senior,0.6095,0.1182,0.1352
SUB2807,Copyleaks,human_written,0,0.4316,4937,English,Graduate,0.5201,0.3761,0.0000
SUB2808,Originality.ai,human_written,0,0.4820,1763,History,Graduate,0.5886,0.2379,0.0000
SUB2809,Copyleaks,ai_generated,1,0.3166,1702,Chemistry,Junior,0.6666,0.2378,0.7466
SUB2810,Originality.ai,ai_generated,1,0.5057,3768,English,Senior,0.4536,0.3022,1.0000
SUB2811,GPTZero,ai_generated,0,0.3499,905,Biology,Senior,0.4807,0.1503,0.7929
SUB2812,Turnitin,human_written,0,0.1244,846,English,Sophomore,0.4625,0.3056,0.0530
SUB2813,Copyleaks,human_written,0,0.4767,4557,Chemistry,Sophomore,0.4820,0.2842,0.0185
SUB2814,Copyleaks,mixed,0,0.4182,1637,English,Sophomore,0.4186,0.2777,0.3445
SUB2815,GPTZero,human_written,0,0.7627,2322,Computer Science,Freshman,0.4675,0.3067,0.1097
SUB2816,Originality.ai,human_written,0,0.1220,3199,Biology,Graduate,0.4839,0.2535,0.0000
SUB2817,Turnitin,mixed,0,0.5434,1337,History,Graduate,0.7432,0.2849,0.3146
SUB2818,Winston AI,mixed,1,0.6365,1478,Psychology,Senior,0.4576,0.3568,0.6948
SUB2819,GPTZero,mixed,0,0.4557,3875,Psychology,Senior,0.3454,0.1605,0.7636
SUB2820,Turnitin,human_written,0,0.1795,2012,Computer Science,Senior,0.5952,0.3254,0.0690
SUB2821,Winston AI,human_written,0,0.3757,2660,Mathematics,Senior,0.7059,0.3386,0.1698
SUB2822,Turnitin,human_written,0,0.3070,4543,Physics,Sophomore,0.6184,0.2413,0.0252
SUB2823,Winston AI,ai_generated,1,0.1501,1923,Mathematics,Sophomore,0.8435,0.4246,0.9340
SUB2824,Copyleaks,ai_generated,1,0.6699,3306,Physics,Senior,0.3358,0.2534,0.8565
SUB2825,Copyleaks,human_written,0,0.3275,1331,English,Senior,0.3023,0.3837,0.0000
SUB2826,Originality.ai,human_written,0,0.1538,2663,Physics,Junior,0.5073,0.4096,0.0000
SUB2827,Copyleaks,human_written,0,0.1556,3976,Psychology,Graduate,0.6430,0.4489,0.0000
SUB2828,Turnitin,human_written,0,0.6003,2633,History,Graduate,0.4759,0.2197,0.0628
SUB2829,Copyleaks,ai_generated,1,0.2665,3885,History,Senior,0.6103,0.1339,0.7811
SUB2830,GPTZero,human_written,0,0.2789,2451,Chemistry,Sophomore,0.5342,0.4251,0.2043
SUB2831,Winston AI,ai_generated,1,0.3686,4919,English,Graduate,0.6346,0.1799,0.8586
SUB2832,GPTZero,human_written,0,0.6085,4037,Psychology,Sophomore,0.5282,0.2881,0.1981
SUB2833,Originality.ai,human_written,0,0.3688,3456,Chemistry,Senior,0.4616,0.1235,0.0000
SUB2834,GPTZero,mixed,1,0.3981,4694,Mathematics,Junior,0.5979,0.2326,0.5158
SUB2835,GPTZero,ai_generated,1,0.4291,1238,Psychology,Graduate,0.5493,0.3826,1.0000
SUB2836,Copyleaks,human_written,0,0.3841,3118,Chemistry,Freshman,0.7943,0.1501,0.0155
SUB2837,Originality.ai,ai_generated,0,0.1485,1587,Psychology,Sophomore,0.4553,0.3412,0.6342
SUB2838,Winston AI,human_written,0,0.1462,3802,History,Junior,0.1104,0.3290,0.0344
SUB2839,Turnitin,human_written,0,0.0322,1353,Psychology,Senior,0.5846,0.3341,0.1235
SUB2840,Winston AI,human_written,0,0.2946,1920,Computer Science,Junior,0.8964,0.2444,0.1204
SUB2841,GPTZero,mixed,0,0.1873,3960,Biology,Sophomore,0.7348,0.1415,0.7022
SUB2842,Originality.ai,human_written,0,0.1389,3368,Chemistry,Senior,0.5097,0.3164,0.0000
SUB2843,Winston AI,ai_generated,1,0.4211,4756,Chemistry,Freshman,0.5588,0.2830,0.9199
SUB2844,Turnitin,human_written,0,0.8088,2145,Psychology,Freshman,0.5813,0.3520,0.0691
SUB2845,Turnitin,human_written,0,0.0320,1764,Psychology,Junior,0.2972,0.3829,0.0655
SUB2846,GPTZero,mixed,0,0.1942,2520,Mathematics,Sophomore,0.4859,0.4201,0.5330
SUB2847,Turnitin,human_written,0,0.5534,4559,Mathematics,Graduate,0.4284,0.3603,0.1135
SUB2848,Copyleaks,human_written,0,0.2940,1351,Chemistry,Senior,0.5258,0.2864,0.0211
SUB2849,Originality.ai,ai_generated,1,0.3287,4661,History,Freshman,0.5924,0.4888,0.8152
SUB2850,Copyleaks,ai_generated,0,0.5510,3832,Computer Science,Junior,0.4835,0.4125,0.6108
SUB2851,Copyleaks,ai_generated,1,0.2074,1468,Mathematics,Freshman,0.4912,0.1442,0.8132
SUB2852,Copyleaks,mixed,1,0.1099,637,Psychology,Graduate,0.2563,0.2483,0.4363
SUB2853,GPTZero,human_written,0,0.4195,899,Chemistry,Freshman,0.4667,0.3361,0.1567
SUB2854,Turnitin,ai_generated,1,0.4349,4233,Psychology,Senior,0.6407,0.2214,1.0000
SUB2855,Copyleaks,mixed,0,0.0587,1058,History,Senior,0.6765,0.1682,0.1710
SUB2856,Originality.ai,ai_generated,0,0.5893,4995,Psychology,Senior,0.5017,0.2174,0.5964
SUB2857,Copyleaks,human_written,0,0.4380,2542,Physics,Freshman,0.6031,0.4376,0.0607
SUB2858,Copyleaks,ai_generated,1,0.6769,1172,History,Junior,0.3339,0.2724,0.8205
SUB2859,GPTZero,human_written,0,0.3559,1608,Mathematics,Freshman,0.2853,0.3634,0.1463
SUB2860,Turnitin,human_written,0,0.4039,1351,Computer Science,Graduate,0.4972,0.0902,0.0000
SUB2861,Copyleaks,human_written,1,0.3402,659,Psychology,Sophomore,0.5077,0.2921,0.1027
SUB2862,Copyleaks,human_written,0,0.3209,3094,Mathematics,Freshman,0.6485,0.0671,0.0658
SUB2863,Originality.ai,ai_generated,0,0.0632,2537,Biology,Sophomore,0.4701,0.4423,0.7233
SUB2864,Winston AI,mixed,0,0.6303,1998,Psychology,Senior,0.3695,0.2373,0.3387
SUB2865,Copyleaks,mixed,0,0.3123,4481,English,Graduate,0.4341,0.4365,0.4741
SUB2866,Winston AI,human_written,0,0.8385,4605,Computer Science,Graduate,0.3575,0.2563,0.1437
SUB2867,Turnitin,mixed,1,0.7099,4952,English,Senior,0.4688,0.3402,0.6864
SUB2868,Turnitin,human_written,0,0.7791,743,English,Senior,0.3775,0.2727,0.0526
SUB2869,GPTZero,mixed,0,0.1697,1046,English,Graduate,0.6906,0.2827,0.4191
SUB2870,Turnitin,human_written,0,0.3641,1043,History,Junior,0.5052,0.1628,0.0013
SUB2871,Copyleaks,ai_generated,1,0.8532,2478,Chemistry,Freshman,0.4409,0.2206,0.9619
SUB2872,Originality.ai,human_written,0,0.4238,3349,English,Sophomore,0.4901,0.3085,0.0021
SUB2873,Originality.ai,human_written,0,0.3836,1644,History,Freshman,0.3055,0.3493,0.0000
SUB2874,Copyleaks,human_written,0,0.2472,3759,Psychology,Freshman,0.4475,0.2624,0.0092
SUB2875,Copyleaks,ai_generated,1,0.4543,1157,Chemistry,Sophomore,0.5492,0.2348,0.5934
SUB2876,Copyleaks,mixed,0,0.1498,1353,Psychology,Freshman,0.7341,0.2302,0.5056
SUB2877,Turnitin,human_written,0,0.2059,2241,Computer Science,Junior,0.6336,0.3622,0.0180
SUB2878,Copyleaks,ai_generated,1,0.5627,4216,Biology,Graduate,0.6096,0.2875,0.6936
SUB2879,Winston AI,human_written,0,0.2610,2697,Computer Science,Freshman,0.8114,0.2818,0.1030
SUB2880,Originality.ai,ai_generated,1,0.3520,1470,Chemistry,Graduate,0.2463,0.2632,0.8845
SUB2881,GPTZero,ai_generated,1,0.1308,4580,Psychology,Senior,0.3376,0.3786,0.9857
SUB2882,GPTZero,human_written,1,0.4439,1327,Psychology,Sophomore,0.5533,0.2652,0.1852
SUB2883,Winston AI,mixed,0,0.4879,1746,Psychology,Graduate,0.3728,0.3524,0.3559
SUB2884,GPTZero,human_written,0,0.1275,4043,Psychology,Freshman,0.5418,0.2018,0.1790
SUB2885,Copyleaks,ai_generated,0,0.3755,1069,History,Senior,0.7697,0.0019,0.9277
SUB2886,Winston AI,human_written,0,0.4515,2900,English,Senior,0.3574,0.4829,0.1493
SUB2887,Turnitin,human_written,0,0.4731,921,Computer Science,Graduate,0.5075,0.4251,0.0270
SUB2888,Winston AI,ai_generated,1,0.3612,737,Physics,Freshman,0.7830,0.2001,0.8935
SUB2889,GPTZero,human_written,0,0.2405,4016,Physics,Freshman,0.1960,0.2157,0.1694
SUB2890,GPTZero,ai_generated,1,0.5173,4203,Biology,Senior,0.3830,0.3240,0.9308
SUB2891,Originality.ai,ai_generated,1,0.4054,1329,Computer Science,Senior,0.5864,0.4302,0.7861
SUB2892,GPTZero,mixed,0,0.0783,4863,Chemistry,Senior,0.4188,0.3360,0.3967
SUB2893,Originality.ai,mixed,0,0.3483,2898,Physics,Freshman,0.5555,0.3678,0.6755
SUB2894,Copyleaks,mixed,1,0.2307,2615,Computer Science,Freshman,0.5747,0.1518,0.2572
SUB2895,Turnitin,human_written,0,0.1639,2005,Mathematics,Freshman,0.4290,0.4056,0.0571
SUB2896,Copyleaks,mixed,1,0.8975,2334,Physics,Junior,0.5160,0.1708,0.5571
SUB2897,GPTZero,mixed,1,0.1019,4253,Biology,Senior,0.7867,0.1975,0.5929
SUB2898,Copyleaks,human_written,0,0.6282,611,History,Sophomore,0.4233,0.1647,0.0014
SUB2899,Copyleaks,mixed,0,0.5396,2473,Biology,Sophomore,0.5331,0.2828,0.2712
SUB2900,GPTZero,human_written,0,0.1625,2468,English,Freshman,0.5685,0.2211,0.1806
SUB2901,Copyleaks,mixed,0,0.4587,945,Biology,Freshman,0.1809,0.4870,0.1643
SUB2902,GPTZero,human_written,0,0.2044,4387,Chemistry,Junior,0.5946,0.3387,0.1172
SUB2903,GPTZero,ai_generated,1,0.1820,2866,English,Sophomore,0.5603,0.4503,0.7922
SUB2904,Copyleaks,ai_generated,1,0.4052,4182,English,Junior,0.4656,0.2280,0.6313
SUB2905,Winston AI,ai_generated,1,0.7963,2543,Computer Science,Sophomore,0.4015,0.1086,0.8600
SUB2906,Copyleaks,human_written,0,0.3904,3608,English,Graduate,0.4189,0.2321,0.0182
SUB2907,Winston AI,human_written,0,0.2760,633,History,Graduate,0.6038,0.1511,0.1027
SUB2908,Turnitin,ai_generated,1,0.4619,4897,Physics,Senior,0.6188,0.2129,0.8514
SUB2909,GPTZero,ai_generated,1,0.6202,1512,Computer Science,Freshman,0.4422,0.1932,1.0000
SUB2910,Winston AI,ai_generated,1,0.2869,3779,Biology,Junior,0.3541,0.3228,1.0000
SUB2911,Copyleaks,human_written,0,0.4516,4500,Mathematics,Graduate,0.3469,0.2254,0.0000
SUB2912,Winston AI,mixed,0,0.4560,2664,English,Graduate,0.6914,0.4168,0.4876
SUB2913,Winston AI,human_written,0,0.1991,1630,Chemistry,Junior,0.7602,0.1604,0.0869
SUB2914,Originality.ai,human_written,0,0.1612,2472,History,Junior,0.3774,0.4008,0.0000
SUB2915,Copyleaks,mixed,1,0.5420,1825,Psychology,Junior,0.3566,0.0669,0.8204
SUB2916,GPTZero,human_written,0,0.4708,3634,Biology,Senior,0.5493,0.3031,0.1531
SUB2917,GPTZero,mixed,0,0.7865,3800,Mathematics,Graduate,0.3883,0.3482,0.2619
SUB2918,Originality.ai,human_written,0,0.3708,4591,History,Junior,0.4662,0.3172,0.0000
SUB2919,Turnitin,human_written,1,0.6071,1167,Physics,Junior,0.4548,0.2864,0.0427
SUB2920,GPTZero,human_written,1,0.5353,1764,English,Freshman,0.4860,0.3251,0.1821
SUB2921,Originality.ai,mixed,0,0.1795,2691,Psychology,Senior,0.4338,0.3228,0.1588
SUB2922,Turnitin,human_written,0,0.4094,3227,Computer Science,Sophomore,0.3887,0.3193,0.0227
SUB2923,Originality.ai,ai_generated,1,0.8521,1343,Chemistry,Sophomore,0.4673,0.2764,0.7272
SUB2924,Copyleaks,human_written,0,0.2269,1852,History,Senior,0.5585,0.3831,0.0000
SUB2925,Copyleaks,human_written,0,0.6662,844,English,Graduate,0.5791,0.4131,0.0267
SUB2926,Turnitin,human_written,0,0.1472,785,Chemistry,Junior,0.5234,0.3492,0.0233
SUB2927,Winston AI,human_written,0,0.3337,3414,Mathematics,Junior,0.4043,0.3793,0.1072
SUB2928,Originality.ai,human_written,0,0.1961,682,Biology,Senior,0.3932,0.2481,0.0000
SUB2929,Winston AI,mixed,1,0.5426,4762,Computer Science,Graduate,0.6087,0.2167,0.6587
SUB2930,Originality.ai,ai_generated,1,0.4929,4619,Computer Science,Junior,0.4435,0.3199,0.7345
SUB2931,GPTZero,ai_generated,1,0.4758,1109,Computer Science,Graduate,0.4348,0.3375,1.0000
SUB2932,Turnitin,human_written,0,0.5603,4902,Chemistry,Sophomore,0.4502,0.4516,0.0120
SUB2933,Originality.ai,mixed,0,0.5093,782,Chemistry,Senior,0.3557,0.2776,0.4623
SUB2934,Winston AI,ai_generated,1,0.3048,737,Psychology,Freshman,0.4521,0.4045,0.7762
SUB2935,GPTZero,ai_generated,0,0.2128,852,Mathematics,Senior,0.4161,0.4748,0.8930
SUB2936,Originality.ai,mixed,1,0.4824,3433,English,Sophomore,0.6158,0.0863,0.2542
SUB2937,Originality.ai,mixed,1,0.3232,4785,Chemistry,Senior,0.3573,0.2822,0.4296
SUB2938,Originality.ai,human_written,0,0.5063,582,Physics,Junior,0.6096,0.3356,0.0051
SUB2939,Originality.ai,mixed,1,0.2236,4512,Physics,Junior,0.1879,0.4206,0.5648
SUB2940,Copyleaks,human_written,0,0.4584,537,History,Freshman,0.4396,0.1125,0.0000
SUB2941,Turnitin,human_written,0,0.6887,4082,Chemistry,Graduate,0.6155,0.3355,0.0674
SUB2942,Turnitin,mixed,0,0.5227,3235,Mathematics,Junior,0.4614,0.4396,0.5063
SUB2943,Copyleaks,human_written,0,0.1475,4586,Physics,Senior,0.6793,0.3482,0.0114
SUB2944,Winston AI,ai_generated,1,0.0489,4678,English,Freshman,0.6108,0.1583,0.8034
SUB2945,Winston AI,mixed,1,0.2087,504,Biology,Sophomore,0.5408,0.3841,0.6339
SUB2946,GPTZero,human_written,0,0.1106,1628,Chemistry,Senior,0.4813,0.3278,0.1043
SUB2947,Copyleaks,ai_generated,1,0.4731,4017,History,Junior,0.2620,0.1602,0.9152
SUB2948,Copyleaks,mixed,0,0.2646,1588,Biology,Junior,0.1287,0.3675,0.3979
SUB2949,Originality.ai,ai_generated,1,0.0624,4758,Psychology,Junior,0.2470,0.2924,0.8078
SUB2950,Turnitin,ai_generated,1,0.1492,2792,Psychology,Junior,0.5944,0.3185,0.8085
SUB2951,Originality.ai,human_written,0,0.5447,3539,Chemistry,Graduate,0.4988,0.3836,0.0000
SUB2952,Turnitin,ai_generated,1,0.2997,4469,Mathematics,Graduate,0.5556,0.1636,0.7948
SUB2953,GPTZero,human_written,0,0.3650,3023,Chemistry,Senior,0.5038,0.3915,0.1508
SUB2954,Turnitin,human_written,0,0.4952,4532,Psychology,Graduate,0.6500,0.2744,0.0332
SUB2955,Originality.ai,human_written,0,0.1517,1447,Biology,Graduate,0.3034,0.3296,0.0000
SUB2956,GPTZero,ai_generated,1,0.7531,4172,Computer Science,Freshman,0.7349,0.4255,1.0000
SUB2957,Winston AI,human_written,0,0.3312,1571,Chemistry,Junior,0.4688,0.2387,0.1322
SUB2958,Originality.ai,mixed,0,0.1982,2377,Mathematics,Graduate,0.8021,0.2030,0.3996
SUB2959,Copyleaks,ai_generated,0,0.7911,3402,Chemistry,Senior,0.5718,0.3984,0.9264
SUB2960,GPTZero,human_written,0,0.5483,1574,Psychology,Junior,0.6936,0.3126,0.1497
SUB2961,Copyleaks,mixed,0,0.0916,2638,English,Freshman,0.4825,0.5952,0.2908
SUB2962,Copyleaks,human_written,0,0.2063,4895,Computer Science,Sophomore,0.6045,0.4600,0.0000
SUB2963,Turnitin,human_written,0,0.3410,4112,Physics,Graduate,0.1497,0.2470,0.0131
SUB2964,Copyleaks,mixed,0,0.4093,972,Biology,Senior,0.1744,0.3977,0.3622
SUB2965,GPTZero,human_written,0,0.2798,4816,Biology,Sophomore,0.3589,0.2896,0.1395
SUB2966,Originality.ai,mixed,1,0.1916,3953,History,Sophomore,0.6175,0.3694,0.3737
SUB2967,GPTZero,human_written,0,0.7215,2602,Mathematics,Sophomore,0.4797,0.1899,0.1856
SUB2968,Turnitin,human_written,0,0.3396,1653,Psychology,Sophomore,0.5932,0.2395,0.0419
SUB2969,Originality.ai,human_written,0,0.4801,1890,Biology,Sophomore,0.6614,0.2985,0.0000
SUB2970,Originality.ai,human_written,0,0.5607,4713,Psychology,Sophomore,0.7580,0.3100,0.0620
SUB2971,Winston AI,human_written,0,0.3041,2038,Physics,Senior,0.4955,0.0513,0.1168
SUB2972,Winston AI,human_written,0,0.4164,1736,Mathematics,Freshman,0.5010,0.4576,0.1503
SUB2973,Originality.ai,ai_generated,0,0.6126,4631,Chemistry,Sophomore,0.5884,0.0099,0.7666
SUB2974,Turnitin,human_written,0,0.4634,4914,Computer Science,Freshman,0.6705,0.2988,0.0890
SUB2975,Winston AI,human_written,1,0.0113,2169,Biology,Senior,0.4168,0.4141,0.1587
SUB2976,Copyleaks,human_written,0,0.4815,1116,Chemistry,Freshman,0.5750,0.2343,0.0466
SUB2977,Winston AI,mixed,1,0.1900,3053,Biology,Sophomore,0.7552,0.3575,0.5889
SUB2978,GPTZero,human_written,0,0.6625,4744,Biology,Sophomore,0.4287,0.3860,0.1742
SUB2979,Turnitin,mixed,1,0.4060,1777,Chemistry,Junior,0.4100,0.3346,0.2741
SUB2980,Copyleaks,ai_generated,1,0.3335,3216,Biology,Junior,0.6679,0.3036,0.5030
SUB2981,Turnitin,human_written,0,0.2101,4805,Computer Science,Sophomore,0.5193,0.3711,0.0646
SUB2982,Turnitin,ai_generated,1,0.3858,1036,History,Graduate,0.7473,0.3029,0.7860
SUB2983,GPTZero,ai_generated,1,0.1685,868,Biology,Freshman,0.5125,0.3735,1.0000
SUB2984,Winston AI,ai_generated,1,0.5588,3771,Biology,Senior,0.5698,0.2264,0.8073
SUB2985,Turnitin,ai_generated,1,0.3554,4340,Mathematics,Sophomore,0.4560,0.1471,0.9674
SUB2986,Originality.ai,human_written,0,0.1566,3471,English,Freshman,0.7128,0.2150,0.0451
SUB2987,Winston AI,human_written,0,0.7509,3983,Mathematics,Graduate,0.5770,0.3386,0.1167
SUB2988,Originality.ai,mixed,1,0.7475,4887,Psychology,Graduate,0.5654,0.4826,0.3115
SUB2989,GPTZero,mixed,0,0.3571,2126,Mathematics,Sophomore,0.4482,0.2898,0.5024
SUB2990,Copyleaks,human_written,0,0.4353,4381,Computer Science,Sophomore,0.6422,0.2769,0.0000
SUB2991,Turnitin,human_written,0,0.1034,1796,Physics,Senior,0.6064,0.0508,0.0374
SUB2992,Originality.ai,human_written,0,0.6787,1149,Computer Science,Senior,0.4721,0.3336,0.0256
SUB2993,GPTZero,ai_generated,1,0.3720,1077,Computer Science,Sophomore,0.5140,0.0902,0.8621
SUB2994,Originality.ai,human_written,0,0.6518,1583,Computer Science,Senior,0.3390,0.4399,0.0000
SUB2995,Copyleaks,ai_generated,1,0.5937,4485,Biology,Senior,0.3048,0.2171,0.9368
SUB2996,Turnitin,human_written,0,0.3003,2830,English,Graduate,0.6695,0.3528,0.0448
SUB2997,GPTZero,human_written,0,0.7388,3833,Mathematics,Senior,0.5161,0.4256,0.1734
SUB2998,Winston AI,human_written,0,0.4910,541,Mathematics,Graduate,0.4177,0.1699,0.1386
SUB2999,GPTZero,human_written,0,0.5021,3749,Biology,Sophomore,0.3558,0.2436,0.1529
SUB3000,Turnitin,human_written,0,0.3628,1348,Computer Science,Junior,0.4397,0.3332,0.0822
SUB3001,Originality.ai,ai_generated,1,0.5613,1374,Chemistry,Sophomore,0.3169,0.1382,0.7167
SUB3002,GPTZero,ai_generated,1,0.7230,3511,History,Sophomore,0.4836,0.1442,0.9586
SUB3003,Originality.ai,human_written,0,0.3557,3772,Computer Science,Sophomore,0.4673,0.4271,0.0318
SUB3004,GPTZero,ai_generated,1,0.1855,4248,Biology,Graduate,0.6540,0.3260,1.0000
SUB3005,Winston AI,ai_generated,1,0.1667,1093,Psychology,Junior,0.6199,0.3224,0.8897
SUB3006,Originality.ai,human_written,0,0.1918,2822,Mathematics,Freshman,0.6591,0.1691,0.0000
SUB3007,Winston AI,mixed,0,0.2434,1423,Mathematics,Sophomore,0.6048,0.1062,0.4143
SUB3008,Originality.ai,mixed,0,0.6488,2829,English,Senior,0.5157,0.2038,0.1834
SUB3009,GPTZero,human_written,0,0.4466,4598,Psychology,Freshman,0.6117,0.3765,0.1687
SUB3010,Copyleaks,human_written,0,0.3888,2271,History,Graduate,0.1522,0.3033,0.0000
SUB3011,GPTZero,mixed,0,0.3407,3646,Physics,Freshman,0.4150,0.1666,0.3862
SUB3012,Winston AI,ai_generated,1,0.2031,2441,Psychology,Sophomore,0.7282,0.4702,1.0000
SUB3013,GPTZero,human_written,0,0.4917,526,Physics,Sophomore,0.6776,0.2621,0.1746
SUB3014,Winston AI,mixed,0,0.4853,1591,Computer Science,Junior,0.3630,0.3693,0.2096
SUB3015,Copyleaks,human_written,0,0.5943,2622,Computer Science,Freshman,0.1538,0.2470,0.0000
SUB3016,Copyleaks,human_written,1,0.5074,2026,Psychology,Senior,0.4985,0.3191,0.0385
SUB3017,Originality.ai,ai_generated,1,0.7873,4443,Chemistry,Graduate,0.3845,0.2945,0.9140
SUB3018,Copyleaks,human_written,0,0.5086,4985,Psychology,Graduate,0.4790,0.0713,0.0243
SUB3019,Copyleaks,human_written,0,0.5290,2277,Chemistry,Junior,0.4246,0.3472,0.0493
SUB3020,Copyleaks,ai_generated,1,0.1223,1387,Physics,Junior,0.2181,0.3666,0.6015
SUB3021,Winston AI,human_written,1,0.2993,1488,Computer Science,Senior,0.3635,0.2927,0.1366
SUB3022,Copyleaks,ai_generated,1,0.0297,4673,Psychology,Freshman,0.3234,0.3857,0.8163
SUB3023,GPTZero,human_written,0,0.6058,2066,Biology,Junior,0.4634,0.2504,0.1608
SUB3024,Originality.ai,ai_generated,1,0.7483,3566,Psychology,Freshman,0.5198,0.2979,0.6897
SUB3025,Turnitin,human_written,0,0.2644,3656,Psychology,Senior,0.4527,0.3400,0.0199
SUB3026,Turnitin,human_written,0,0.1415,2717,Biology,Senior,0.6752,0.3715,0.0500
SUB3027,Turnitin,human_written,0,0.6619,3992,Chemistry,Graduate,0.3280,0.1238,0.0501
SUB3028,GPTZero,human_written,0,0.1218,3431,Chemistry,Junior,0.3485,0.3243,0.1234
SUB3029,Originality.ai,human_written,0,0.5526,544,Physics,Senior,0.6718,0.2006,0.0000
SUB3030,Winston AI,human_written,0,0.5254,3435,Psychology,Graduate,0.5165,0.4322,0.1151
SUB3031,Turnitin,mixed,0,0.6030,3988,Mathematics,Freshman,0.4295,0.2958,0.3447
SUB3032,Copyleaks,mixed,0,0.4056,2486,Computer Science,Freshman,0.6012,0.3434,0.4673
SUB3033,Winston AI,human_written,0,0.2646,4565,Psychology,Sophomore,0.6089,0.1762,0.1448
SUB3034,Turnitin,human_written,0,0.2109,1124,Physics,Junior,0.6779,0.1536,0.0258
SUB3035,Copyleaks,human_written,0,0.2988,3425,Computer Science,Senior,0.5826,0.3508,0.0305
SUB3036,Turnitin,ai_generated,0,0.6378,2201,English,Graduate,0.6980,0.3866,0.7763
SUB3037,GPTZero,human_written,0,0.6134,4665,Biology,Freshman,0.9070,0.3960,0.1957
SUB3038,GPTZero,human_written,0,0.6285,2770,Chemistry,Freshman,0.5657,0.4130,0.1039
SUB3039,Copyleaks,mixed,0,0.2980,4262,Computer Science,Junior,0.8202,0.4254,0.4507
SUB3040,Originality.ai,mixed,0,0.4626,1363,English,Junior,0.5823,0.2782,0.4768
SUB3041,Turnitin,mixed,0,0.0746,1993,Physics,Freshman,0.5144,0.2364,0.4640
SUB3042,GPTZero,human_written,0,0.2510,4666,Computer Science,Junior,0.8808,0.1677,0.1347
SUB3043,Copyleaks,ai_generated,1,0.0591,4614,Chemistry,Freshman,0.6553,0.5500,0.7138
SUB3044,Winston AI,human_written,0,0.0459,2307,Computer Science,Senior,0.5591,0.2206,0.1321
SUB3045,GPTZero,ai_generated,1,0.4150,2482,Chemistry,Senior,0.4719,0.3815,0.8900
SUB3046,Winston AI,mixed,1,0.2263,1778,English,Freshman,0.4992,0.2110,0.4107
SUB3047,Turnitin,mixed,0,0.3615,2308,Mathematics,Senior,0.4934,0.3529,0.4156
SUB3048,Copyleaks,human_written,0,0.3597,3794,Physics,Graduate,0.6191,0.2927,0.0000
SUB3049,GPTZero,ai_generated,1,0.2593,2016,History,Graduate,0.5400,0.3397,0.8177
SUB3050,Turnitin,human_written,0,0.3181,3336,Psychology,Junior,0.2812,0.3661,0.0149
SUB3051,Winston AI,human_written,0,0.2492,1075,Physics,Junior,0.2864,0.3855,0.1686
SUB3052,Winston AI,human_written,0,0.4647,4836,English,Freshman,0.6840,0.4596,0.1199
SUB3053,Originality.ai,human_written,0,0.6458,4511,History,Freshman,0.5652,0.0900,0.0332
SUB3054,GPTZero,human_written,0,0.8307,2485,History,Freshman,0.3981,0.1597,0.1115
SUB3055,Originality.ai,human_written,0,0.3647,4395,Biology,Senior,0.3613,0.3295,0.0000
SUB3056,Copyleaks,human_written,0,0.6268,3124,Psychology,Senior,0.6102,0.1192,0.0155
SUB3057,Copyleaks,human_written,0,0.6196,4565,Computer Science,Senior,0.6322,0.3907,0.0000
SUB3058,Winston AI,human_written,0,0.6286,1294,Biology,Junior,0.4692,0.3474,0.1355
SUB3059,GPTZero,ai_generated,1,0.3871,4722,Mathematics,Sophomore,0.5059,0.2998,1.0000
SUB3060,Copyleaks,mixed,1,0.2376,3492,Mathematics,Senior,0.3174,0.4909,0.4023
SUB3061,Turnitin,ai_generated,1,0.5105,844,History,Graduate,0.3945,0.3357,0.9208
SUB3062,Copyleaks,ai_generated,1,0.2171,1081,History,Freshman,0.4284,0.2114,0.7195
SUB3063,Copyleaks,mixed,1,0.3014,4943,Computer Science,Graduate,0.3019,0.2407,0.4949
SUB3064,GPTZero,human_written,0,0.2513,800,Biology,Junior,0.3212,0.3231,0.1256
SUB3065,Turnitin,human_written,0,0.2939,1028,English,Graduate,0.3517,0.3548,0.0520
SUB3066,Originality.ai,human_written,0,0.6614,3838,English,Graduate,0.5887,0.3298,0.0726
SUB3067,GPTZero,human_written,0,0.4584,1410,Chemistry,Freshman,0.5812,0.3155,0.1353
SUB3068,Winston AI,human_written,0,0.4579,3377,Computer Science,Senior,0.5541,0.3770,0.1559
SUB3069,Turnitin,human_written,0,0.5064,4847,Psychology,Sophomore,0.4111,0.2552,0.0584
SUB3070,GPTZero,ai_generated,1,0.4074,4573,Psychology,Graduate,0.5410,0.1496,0.9924
SUB3071,GPTZero,human_written,0,0.6230,2597,History,Junior,0.5182,0.4172,0.1583
SUB3072,Turnitin,ai_generated,1,0.7264,2696,Biology,Senior,0.5835,0.2869,0.9445
SUB3073,GPTZero,human_written,1,0.5194,3967,Chemistry,Graduate,0.5077,0.3287,0.1721
SUB3074,Turnitin,ai_generated,1,0.3834,3074,History,Graduate,0.5610,0.2581,0.7173
SUB3075,Originality.ai,ai_generated,1,0.4704,2388,Mathematics,Junior,0.3293,0.3754,0.8154
SUB3076,Originality.ai,mixed,0,0.7069,1937,English,Graduate,0.5531,0.2069,0.4296
SUB3077,Copyleaks,ai_generated,1,0.0444,745,Chemistry,Sophomore,0.5975,0.3117,0.7027
SUB3078,Originality.ai,ai_generated,0,0.4606,4711,Physics,Sophomore,0.5231,0.4086,0.6106
SUB3079,Originality.ai,human_written,0,0.8889,3528,Chemistry,Freshman,0.4625,0.2227,0.0080
SUB3080,Turnitin,human_written,0,0.3424,4790,Chemistry,Sophomore,0.4930,0.3972,0.0563
SUB3081,Originality.ai,ai_generated,0,0.3588,1289,Biology,Senior,0.3413,0.3372,0.8173
SUB3082,Copyleaks,human_written,0,0.4565,4190,English,Freshman,0.5963,0.2816,0.0183
SUB3083,Copyleaks,mixed,1,0.4074,3600,Computer Science,Graduate,0.5709,0.3062,0.4930
SUB3084,Winston AI,human_written,0,0.2262,3980,Biology,Senior,0.7900,0.1756,0.1743
SUB3085,Originality.ai,mixed,1,0.3932,860,Chemistry,Freshman,0.6460,0.3746,0.5841
SUB3086,Turnitin,human_written,0,0.5218,2940,Chemistry,Senior,0.8437,0.3335,0.0021
SUB3087,Copyleaks,ai_generated,0,0.4864,3071,Mathematics,Graduate,0.4362,0.2704,0.8020
SUB3088,Originality.ai,mixed,1,0.1234,1148,Psychology,Junior,0.5290,0.3623,0.4602
SUB3089,Turnitin,mixed,1,0.6567,1838,History,Senior,0.4987,0.1243,0.3766
SUB3090,Originality.ai,mixed,0,0.3785,4071,Physics,Junior,0.3954,0.3285,0.2968
SUB3091,Copyleaks,human_written,0,0.2552,3849,English,Senior,0.4288,0.3603,0.0000
SUB3092,Copyleaks,ai_generated,0,0.1090,3815,Computer Science,Graduate,0.6186,0.2761,0.6257
SUB3093,GPTZero,human_written,0,0.4028,3550,English,Junior,0.5690,0.2821,0.1498
SUB3094,Winston AI,human_written,0,0.3963,2557,English,Graduate,0.4286,0.4373,0.1925
SUB3095,Turnitin,human_written,0,0.4004,2310,Mathematics,Freshman,0.4559,0.3121,0.0456
SUB3096,Copyleaks,mixed,0,0.2103,1648,Computer Science,Senior,0.6068,0.1908,0.4097
SUB3097,Turnitin,ai_generated,1,0.3287,2687,Biology,Sophomore,0.3318,0.1738,0.9301
SUB3098,GPTZero,mixed,0,0.1381,1982,History,Junior,0.2345,0.3505,0.5587
SUB3099,GPTZero,human_written,0,0.2206,1407,History,Sophomore,0.4709,0.3153,0.1673
SUB3100,Originality.ai,ai_generated,0,0.3284,1171,Mathematics,Senior,0.5700,0.3451,0.7569
SUB3101,GPTZero,human_written,0,0.1807,3537,Psychology,Sophomore,0.4200,0.2222,0.1100
SUB3102,Winston AI,human_written,0,0.1676,912,History,Junior,0.4749,0.1197,0.1571
SUB3103,GPTZero,human_written,0,0.3114,4540,Computer Science,Senior,0.3651,0.3342,0.1244
SUB3104,Winston AI,mixed,0,0.4266,1371,Chemistry,Freshman,0.5656,0.2327,0.5277
SUB3105,Copyleaks,ai_generated,1,0.1520,4184,English,Sophomore,0.5766,0.5164,0.7749
SUB3106,GPTZero,human_written,0,0.6245,4647,English,Senior,0.5638,0.3966,0.0895
SUB3107,GPTZero,mixed,0,0.2043,4864,Physics,Senior,0.6311,0.2811,0.5087
SUB3108,Winston AI,human_written,0,0.3422,3812,History,Sophomore,0.4223,0.2977,0.1631
SUB3109,Winston AI,mixed,1,0.5481,1394,History,Junior,0.3654,0.1310,0.7513
SUB3110,GPTZero,mixed,0,0.4175,2378,History,Freshman,0.5323,0.2557,0.2397
SUB3111,Copyleaks,ai_generated,1,0.3754,4440,Physics,Graduate,0.4246,0.3385,0.8139
SUB3112,Winston AI,ai_generated,1,0.3413,684,Computer Science,Junior,0.3852,0.2967,0.7514
SUB3113,Winston AI,human_written,0,0.4405,1086,Mathematics,Junior,0.2843,0.4094,0.0864
SUB3114,Turnitin,human_written,0,0.2432,2094,Biology,Senior,0.7720,0.2569,0.0760
SUB3115,Winston AI,mixed,1,0.2701,4123,Chemistry,Junior,0.5818,0.3749,0.8647
SUB3116,GPTZero,human_written,0,0.5546,1068,Mathematics,Junior,0.4007,0.1195,0.1501
SUB3117,Copyleaks,ai_generated,1,0.5425,1085,Chemistry,Sophomore,0.4230,0.4032,0.8099
SUB3118,GPTZero,mixed,1,0.4514,4695,English,Graduate,0.3437,0.3256,0.3960
SUB3119,Turnitin,ai_generated,1,0.6231,2793,Computer Science,Sophomore,0.4644,0.2677,0.9369
SUB3120,Winston AI,mixed,0,0.3038,3024,History,Junior,0.4292,0.3531,0.4499
SUB3121,Winston AI,ai_generated,0,0.1872,536,Biology,Senior,0.4472,0.3097,0.8074
SUB3122,Copyleaks,human_written,0,0.4007,2032,Physics,Sophomore,0.4528,0.5912,0.0574
SUB3123,Originality.ai,ai_generated,0,0.3368,2636,Psychology,Junior,0.3502,0.3128,0.7457
SUB3124,GPTZero,human_written,0,0.1820,855,Mathematics,Senior,0.3618,0.1711,0.1311
SUB3125,GPTZero,human_written,0,0.2156,4491,Chemistry,Sophomore,0.5782,0.4087,0.0944
SUB3126,GPTZero,human_written,0,0.6028,500,History,Graduate,0.3362,0.2519,0.1560
SUB3127,Copyleaks,human_written,0,0.5263,4542,Chemistry,Sophomore,0.4538,0.2971,0.0408
SUB3128,GPTZero,human_written,0,0.2357,4089,Physics,Senior,0.6506,0.2493,0.1977
SUB3129,Copyleaks,mixed,0,0.4784,2834,English,Junior,0.4815,0.3636,0.1290
SUB3130,Turnitin,human_written,0,0.0910,2321,Computer Science,Graduate,0.6703,0.3007,0.0153
SUB3131,GPTZero,human_written,0,0.4273,4650,Physics,Graduate,0.3802,0.1966,0.1893
SUB3132,Turnitin,human_written,1,0.1204,863,Chemistry,Sophomore,0.5026,0.1214,0.0871
SUB3133,Copyleaks,human_written,0,0.1274,1819,Computer Science,Freshman,0.5445,0.4382,0.0435
SUB3134,Turnitin,human_written,0,0.1015,756,Computer Science,Sophomore,0.5049,0.4822,0.0437
SUB3135,Turnitin,human_written,0,0.4983,3054,Physics,Freshman,0.6154,0.1078,0.0726
SUB3136,Turnitin,mixed,0,0.3651,3307,English,Freshman,0.4991,0.2505,0.2059
SUB3137,Turnitin,ai_generated,1,0.2853,3065,Biology,Junior,0.6245,0.2619,0.9459
SUB3138,Originality.ai,human_written,0,0.6579,1952,Chemistry,Graduate,0.4448,0.2967,0.0271
SUB3139,Turnitin,human_written,0,0.7959,2158,Chemistry,Graduate,0.6044,0.2986,0.0411
SUB3140,Originality.ai,human_written,0,0.3855,1430,Computer Science,Junior,0.6046,0.5047,0.0000
SUB3141,Turnitin,human_written,0,0.2496,1074,Psychology,Graduate,0.4891,0.3698,0.0240
SUB3142,Copyleaks,human_written,0,0.3536,2125,Psychology,Freshman,0.5372,0.1832,0.0272
SUB3143,Originality.ai,ai_generated,0,0.1911,2123,Computer Science,Graduate,0.5990,0.1689,0.7488
SUB3144,Winston AI,human_written,0,0.5440,1941,Biology,Senior,0.2039,0.2876,0.1410
SUB3145,Copyleaks,ai_generated,1,0.1916,1779,Mathematics,Junior,0.3224,0.4467,0.8101
SUB3146,Turnitin,human_written,0,0.1625,2022,Mathematics,Freshman,0.5505,0.3366,0.0486
SUB3147,Turnitin,human_written,0,0.0953,665,Mathematics,Senior,0.4591,0.1750,0.0921
SUB3148,Winston AI,human_written,0,0.1524,4747,Physics,Junior,0.7151,0.3816,0.1493
SUB3149,Copyleaks,ai_generated,1,0.3686,534,Chemistry,Freshman,0.5571,0.4965,0.8553
SUB3150,Winston AI,human_written,0,0.3513,4163,Psychology,Sophomore,0.5781,0.1938,0.1259
SUB3151,Copyleaks,ai_generated,1,0.4521,2812,Mathematics,Graduate,0.4461,0.4224,0.7863
SUB3152,Copyleaks,human_written,0,0.2066,1803,Chemistry,Freshman,0.4761,0.2947,0.0521
SUB3153,Winston AI,human_written,0,0.2609,2474,Computer Science,Junior,0.6612,0.3147,0.1731
SUB3154,Winston AI,ai_generated,1,0.4147,3424,Biology,Senior,0.4716,0.2512,0.9448
SUB3155,Originality.ai,human_written,0,0.5490,4229,Computer Science,Graduate,0.4316,0.3765,0.0103
SUB3156,Turnitin,ai_generated,1,0.8438,2453,Biology,Freshman,0.6037,0.3843,0.8769
SUB3157,Winston AI,ai_generated,0,0.3730,1520,Computer Science,Freshman,0.3928,0.2031,0.8768
SUB3158,Originality.ai,human_written,0,0.3624,2788,Psychology,Freshman,0.5318,0.3343,0.0207
SUB3159,Originality.ai,mixed,1,0.4885,769,English,Freshman,0.4178,0.4268,0.2458
SUB3160,Originality.ai,mixed,0,0.4711,2250,Computer Science,Senior,0.5063,0.2632,0.2489
SUB3161,Originality.ai,human_written,0,0.0483,3248,Biology,Freshman,0.6331,0.5847,0.0392
SUB3162,Turnitin,ai_generated,1,0.1512,3911,Chemistry,Sophomore,0.2694,0.2362,0.7207
SUB3163,GPTZero,ai_generated,1,0.4190,1357,Chemistry,Junior,0.5303,0.1557,1.0000
SUB3164,GPTZero,ai_generated,1,0.7205,924,Biology,Junior,0.5796,0.3291,1.0000
SUB3165,Originality.ai,human_written,0,0.2969,798,Computer Science,Junior,0.6731,0.3914,0.0134
SUB3166,GPTZero,ai_generated,1,0.3758,1519,Biology,Junior,0.4865,0.3413,0.9793
SUB3167,Winston AI,human_written,0,0.4579,4054,Mathematics,Graduate,0.4573,0.3416,0.0849
SUB3168,Originality.ai,human_written,0,0.2861,3331,History,Senior,0.5961,0.2353,0.0000
SUB3169,GPTZero,ai_generated,1,0.4653,2908,Physics,Freshman,0.3216,0.2823,0.9158
SUB3170,Winston AI,ai_generated,1,0.4606,4260,Computer Science,Junior,0.6279,0.2029,1.0000
SUB3171,Originality.ai,human_written,0,0.1301,3245,Mathematics,Graduate,0.2989,0.4744,0.0197
SUB3172,Copyleaks,human_written,0,0.6551,4036,History,Sophomore,0.7854,0.2434,0.0191
SUB3173,Originality.ai,ai_generated,1,0.5751,740,Biology,Graduate,0.3838,0.2387,0.9820
SUB3174,Winston AI,human_written,0,0.4803,4004,Physics,Junior,0.5125,0.2691,0.0885
SUB3175,GPTZero,human_written,0,0.0542,1879,Physics,Sophomore,0.7337,0.2654,0.1944
SUB3176,Originality.ai,ai_generated,1,0.6484,727,Computer Science,Junior,0.7343,0.0000,0.7154
SUB3177,Winston AI,human_written,0,0.3316,3343,Biology,Senior,0.5319,0.2865,0.1492
SUB3178,Copyleaks,human_written,0,0.5699,1101,History,Senior,0.6066,0.1486,0.0046
SUB3179,Copyleaks,ai_generated,1,0.2498,3444,English,Sophomore,0.4978,0.3682,0.9077
SUB3180,Winston AI,mixed,0,0.4711,1181,Physics,Senior,0.6885,0.4049,0.5540
SUB3181,Originality.ai,human_written,0,0.6188,4953,Chemistry,Sophomore,0.6223,0.1999,0.0000
SUB3182,Originality.ai,ai_generated,1,0.4010,518,Psychology,Sophomore,0.4340,0.2597,0.8189
SUB3183,GPTZero,human_written,1,0.2152,3411,Chemistry,Senior,0.4571,0.3821,0.1812
SUB3184,Copyleaks,mixed,0,0.5755,4051,Psychology,Senior,0.5644,0.1123,0.3652
SUB3185,Turnitin,ai_generated,1,0.4147,800,Biology,Senior,0.3948,0.4705,0.8055
SUB3186,Winston AI,ai_generated,1,0.2842,2652,Chemistry,Graduate,0.6404,0.3426,0.8643
SUB3187,GPTZero,mixed,1,0.3185,2942,Mathematics,Junior,0.4360,0.4312,0.4508
SUB3188,Copyleaks,ai_generated,0,0.7504,4371,Mathematics,Senior,0.4117,0.3171,0.8142
SUB3189,Originality.ai,human_written,0,0.7629,4125,Chemistry,Graduate,0.4762,0.2474,0.0199
SUB3190,Turnitin,human_written,0,0.2432,4039,Mathematics,Junior,0.5183,0.2519,0.0734
SUB3191,Turnitin,human_written,0,0.4910,1595,Physics,Freshman,0.5291,0.4647,0.0281
SUB3192,Turnitin,mixed,0,0.0470,2174,Chemistry,Freshman,0.4725,0.1224,0.4384
SUB3193,GPTZero,human_written,0,0.5859,4010,Chemistry,Sophomore,0.4093,0.3366,0.1586
SUB3194,Originality.ai,human_written,0,0.3627,2328,English,Sophomore,0.7500,0.4466,0.0000
SUB3195,Winston AI,ai_generated,1,0.4565,4474,Physics,Freshman,0.4476,0.2402,1.0000
SUB3196,Copyleaks,human_written,0,0.5022,4458,History,Freshman,0.3669,0.2110,0.0162
SUB3197,Originality.ai,mixed,1,0.2725,4598,Physics,Freshman,0.2083,0.5159,0.3800
SUB3198,Originality.ai,human_written,0,0.5582,1896,Chemistry,Sophomore,0.5669,0.2567,0.0312
SUB3199,GPTZero,mixed,1,0.5710,3860,Physics,Sophomore,0.7618,0.3073,0.7348
SUB3200,GPTZero,human_written,1,0.3363,4813,Computer Science,Graduate,0.3713,0.4437,0.1504
SUB3201,Copyleaks,human_written,0,0.4508,4424,English,Freshman,0.5784,0.2442,0.0316
SUB3202,Originality.ai,human_written,0,0.2491,802,English,Senior,0.5372,0.2532,0.0000
SUB3203,Originality.ai,ai_generated,1,0.7647,1286,Chemistry,Junior,0.4470,0.3311,0.8343
SUB3204,GPTZero,human_written,0,0.4523,3330,Mathematics,Senior,0.5871,0.2859,0.1435
SUB3205,Copyleaks,ai_generated,1,0.4550,3225,Physics,Graduate,0.2161,0.2744,0.9519
SUB3206,GPTZero,human_written,0,0.4744,756,Biology,Graduate,0.7046,0.4132,0.1336
SUB3207,Turnitin,ai_generated,0,0.4769,1460,Physics,Senior,0.1753,0.4353,0.8243
SUB3208,Copyleaks,human_written,0,0.4133,1999,Psychology,Freshman,0.5592,0.1466,0.0352
SUB3209,Turnitin,human_written,0,0.2584,3116,Mathematics,Sophomore,0.4571,0.2831,0.0331
SUB3210,Winston AI,ai_generated,1,0.3031,1798,Computer Science,Junior,0.3352,0.3036,0.8088
SUB3211,Turnitin,ai_generated,0,0.5467,4628,Physics,Freshman,0.4758,0.5142,0.7899
SUB3212,Turnitin,mixed,0,0.3706,4058,English,Freshman,0.5080,0.1494,0.4894
SUB3213,GPTZero,ai_generated,1,0.3108,4352,Computer Science,Sophomore,0.3034,0.3975,0.9256
SUB3214,Originality.ai,ai_generated,0,0.3590,554,Mathematics,Sophomore,0.8283,0.2558,0.7473
SUB3215,Copyleaks,human_written,0,0.2405,604,Chemistry,Sophomore,0.3829,0.2112,0.0340
SUB3216,GPTZero,human_written,0,0.3554,2154,History,Senior,0.4985,0.2214,0.1158
SUB3217,GPTZero,mixed,1,0.5727,2601,Mathematics,Freshman,0.6684,0.1316,0.5144
SUB3218,Originality.ai,mixed,1,0.3928,4107,Physics,Junior,0.4801,0.1449,0.4067
SUB3219,Copyleaks,mixed,0,0.4088,3174,Computer Science,Freshman,0.5339,0.3398,0.1713
SUB3220,Winston AI,human_written,0,0.5115,2497,History,Senior,0.4680,0.3576,0.0956
SUB3221,Copyleaks,mixed,1,0.1892,3104,Chemistry,Sophomore,0.5500,0.3631,0.3095
SUB3222,Turnitin,ai_generated,1,0.7120,2705,Computer Science,Freshman,0.5883,0.4388,0.9918
SUB3223,Winston AI,ai_generated,0,0.5758,2033,Chemistry,Graduate,0.3237,0.2374,0.8259
SUB3224,Originality.ai,human_written,0,0.2144,1635,History,Freshman,0.4660,0.3254,0.0110
SUB3225,Turnitin,human_written,0,0.4796,4050,Chemistry,Sophomore,0.4552,0.2345,0.0579
SUB3226,GPTZero,ai_generated,1,0.3265,3394,Psychology,Freshman,0.7051,0.1834,1.0000
SUB3227,Copyleaks,human_written,0,0.2859,2911,English,Freshman,0.7463,0.2024,0.0234
SUB3228,GPTZero,ai_generated,1,0.2578,2331,Biology,Graduate,0.5249,0.1395,1.0000
SUB3229,Originality.ai,human_written,0,0.3070,4108,Chemistry,Junior,0.5318,0.1913,0.0000
SUB3230,GPTZero,human_written,0,0.3880,1178,Chemistry,Senior,0.1906,0.1742,0.0996
SUB3231,GPTZero,ai_generated,1,0.0946,4677,Biology,Sophomore,0.7426,0.2032,0.9791
SUB3232,Originality.ai,ai_generated,1,0.3798,513,Computer Science,Sophomore,0.7044,0.1591,0.7980
SUB3233,Winston AI,human_written,0,0.3471,707,Mathematics,Senior,0.3151,0.4296,0.0978
SUB3234,Originality.ai,human_written,0,0.2244,4384,History,Senior,0.5934,0.1724,0.0000
SUB3235,Turnitin,mixed,0,0.4436,3241,Physics,Freshman,0.5531,0.3521,0.5135
SUB3236,Originality.ai,ai_generated,1,0.4674,4090,Physics,Senior,0.3715,0.3992,0.8341
SUB3237,Originality.ai,human_written,0,0.6251,3741,Chemistry,Freshman,0.4853,0.2513,0.0000
SUB3238,Winston AI,human_written,0,0.2517,1932,History,Freshman,0.3549,0.2120,0.1348
SUB3239,Originality.ai,human_written,0,0.0352,1459,Psychology,Graduate,0.1636,0.3231,0.0000
SUB3240,Originality.ai,human_written,0,0.1860,2614,Biology,Sophomore,0.5769,0.3353,0.0000
SUB3241,Winston AI,human_written,0,0.5648,2457,Computer Science,Sophomore,0.4118,0.2798,0.0828
SUB3242,Turnitin,ai_generated,1,0.5761,4717,Mathematics,Senior,0.3817,0.2885,0.9614
SUB3243,Winston AI,human_written,0,0.4143,934,Physics,Senior,0.3916,0.1157,0.0992
SUB3244,Turnitin,human_written,0,0.5543,4235,Biology,Sophomore,0.5870,0.3537,0.0467
SUB3245,Copyleaks,ai_generated,1,0.0925,667,Chemistry,Graduate,0.4594,0.5689,1.0000
SUB3246,Turnitin,mixed,0,0.4806,4945,Physics,Sophomore,0.4241,0.4161,0.4128
SUB3247,Originality.ai,mixed,0,0.2710,4085,Chemistry,Freshman,0.5427,0.3046,0.1440
SUB3248,Winston AI,human_written,0,0.5988,2146,Chemistry,Graduate,0.2617,0.3781,0.0856
SUB3249,Turnitin,human_written,0,0.4284,1927,History,Sophomore,0.3088,0.3509,0.0717
SUB3250,GPTZero,human_written,0,0.2178,1101,Physics,Graduate,0.4801,0.3421,0.1088
SUB3251,Copyleaks,mixed,0,0.6556,4099,Psychology,Sophomore,0.2559,0.4408,0.1674
SUB3252,Turnitin,ai_generated,1,0.7169,3775,Mathematics,Junior,0.4643,0.3724,0.7484
SUB3253,GPTZero,human_written,0,0.6330,2938,English,Freshman,0.6299,0.3717,0.0897
SUB3254,Turnitin,mixed,1,0.5148,2285,Biology,Freshman,0.5112,0.2059,0.5829
SUB3255,Copyleaks,human_written,0,0.1116,3213,Mathematics,Graduate,0.6544,0.3318,0.0309
SUB3256,Copyleaks,ai_generated,1,0.4837,3256,English,Senior,0.6672,0.2338,0.8755
SUB3257,GPTZero,human_written,1,0.0425,3686,English,Freshman,0.6391,0.1954,0.1429
SUB3258,GPTZero,human_written,0,0.4417,4989,Physics,Senior,0.6360,0.3847,0.1703
SUB3259,Copyleaks,ai_generated,0,0.1757,3048,Biology,Freshman,0.5633,0.3866,0.7975
SUB3260,Originality.ai,mixed,0,0.2916,959,Mathematics,Graduate,0.4285,0.2852,0.0752
SUB3261,GPTZero,human_written,0,0.1979,1993,Physics,Graduate,0.2282,0.3407,0.1595
SUB3262,GPTZero,ai_generated,1,0.1303,4840,Physics,Junior,0.5545,0.4462,1.0000
SUB3263,Turnitin,ai_generated,1,0.6165,672,Computer Science,Graduate,0.6290,0.2036,0.9119
SUB3264,Copyleaks,human_written,0,0.1453,4469,Chemistry,Graduate,0.2991,0.4213,0.0000
SUB3265,Turnitin,human_written,0,0.3069,1547,Mathematics,Graduate,0.3998,0.2408,0.0473
SUB3266,GPTZero,mixed,0,0.2905,1828,Psychology,Sophomore,0.5953,0.2618,0.5458
SUB3267,Winston AI,human_written,0,0.1706,3163,Biology,Freshman,0.6088,0.3451,0.1342
SUB3268,Originality.ai,ai_generated,0,0.6636,1433,Mathematics,Graduate,0.6413,0.2959,0.6929
SUB3269,Turnitin,human_written,0,0.6486,1511,History,Senior,0.2098,0.4335,0.0342
SUB3270,Turnitin,human_written,0,0.1776,3284,History,Senior,0.7142,0.2424,0.0033
SUB3271,Winston AI,human_written,0,0.3660,2990,Computer Science,Freshman,0.4531,0.3955,0.1157
SUB3272,Turnitin,human_written,0,0.8860,2272,Psychology,Senior,0.6024,0.3885,0.0299
SUB3273,Turnitin,ai_generated,1,0.0702,4682,English,Junior,0.6636,0.2427,0.5432
SUB3274,Winston AI,human_written,0,0.7724,4768,Physics,Graduate,0.4488,0.1699,0.1350
SUB3275,Originality.ai,human_written,0,0.3284,2452,Computer Science,Junior,0.6109,0.3836,0.0234
SUB3276,Copyleaks,mixed,0,0.3748,4151,History,Sophomore,0.2004,0.2629,0.4795
SUB3277,Originality.ai,human_written,0,0.3952,4406,Psychology,Graduate,0.6812,0.2806,0.0062
SUB3278,GPTZero,ai_generated,1,0.5109,2529,Computer Science,Sophomore,0.5729,0.1557,1.0000
SUB3279,Copyleaks,human_written,0,0.3100,3422,Biology,Sophomore,0.7656,0.4396,0.0352
SUB3280,Turnitin,human_written,0,0.6383,3654,English,Junior,0.7146,0.2705,0.0582
SUB3281,Originality.ai,ai_generated,1,0.5439,1575,History,Junior,0.3845,0.2901,0.6828
SUB3282,GPTZero,mixed,0,0.0982,3451,Computer Science,Senior,0.5521,0.4378,0.3711
SUB3283,Winston AI,human_written,0,0.7342,4581,Chemistry,Sophomore,0.6396,0.2208,0.1305
SUB3284,Turnitin,human_written,0,0.6243,1520,Mathematics,Junior,0.4938,0.2085,0.0694
SUB3285,Originality.ai,human_written,0,0.6922,3397,Physics,Senior,0.3952,0.3015,0.0000
SUB3286,Turnitin,mixed,1,0.1330,2225,Chemistry,Sophomore,0.5632,0.1294,0.2153
SUB3287,GPTZero,human_written,0,0.7724,561,Computer Science,Junior,0.4242,0.2670,0.1625
SUB3288,Turnitin,human_written,0,0.5874,4182,English,Junior,0.4818,0.2045,0.0109
SUB3289,Turnitin,ai_generated,1,0.2261,3266,Psychology,Senior,0.5585,0.1779,0.7691
SUB3290,Originality.ai,human_written,0,0.7730,2038,Physics,Sophomore,0.4243,0.0822,0.0000
SUB3291,Copyleaks,human_written,0,0.2468,3797,Psychology,Freshman,0.3919,0.0895,0.0000
SUB3292,Originality.ai,human_written,0,0.0891,1027,Chemistry,Sophomore,0.6581,0.5129,0.0309
SUB3293,Originality.ai,ai_generated,1,0.5142,1773,History,Graduate,0.5363,0.3707,0.7021
SUB3294,Winston AI,ai_generated,1,0.2600,3511,Computer Science,Graduate,0.6451,0.1500,1.0000
SUB3295,Copyleaks,human_written,0,0.6741,3395,Psychology,Freshman,0.4760,0.1794,0.0447
SUB3296,Turnitin,ai_generated,1,0.1791,4956,English,Senior,0.5079,0.3560,0.8802
SUB3297,GPTZero,human_written,0,0.1953,1611,Psychology,Senior,0.6031,0.3479,0.1225
SUB3298,Winston AI,human_written,0,0.3984,1989,Biology,Junior,0.6447,0.2976,0.1108
SUB3299,Turnitin,ai_generated,1,0.4112,4928,Physics,Junior,0.4017,0.4588,0.6620
SUB3300,Winston AI,mixed,1,0.1091,2473,Chemistry,Sophomore,0.5500,0.3301,0.4011
SUB3301,Originality.ai,human_written,0,0.7381,719,History,Junior,0.7122,0.1994,0.0000
SUB3302,Winston AI,ai_generated,0,0.4328,4682,Mathematics,Junior,0.3419,0.3079,0.8738
SUB3303,Winston AI,human_written,0,0.4904,3257,Mathematics,Sophomore,0.3755,0.4769,0.1010
SUB3304,Originality.ai,mixed,0,0.4390,1427,Computer Science,Freshman,0.3480,0.3133,0.2984
SUB3305,Originality.ai,ai_generated,0,0.7188,1101,History,Senior,0.4995,0.1964,0.8385
SUB3306,Turnitin,ai_generated,0,0.1693,3462,History,Sophomore,0.6382,0.2670,0.8096
SUB3307,Winston AI,mixed,1,0.2915,1165,Physics,Senior,0.5184,0.3266,0.4245
SUB3308,Turnitin,human_written,0,0.3550,3131,Mathematics,Senior,0.5419,0.0000,0.0188
SUB3309,GPTZero,human_written,0,0.8641,3582,Biology,Graduate,0.6027,0.3471,0.0924
SUB3310,Originality.ai,human_written,0,0.5044,3291,Biology,Junior,0.7404,0.3209,0.0000
SUB3311,Originality.ai,human_written,0,0.5224,4481,Psychology,Sophomore,0.3766,0.2228,0.0000
SUB3312,Winston AI,human_written,0,0.6615,518,English,Freshman,0.2878,0.1921,0.1483
SUB3313,Copyleaks,human_written,0,0.1710,1418,Physics,Sophomore,0.5529,0.2350,0.0306
SUB3314,Copyleaks,ai_generated,1,0.4298,3666,Chemistry,Sophomore,0.4130,0.2249,0.8037
SUB3315,Turnitin,human_written,0,0.0296,1828,History,Freshman,0.3619,0.2223,0.0000
SUB3316,GPTZero,ai_generated,1,0.2236,2098,History,Sophomore,0.4890,0.3052,1.0000
SUB3317,Originality.ai,ai_generated,1,0.4655,3106,English,Freshman,0.4928,0.1665,0.7889
SUB3318,Copyleaks,human_written,0,0.0823,4851,Biology,Junior,0.4987,0.2566,0.0000
SUB3319,Copyleaks,mixed,0,0.1444,3990,Physics,Freshman,0.4021,0.2949,0.2130
SUB3320,Originality.ai,mixed,1,0.5293,4864,Psychology,Junior,0.6739,0.1849,0.2295
SUB3321,Originality.ai,human_written,0,0.3577,1527,History,Freshman,0.6652,0.2535,0.0000
SUB3322,Turnitin,ai_generated,1,0.4483,3079,Biology,Junior,0.4621,0.2430,0.7903
SUB3323,Originality.ai,ai_generated,0,0.5390,3231,Mathematics,Freshman,0.5945,0.2786,0.6521
SUB3324,Originality.ai,human_written,0,0.7326,1840,Computer Science,Graduate,0.4925,0.3355,0.0000
SUB3325,Originality.ai,human_written,0,0.1254,1190,Computer Science,Senior,0.6814,0.3357,0.0000
SUB3326,Turnitin,human_written,0,0.2946,2879,Physics,Senior,0.4122,0.1135,0.0496
SUB3327,Winston AI,ai_generated,1,0.4972,1993,Computer Science,Freshman,0.7433,0.2393,0.8435
SUB3328,Copyleaks,human_written,0,0.2522,2359,Psychology,Graduate,0.5502,0.4181,0.0606
SUB3329,Winston AI,human_written,1,0.0370,4498,Physics,Sophomore,0.5837,0.3384,0.1542
SUB3330,Originality.ai,ai_generated,1,0.4370,2836,Mathematics,Graduate,0.4679,0.1978,0.7957
SUB3331,Copyleaks,human_written,1,0.5859,3432,English,Freshman,0.3914,0.1991,0.0312
SUB3332,GPTZero,ai_generated,1,0.2187,783,Mathematics,Sophomore,0.5864,0.3285,1.0000
SUB3333,GPTZero,human_written,1,0.4594,4602,Mathematics,Graduate,0.3774,0.1566,0.1799
SUB3334,Turnitin,mixed,1,0.5102,3406,Biology,Freshman,0.4225,0.3004,0.4313
SUB3335,Originality.ai,human_written,0,0.5942,3093,Mathematics,Graduate,0.5365,0.2890,0.0268
SUB3336,Originality.ai,human_written,0,0.5734,1675,Psychology,Senior,0.3357,0.2614,0.0000
SUB3337,Winston AI,human_written,0,0.4776,4976,English,Junior,0.3816,0.3318,0.1453
SUB3338,Turnitin,mixed,0,0.3493,2373,Biology,Graduate,0.4437,0.2340,0.4704
SUB3339,GPTZero,human_written,1,0.0872,595,Computer Science,Freshman,0.5118,0.4002,0.1931
SUB3340,Originality.ai,human_written,0,0.2473,3505,English,Freshman,0.3565,0.3909,0.0070
SUB3341,GPTZero,human_written,0,0.6622,2226,Computer Science,Junior,0.5591,0.2181,0.1281
SUB3342,Turnitin,ai_generated,0,0.5055,3605,English,Sophomore,0.4331,0.4277,0.7458
SUB3343,GPTZero,human_written,0,0.1972,1289,History,Freshman,0.4017,0.3765,0.1526
SUB3344,GPTZero,mixed,1,0.3564,1483,Mathematics,Junior,0.4277,0.3162,0.7345
SUB3345,Copyleaks,human_written,0,0.3489,3527,Biology,Sophomore,0.3059,0.1644,0.0334
SUB3346,GPTZero,mixed,0,0.1622,2174,Psychology,Graduate,0.5346,0.3234,0.2954
SUB3347,Turnitin,human_written,0,0.7514,4437,Mathematics,Graduate,0.7527,0.2790,0.0426
SUB3348,Turnitin,ai_generated,1,0.4294,3448,Computer Science,Sophomore,0.3162,0.1279,0.8832
SUB3349,Copyleaks,human_written,0,0.7588,3631,Psychology,Junior,0.2789,0.4700,0.0000
SUB3350,Copyleaks,human_written,0,0.6706,4889,Mathematics,Junior,0.5738,0.2134,0.0000
SUB3351,Turnitin,human_written,0,0.4170,3354,Mathematics,Junior,0.5971,0.1731,0.1216
SUB3352,GPTZero,human_written,0,0.3988,4115,Mathematics,Graduate,0.5503,0.4421,0.1826
SUB3353,Copyleaks,ai_generated,1,0.4615,2825,Chemistry,Senior,0.6050,0.2498,0.8697
SUB3354,Turnitin,ai_generated,1,0.8032,1405,Physics,Sophomore,0.2871,0.3759,0.8624
SUB3355,Copyleaks,human_written,0,0.4155,4633,Biology,Freshman,0.5214,0.2250,0.0120
SUB3356,GPTZero,human_written,0,0.1298,2885,Biology,Junior,0.6241,0.4877,0.1606
SUB3357,Copyleaks,mixed,1,0.1326,1836,Physics,Freshman,0.4465,0.2952,0.3214
SUB3358,GPTZero,ai_generated,1,0.1741,3758,Physics,Junior,0.4368,0.3951,1.0000
SUB3359,Winston AI,human_written,0,0.4840,833,Mathematics,Senior,0.6889,0.1352,0.1037
SUB3360,Turnitin,mixed,0,0.4456,3999,Mathematics,Sophomore,0.3470,0.2514,0.4597
SUB3361,Winston AI,human_written,0,0.1807,1978,Biology,Sophomore,0.5322,0.3366,0.1242
SUB3362,Turnitin,human_written,0,0.6355,4529,English,Sophomore,0.4833,0.3749,0.0419
SUB3363,Winston AI,ai_generated,1,0.3347,1105,Mathematics,Senior,0.4893,0.1727,1.0000
SUB3364,Turnitin,human_written,0,0.3904,1282,Computer Science,Sophomore,0.6322,0.3170,0.0479
SUB3365,Winston AI,ai_generated,1,0.6290,3340,English,Junior,0.4659,0.3650,0.9546
SUB3366,Copyleaks,human_written,0,0.1821,2409,History,Junior,0.4444,0.2618,0.0115
SUB3367,Turnitin,ai_generated,1,0.2188,1185,English,Graduate,0.7169,0.3698,0.7936
SUB3368,Winston AI,mixed,1,0.5818,1363,Biology,Freshman,0.3160,0.4315,0.3853
SUB3369,Originality.ai,ai_generated,1,0.6480,3347,Psychology,Junior,0.6183,0.2375,0.6435
SUB3370,Winston AI,human_written,0,0.2258,1265,Psychology,Freshman,0.4102,0.4083,0.1113
SUB3371,GPTZero,mixed,0,0.7945,2111,Psychology,Senior,0.3601,0.2151,0.3107
SUB3372,Winston AI,mixed,1,0.1354,2462,Physics,Sophomore,0.6884,0.3452,0.7123
SUB3373,Winston AI,human_written,1,0.4320,4897,Mathematics,Junior,0.3981,0.3127,0.1087
SUB3374,Originality.ai,human_written,0,0.0865,4375,Computer Science,Senior,0.5580,0.1764,0.0438
SUB3375,GPTZero,ai_generated,1,0.4740,3548,Physics,Junior,0.2490,0.2839,0.9428
SUB3376,Winston AI,human_written,0,0.7294,1242,History,Freshman,0.5050,0.2782,0.0995
SUB3377,Winston AI,human_written,0,0.4739,4455,Computer Science,Senior,0.3981,0.3339,0.1687
SUB3378,Originality.ai,ai_generated,0,0.2991,3372,Chemistry,Junior,0.6923,0.1126,0.7930
SUB3379,Originality.ai,ai_generated,1,0.1217,2794,Biology,Sophomore,0.4948,0.0566,0.7593
SUB3380,Turnitin,ai_generated,1,0.2248,1569,Chemistry,Graduate,0.5820,0.2615,0.7799
SUB3381,GPTZero,ai_generated,1,0.4332,3429,English,Senior,0.5111,0.3792,1.0000
SUB3382,Originality.ai,ai_generated,1,0.3161,1956,Psychology,Freshman,0.1184,0.1599,0.7987
SUB3383,Turnitin,ai_generated,1,0.1166,2468,Computer Science,Junior,0.4676,0.1485,0.5773
SUB3384,Winston AI,ai_generated,1,0.4344,3720,Biology,Sophomore,0.2113,0.3292,0.8978
SUB3385,Turnitin,ai_generated,1,0.5655,4351,Psychology,Sophomore,0.4273,0.4148,0.7999
SUB3386,Copyleaks,human_written,0,0.3058,4950,Physics,Graduate,0.4235,0.3492,0.0151
SUB3387,Winston AI,human_written,0,0.3069,4541,English,Senior,0.5453,0.3369,0.1061
SUB3388,Winston AI,ai_generated,1,0.4265,2197,Biology,Graduate,0.5263,0.1040,1.0000
SUB3389,GPTZero,ai_generated,1,0.3532,1530,Computer Science,Senior,0.4553,0.0826,0.9460
SUB3390,Originality.ai,ai_generated,0,0.4694,3717,Mathematics,Junior,0.5696,0.1639,0.9278
SUB3391,Turnitin,human_written,0,0.7882,2129,Chemistry,Junior,0.4470,0.3317,0.0205
SUB3392,Copyleaks,ai_generated,1,0.1127,2321,Psychology,Junior,0.3033,0.5014,0.8004
SUB3393,GPTZero,human_written,0,0.5339,3214,Biology,Graduate,0.4898,0.4259,0.0904
SUB3394,Winston AI,ai_generated,1,0.2233,3292,Biology,Freshman,0.3283,0.2900,0.9530
SUB3395,Originality.ai,human_written,0,0.8236,4471,Chemistry,Freshman,0.5875,0.2264,0.0019
SUB3396,GPTZero,human_written,0,0.2622,2986,Physics,Junior,0.7756,0.2303,0.1255
SUB3397,Winston AI,human_written,0,0.5850,745,Physics,Freshman,0.3029,0.2494,0.0969
SUB3398,Winston AI,ai_generated,1,0.4356,1486,History,Graduate,0.4583,0.3985,0.9377
SUB3399,Originality.ai,human_written,0,0.2051,1882,Physics,Freshman,0.4648,0.3960,0.0219
SUB3400,Winston AI,human_written,1,0.6179,2547,Chemistry,Junior,0.2689,0.1908,0.1503
SUB3401,Originality.ai,human_written,0,0.1746,3504,Biology,Freshman,0.2779,0.3332,0.0000
SUB3402,Winston AI,human_written,0,0.4413,1831,Computer Science,Graduate,0.5431,0.3845,0.1452
SUB3403,Winston AI,human_written,0,0.6498,700,Biology,Junior,0.3863,0.4996,0.1130
SUB3404,Originality.ai,human_written,0,0.4288,4575,Physics,Graduate,0.3158,0.3634,0.0357
SUB3405,Turnitin,ai_generated,1,0.4780,4586,History,Senior,0.8336,0.4304,0.8682
SUB3406,Winston AI,human_written,0,0.2985,3363,History,Junior,0.3928,0.1318,0.0873
SUB3407,Turnitin,human_written,0,0.0537,4896,Psychology,Freshman,0.4808,0.2961,0.0428
SUB3408,Originality.ai,mixed,1,0.3720,3207,Psychology,Junior,0.6525,0.3575,0.1944
SUB3409,Turnitin,human_written,1,0.6858,2053,Computer Science,Senior,0.8091,0.3983,0.0796
SUB3410,Winston AI,human_written,0,0.3739,4006,Biology,Graduate,0.3603,0.3968,0.0898
SUB3411,Originality.ai,human_written,0,0.8952,2111,English,Senior,0.4862,0.2866,0.0000
SUB3412,Originality.ai,ai_generated,0,0.2639,3201,Psychology,Graduate,0.4491,0.2730,0.8299
SUB3413,Winston AI,human_written,0,0.2103,3940,Mathematics,Junior,0.3822,0.2845,0.1451
SUB3414,GPTZero,human_written,0,0.2494,3139,Chemistry,Freshman,0.4599,0.0980,0.1895
SUB3415,Copyleaks,mixed,0,0.1867,4952,History,Graduate,0.9365,0.2394,0.3973
SUB3416,Copyleaks,ai_generated,0,0.2396,3066,Computer Science,Senior,0.4715,0.1409,0.8092
SUB3417,GPTZero,ai_generated,1,0.1803,4310,Chemistry,Junior,0.5020,0.2212,0.7946
SUB3418,Copyleaks,human_written,0,0.5204,3756,Biology,Senior,0.3224,0.3129,0.0805
SUB3419,Winston AI,ai_generated,1,0.3484,4635,English,Senior,0.6654,0.2039,0.8696
SUB3420,Copyleaks,human_written,0,0.3012,2182,Biology,Graduate,0.4548,0.1809,0.0141
SUB3421,Originality.ai,human_written,0,0.4616,667,Mathematics,Freshman,0.4089,0.2977,0.0000
SUB3422,Winston AI,human_written,0,0.1866,4764,English,Graduate,0.7116,0.2720,0.1221
SUB3423,Originality.ai,human_written,0,0.4184,843,Psychology,Sophomore,0.1182,0.3389,0.0003
SUB3424,Turnitin,mixed,0,0.5539,2370,Psychology,Senior,0.4001,0.3576,0.6169
SUB3425,Copyleaks,human_written,0,0.5258,1942,English,Sophomore,0.3478,0.1623,0.0057
SUB3426,Copyleaks,ai_generated,1,0.7107,889,Chemistry,Graduate,0.3314,0.4549,0.7510
SUB3427,GPTZero,ai_generated,1,0.2544,1956,Mathematics,Freshman,0.7818,0.1705,0.8439
SUB3428,Winston AI,ai_generated,1,0.2560,999,Biology,Sophomore,0.4963,0.3396,0.8182
SUB3429,Turnitin,human_written,0,0.4513,636,Physics,Graduate,0.6741,0.1425,0.0978
SUB3430,Winston AI,mixed,0,0.7032,1211,Biology,Sophomore,0.5645,0.3314,0.6094
SUB3431,GPTZero,human_written,0,0.4680,4098,Chemistry,Graduate,0.7982,0.2389,0.1439
SUB3432,Turnitin,human_written,0,0.2337,1433,Psychology,Freshman,0.4537,0.2547,0.0340
SUB3433,GPTZero,ai_generated,1,0.3171,1213,English,Graduate,0.6276,0.1673,0.8945
SUB3434,Winston AI,human_written,0,0.2558,3174,Physics,Junior,0.3339,0.4674,0.1504
SUB3435,Winston AI,human_written,0,0.3665,1897,Biology,Freshman,0.6732,0.2755,0.1466
SUB3436,GPTZero,human_written,0,0.1055,1416,English,Freshman,0.3532,0.2866,0.1938
SUB3437,Winston AI,ai_generated,1,0.5083,2145,Chemistry,Sophomore,0.5457,0.3353,1.0000
SUB3438,Copyleaks,human_written,0,0.3068,2706,Physics,Junior,0.5590,0.2751,0.0071
SUB3439,Turnitin,mixed,0,0.0958,2162,Chemistry,Junior,0.5101,0.3913,0.2602
SUB3440,Turnitin,ai_generated,1,0.2533,3521,Mathematics,Freshman,0.5563,0.2276,0.7493
SUB3441,Winston AI,ai_generated,0,0.0396,4815,Biology,Junior,0.6862,0.1345,0.8723
SUB3442,Originality.ai,ai_generated,1,0.4685,2131,Mathematics,Freshman,0.2768,0.2558,0.8855
SUB3443,Originality.ai,ai_generated,1,0.3374,4878,Chemistry,Freshman,0.3879,0.1610,0.9339
SUB3444,Turnitin,ai_generated,1,0.6960,1082,Psychology,Freshman,0.6263,0.2702,0.9174
SUB3445,Copyleaks,human_written,0,0.2051,2805,Biology,Senior,0.4906,0.3293,0.0159
SUB3446,Copyleaks,ai_generated,1,0.4393,4181,Mathematics,Freshman,0.6492,0.1645,0.7529
SUB3447,Winston AI,human_written,0,0.2645,1748,Mathematics,Sophomore,0.4881,0.2675,0.1304
SUB3448,Winston AI,ai_generated,1,0.3140,1358,Physics,Junior,0.6218,0.3694,0.9011
SUB3449,Originality.ai,mixed,0,0.1923,1119,History,Senior,0.5547,0.4300,0.6024
SUB3450,Turnitin,ai_generated,1,0.5005,3688,Psychology,Sophomore,0.6788,0.3139,0.8781
SUB3451,Originality.ai,human_written,0,0.0514,2626,Mathematics,Graduate,0.5790,0.2714,0.0397
SUB3452,Originality.ai,human_written,0,0.3321,945,Chemistry,Freshman,0.5654,0.3568,0.0014
SUB3453,Copyleaks,human_written,0,0.3668,4557,Mathematics,Junior,0.6122,0.3247,0.0000
SUB3454,Winston AI,human_written,0,0.2885,3593,English,Freshman,0.7889,0.2332,0.1411
SUB3455,Winston AI,human_written,0,0.3610,3498,Physics,Graduate,0.3624,0.3460,0.1348
SUB3456,Winston AI,ai_generated,1,0.7121,738,Mathematics,Sophomore,0.4608,0.1640,0.7207
SUB3457,Originality.ai,human_written,0,0.2558,654,Chemistry,Junior,0.7411,0.3610,0.0000
SUB3458,Copyleaks,human_written,0,0.5240,2320,Physics,Graduate,0.7161,0.2593,0.0167
SUB3459,Winston AI,ai_generated,0,0.3447,4195,History,Junior,0.8029,0.3639,0.8123
SUB3460,Originality.ai,ai_generated,0,0.5856,3860,Psychology,Graduate,0.4188,0.2192,0.8001
SUB3461,Originality.ai,human_written,0,0.4276,4948,Computer Science,Senior,0.3574,0.4803,0.0000
SUB3462,GPTZero,human_written,0,0.6828,3630,Biology,Sophomore,0.7224,0.3796,0.1849
SUB3463,Winston AI,human_written,0,0.4675,4249,Physics,Sophomore,0.3267,0.1182,0.1612
SUB3464,Turnitin,human_written,0,0.6687,2539,Computer Science,Graduate,0.2768,0.2795,0.0634
SUB3465,Copyleaks,ai_generated,1,0.3383,3588,History,Freshman,0.3601,0.3178,1.0000
SUB3466,Originality.ai,human_written,0,0.3940,2853,Physics,Junior,0.6769,0.3143,0.0000
SUB3467,Winston AI,human_written,0,0.7002,3023,History,Sophomore,0.6455,0.4109,0.1441
SUB3468,Turnitin,mixed,0,0.6462,746,Biology,Senior,0.5437,0.4939,0.3897
SUB3469,Turnitin,ai_generated,1,0.6908,2550,Physics,Freshman,0.5821,0.3434,0.8513
SUB3470,Originality.ai,ai_generated,1,0.5013,3178,Biology,Senior,0.5085,0.3205,0.6788
SUB3471,Originality.ai,human_written,0,0.6042,4541,Computer Science,Graduate,0.1267,0.5154,0.0224
SUB3472,Turnitin,ai_generated,1,0.2742,1953,Mathematics,Graduate,0.5352,0.2819,0.9096
SUB3473,Turnitin,human_written,0,0.4553,4183,Mathematics,Senior,0.6380,0.4071,0.0561
SUB3474,Winston AI,human_written,1,0.2864,4105,Chemistry,Sophomore,0.7489,0.3559,0.1344
SUB3475,Copyleaks,ai_generated,1,0.4647,2362,Psychology,Junior,0.2380,0.4131,0.8326
SUB3476,Originality.ai,human_written,0,0.4941,3114,Chemistry,Senior,0.3654,0.3026,0.0000
SUB3477,Winston AI,mixed,1,0.5035,4931,Chemistry,Freshman,0.5514,0.3587,0.8066
SUB3478,Winston AI,ai_generated,1,0.7348,4031,Mathematics,Freshman,0.4978,0.3596,0.8760
SUB3479,Copyleaks,human_written,0,0.5929,3922,Physics,Senior,0.6848,0.4111,0.0385
SUB3480,GPTZero,human_written,0,0.2036,1182,Computer Science,Graduate,0.6864,0.2103,0.1247
SUB3481,GPTZero,ai_generated,1,0.4505,3524,Mathematics,Graduate,0.6943,0.3960,0.9980
SUB3482,GPTZero,human_written,0,0.7909,2542,Biology,Freshman,0.6219,0.4356,0.1498
SUB3483,Turnitin,human_written,0,0.4454,4879,Physics,Sophomore,0.5248,0.1639,0.0397
SUB3484,Turnitin,ai_generated,1,0.7101,4697,Physics,Senior,0.5830,0.4768,0.9122
SUB3485,Winston AI,human_written,0,0.5524,660,English,Junior,0.4606,0.2862,0.1893
SUB3486,Originality.ai,human_written,0,0.1332,1649,Psychology,Sophomore,0.2861,0.1897,0.0081
SUB3487,Turnitin,ai_generated,1,0.4339,2821,Mathematics,Graduate,0.3505,0.3088,0.7256
SUB3488,Originality.ai,human_written,0,0.7214,2347,Biology,Sophomore,0.3336,0.3258,0.0160
SUB3489,GPTZero,ai_generated,1,0.4722,2769,History,Graduate,0.3944,0.3655,0.8796
SUB3490,Copyleaks,human_written,0,0.2694,1317,Biology,Freshman,0.5211,0.3439,0.0169
SUB3491,Turnitin,human_written,0,0.3456,981,Psychology,Freshman,0.5047,0.3373,0.0859
SUB3492,Winston AI,ai_generated,1,0.6610,3272,Chemistry,Junior,0.4196,0.4943,0.8140
SUB3493,GPTZero,ai_generated,1,0.2109,1957,Biology,Sophomore,0.5780,0.3579,0.8993
SUB3494,Winston AI,ai_generated,1,0.5483,2592,Psychology,Junior,0.4303,0.4866,0.8870
SUB3495,Turnitin,human_written,0,0.4423,885,Computer Science,Senior,0.3415,0.2257,0.0249
SUB3496,Copyleaks,human_written,0,0.3315,2493,Psychology,Junior,0.3919,0.2432,0.0360
SUB3497,Originality.ai,ai_generated,1,0.1566,3698,History,Freshman,0.4081,0.3172,0.6878
SUB3498,GPTZero,human_written,1,0.4767,3119,Chemistry,Freshman,0.3976,0.4049,0.1548
SUB3499,Winston AI,mixed,0,0.5913,3746,Chemistry,Graduate,0.6808,0.2576,0.4211
SUB3500,Originality.ai,human_written,0,0.5947,3229,Physics,Freshman,0.7912,0.3494,0.0171
SUB3501,Copyleaks,mixed,0,0.2066,3231,History,Senior,0.4960,0.3021,0.3820
SUB3502,GPTZero,human_written,0,0.8340,986,Mathematics,Graduate,0.8125,0.1255,0.1824
SUB3503,Winston AI,human_written,0,0.3444,569,Biology,Freshman,0.5474,0.2909,0.0985
SUB3504,Originality.ai,mixed,0,0.3293,1687,Psychology,Graduate,0.4452,0.1323,0.4913
SUB3505,Originality.ai,mixed,0,0.1906,3879,Physics,Freshman,0.5302,0.4225,0.3457
SUB3506,Copyleaks,mixed,1,0.6051,2286,Psychology,Graduate,0.5902,0.3851,0.5082
SUB3507,GPTZero,ai_generated,1,0.7473,1122,History,Sophomore,0.4970,0.2823,1.0000
SUB3508,Winston AI,ai_generated,0,0.5526,3678,History,Freshman,0.6430,0.3218,0.9374
SUB3509,Originality.ai,mixed,0,0.5163,2687,Physics,Junior,0.2017,0.3570,0.3905
SUB3510,Turnitin,human_written,0,0.3258,4975,Physics,Freshman,0.4393,0.2912,0.0177
SUB3511,Turnitin,ai_generated,1,0.2312,3833,Physics,Sophomore,0.4546,0.3450,0.8923
SUB3512,Copyleaks,ai_generated,1,0.4284,3899,Physics,Graduate,0.4955,0.3778,0.6149
SUB3513,GPTZero,human_written,1,0.5499,2761,Physics,Junior,0.3839,0.3032,0.1867
SUB3514,GPTZero,human_written,0,0.0397,1175,Biology,Senior,0.4720,0.4180,0.1715
SUB3515,Originality.ai,human_written,0,0.2937,970,Biology,Graduate,0.5416,0.2903,0.0016
SUB3516,Originality.ai,mixed,0,0.4160,601,Computer Science,Junior,0.3262,0.3190,0.3251
SUB3517,Copyleaks,human_written,0,0.5277,1137,English,Graduate,0.1493,0.1801,0.0592
SUB3518,Winston AI,mixed,1,0.3122,4176,Chemistry,Senior,0.2564,0.3853,0.6669
SUB3519,Originality.ai,ai_generated,0,0.7173,1674,Computer Science,Senior,0.7849,0.2598,0.6758
SUB3520,Turnitin,mixed,0,0.5893,4426,Psychology,Graduate,0.7809,0.4296,0.3866
SUB3521,Copyleaks,ai_generated,1,0.3865,3290,Chemistry,Sophomore,0.4863,0.4213,0.7669
SUB3522,Turnitin,human_written,0,0.3071,3024,Physics,Junior,0.5326,0.2406,0.0485
SUB3523,Copyleaks,human_written,0,0.8399,3171,Computer Science,Graduate,0.5726,0.0819,0.0000
SUB3524,Turnitin,mixed,1,0.1924,2679,Physics,Graduate,0.4349,0.3470,0.3303
SUB3525,Copyleaks,human_written,0,0.1462,3446,English,Sophomore,0.4295,0.0933,0.0121
SUB3526,Originality.ai,ai_generated,1,0.9245,3516,Biology,Junior,0.5852,0.2059,0.9474
SUB3527,Originality.ai,ai_generated,1,0.4402,879,Mathematics,Senior,0.4017,0.3269,0.7310
SUB3528,Copyleaks,ai_generated,1,0.5232,4944,English,Graduate,0.5853,0.3546,0.7397
SUB3529,Turnitin,human_written,0,0.3137,3324,Chemistry,Sophomore,0.3504,0.2299,0.0087
SUB3530,Winston AI,human_written,0,0.3237,4547,Computer Science,Graduate,0.6503,0.4547,0.1394
SUB3531,Originality.ai,human_written,0,0.2794,3346,Psychology,Junior,0.4006,0.2593,0.0000
SUB3532,GPTZero,human_written,0,0.5407,4218,Biology,Freshman,0.4760,0.3637,0.1571
SUB3533,Originality.ai,human_written,0,0.0927,1471,Computer Science,Freshman,0.5491,0.3227,0.0000
SUB3534,Turnitin,human_written,0,0.1383,3949,Physics,Freshman,0.4598,0.2794,0.0620
SUB3535,Originality.ai,human_written,0,0.3813,3679,Physics,Senior,0.4440,0.2952,0.0000
SUB3536,Originality.ai,mixed,1,0.5848,3872,Biology,Sophomore,0.3351,0.3184,0.4785
SUB3537,Winston AI,human_written,1,0.8648,1574,Computer Science,Junior,0.6095,0.1708,0.0696
SUB3538,GPTZero,human_written,1,0.2872,2500,Computer Science,Freshman,0.3872,0.3231,0.1712
SUB3539,Copyleaks,mixed,0,0.1634,1471,Biology,Freshman,0.4241,0.4921,0.5231
SUB3540,GPTZero,mixed,1,0.3219,2162,History,Sophomore,0.6344,0.2836,0.4895
SUB3541,Winston AI,mixed,1,0.2220,693,Physics,Sophomore,0.1748,0.1457,0.7033
SUB3542,Winston AI,mixed,1,0.4124,3119,Biology,Sophomore,0.4936,0.2441,0.4279
SUB3543,Turnitin,ai_generated,1,0.3429,4012,Mathematics,Sophomore,0.5409,0.2883,0.9485
SUB3544,Winston AI,human_written,0,0.0493,3751,Computer Science,Freshman,0.4074,0.3025,0.1256
SUB3545,Winston AI,human_written,0,0.3907,2984,English,Senior,0.5426,0.2762,0.1252
SUB3546,Originality.ai,mixed,0,0.6819,4826,English,Senior,0.5982,0.1151,0.1955
SUB3547,Originality.ai,mixed,0,0.5374,979,Biology,Junior,0.4720,0.3653,0.2118
SUB3548,Winston AI,ai_generated,1,0.4263,3246,Mathematics,Senior,0.6189,0.1739,0.8495
SUB3549,GPTZero,human_written,0,0.2686,3542,History,Freshman,0.5402,0.2204,0.1685
SUB3550,GPTZero,ai_generated,0,0.2258,790,Computer Science,Junior,0.5695,0.4035,0.8079
SUB3551,GPTZero,human_written,0,0.4963,3553,Chemistry,Freshman,0.6844,0.5011,0.1879
SUB3552,GPTZero,human_written,0,0.6090,1722,Physics,Junior,0.5001,0.3402,0.1535
SUB3553,Copyleaks,human_written,0,0.2026,3717,Psychology,Freshman,0.4072,0.1405,0.0000
SUB3554,Copyleaks,human_written,0,0.1449,1263,Computer Science,Junior,0.5054,0.3393,0.0000
SUB3555,Turnitin,mixed,1,0.3023,501,History,Graduate,0.3946,0.2182,0.1903
SUB3556,Turnitin,ai_generated,1,0.3906,2036,English,Junior,0.5481,0.4205,0.6779
SUB3557,GPTZero,human_written,0,0.5221,1853,Computer Science,Sophomore,0.5522,0.2049,0.1425
SUB3558,Originality.ai,human_written,0,0.3913,3049,Computer Science,Junior,0.7479,0.1974,0.0000
SUB3559,Turnitin,human_written,0,0.3026,4687,Chemistry,Junior,0.4302,0.2297,0.0978
SUB3560,Copyleaks,mixed,0,0.4864,3254,Physics,Graduate,0.4272,0.3102,0.1346
SUB3561,Turnitin,human_written,0,0.6725,981,History,Sophomore,0.3913,0.1787,0.0574
SUB3562,Copyleaks,human_written,0,0.4820,1585,Biology,Senior,0.1466,0.1706,0.0000
SUB3563,Turnitin,ai_generated,1,0.2279,788,Psychology,Senior,0.4110,0.1827,0.7335
SUB3564,Winston AI,ai_generated,1,0.2598,3656,Computer Science,Freshman,0.5790,0.3350,1.0000
SUB3565,GPTZero,human_written,0,0.8328,1571,Biology,Graduate,0.8293,0.2200,0.1783
SUB3566,Winston AI,ai_generated,0,0.4464,4163,Chemistry,Freshman,0.3906,0.1861,0.8786
SUB3567,Copyleaks,human_written,0,0.2910,539,History,Graduate,0.7067,0.2774,0.0100
SUB3568,GPTZero,ai_generated,1,0.2030,2564,Psychology,Junior,0.5054,0.2054,0.9399
SUB3569,Turnitin,ai_generated,0,0.1608,4282,Psychology,Freshman,0.4242,0.1580,0.5677
SUB3570,Winston AI,human_written,0,0.4373,2922,Biology,Sophomore,0.3042,0.4175,0.1168
SUB3571,Copyleaks,ai_generated,1,0.3946,4111,Mathematics,Sophomore,0.6005,0.1670,0.7873
SUB3572,Turnitin,human_written,0,0.5691,2164,Computer Science,Freshman,0.6107,0.3253,0.0700
SUB3573,Originality.ai,mixed,0,0.3173,4785,English,Senior,0.2753,0.2627,0.1885
SUB3574,GPTZero,mixed,1,0.0899,1279,Physics,Sophomore,0.3579,0.3974,0.5822
SUB3575,GPTZero,human_written,1,0.5528,1396,History,Freshman,0.5485,0.1969,0.1869
SUB3576,Turnitin,mixed,0,0.4249,3165,Biology,Sophomore,0.5565,0.2106,0.3740
SUB3577,Copyleaks,mixed,0,0.1463,709,Chemistry,Senior,0.4874,0.4496,0.4045
SUB3578,Originality.ai,human_written,0,0.7158,4833,Mathematics,Junior,0.6852,0.3986,0.0000
SUB3579,Copyleaks,mixed,1,0.3692,3139,History,Sophomore,0.3759,0.3616,0.4781
SUB3580,Copyleaks,ai_generated,1,0.4105,2750,Computer Science,Freshman,0.4857,0.3880,0.8196
SUB3581,Copyleaks,mixed,0,0.1532,3943,English,Graduate,0.2643,0.5377,0.2189
SUB3582,Copyleaks,human_written,0,0.6274,2226,Physics,Senior,0.5584,0.4562,0.0401
SUB3583,Originality.ai,human_written,0,0.7890,1176,Biology,Graduate,0.5512,0.2299,0.0000
SUB3584,Originality.ai,human_written,0,0.4287,1328,Chemistry,Senior,0.3770,0.3735,0.0383
SUB3585,Copyleaks,human_written,0,0.3498,1800,History,Graduate,0.2717,0.3413,0.0511
SUB3586,Turnitin,mixed,1,0.7330,1786,Chemistry,Senior,0.4831,0.2815,0.3817
SUB3587,Turnitin,human_written,1,0.4477,2263,English,Senior,0.4505,0.3181,0.0300
SUB3588,Copyleaks,ai_generated,1,0.1912,4589,Chemistry,Junior,0.2016,0.5204,0.8289
SUB3589,Winston AI,mixed,0,0.1940,3717,Mathematics,Senior,0.5962,0.1804,0.4638
SUB3590,Originality.ai,human_written,0,0.0716,968,Biology,Junior,0.6300,0.3814,0.0000
SUB3591,Turnitin,ai_generated,1,0.4675,4635,Computer Science,Junior,0.1906,0.1227,0.9701
SUB3592,Winston AI,human_written,1,0.5291,764,English,Senior,0.5112,0.3500,0.1550
SUB3593,Originality.ai,human_written,0,0.3752,2304,Chemistry,Senior,0.4703,0.2298,0.0630
SUB3594,Winston AI,ai_generated,1,0.4392,1462,English,Freshman,0.2109,0.2238,1.0000
SUB3595,Originality.ai,human_written,0,0.2314,4690,History,Sophomore,0.5468,0.4700,0.0000
SUB3596,GPTZero,human_written,0,0.8905,4301,Computer Science,Sophomore,0.3289,0.1486,0.0985
SUB3597,Originality.ai,human_written,0,0.2929,1954,Biology,Sophomore,0.7102,0.4370,0.0135
SUB3598,GPTZero,ai_generated,1,0.1446,2050,Chemistry,Freshman,0.4995,0.3373,0.7474
SUB3599,Turnitin,human_written,0,0.2390,3200,Biology,Freshman,0.6628,0.1322,0.0565
SUB3600,Originality.ai,human_written,0,0.3491,4390,Mathematics,Freshman,0.6233,0.3497,0.0280
SUB3601,GPTZero,ai_generated,1,0.3835,1336,Computer Science,Graduate,0.2528,0.1445,1.0000
SUB3602,GPTZero,human_written,0,0.1585,4706,Biology,Senior,0.7312,0.3788,0.1153
SUB3603,Copyleaks,human_written,1,0.2029,2398,Computer Science,Senior,0.5065,0.3360,0.0502
SUB3604,Originality.ai,ai_generated,1,0.2155,788,Physics,Sophomore,0.3650,0.4641,0.7298
SUB3605,Copyleaks,ai_generated,1,0.6745,4854,Chemistry,Sophomore,0.5304,0.3735,0.9247
SUB3606,Turnitin,ai_generated,1,0.0908,1941,Computer Science,Senior,0.7131,0.2629,0.7469
SUB3607,Winston AI,ai_generated,1,0.4760,2417,English,Senior,0.2767,0.1870,0.8396
SUB3608,Originality.ai,human_written,0,0.5870,2842,Physics,Freshman,0.2382,0.1884,0.0297
SUB3609,Winston AI,mixed,1,0.3622,1643,Biology,Junior,0.6975,0.3840,0.3570
SUB3610,Originality.ai,ai_generated,1,0.4393,3803,Computer Science,Junior,0.6812,0.2977,0.6618
SUB3611,Originality.ai,human_written,0,0.1354,2530,Psychology,Graduate,0.7975,0.3023,0.0000
SUB3612,Copyleaks,mixed,0,0.4745,1727,Computer Science,Sophomore,0.2810,0.3016,0.4191
SUB3613,Turnitin,human_written,0,0.3224,506,Physics,Junior,0.8178,0.3026,0.0826
SUB3614,Winston AI,human_written,0,0.2521,2717,Mathematics,Freshman,0.2978,0.3339,0.1500
SUB3615,Originality.ai,ai_generated,1,0.5293,598,History,Freshman,0.1648,0.2599,0.5932
SUB3616,GPTZero,mixed,1,0.7233,4017,Biology,Sophomore,0.7420,0.1785,0.3769
SUB3617,Winston AI,human_written,1,0.7505,3527,Biology,Sophomore,0.3583,0.3505,0.1552
SUB3618,Copyleaks,human_written,0,0.3238,3633,Mathematics,Senior,0.6733,0.2082,0.0369
SUB3619,GPTZero,ai_generated,1,0.3782,3323,Computer Science,Graduate,0.5408,0.2204,0.8070
SUB3620,Turnitin,ai_generated,1,0.2666,1937,Physics,Freshman,0.4491,0.4575,0.7908
SUB3621,Copyleaks,ai_generated,1,0.2561,4281,Psychology,Junior,0.5341,0.2104,0.9034
SUB3622,Copyleaks,human_written,0,0.3080,2627,Biology,Junior,0.1957,0.3748,0.0228
SUB3623,Copyleaks,human_written,0,0.4881,1402,Computer Science,Freshman,0.6492,0.3882,0.0524
SUB3624,Originality.ai,human_written,0,0.6927,3859,English,Graduate,0.5812,0.3003,0.0000
SUB3625,Turnitin,ai_generated,1,0.0769,992,History,Freshman,0.2684,0.1257,0.8176
SUB3626,Originality.ai,ai_generated,1,0.4324,1965,History,Senior,0.4749,0.1321,0.8804
SUB3627,GPTZero,human_written,0,0.5712,2896,Biology,Sophomore,0.4994,0.2434,0.1940
SUB3628,Copyleaks,mixed,0,0.5618,2214,Chemistry,Freshman,0.6957,0.1954,0.1600
SUB3629,Originality.ai,human_written,0,0.6012,915,Computer Science,Sophomore,0.4489,0.3619,0.0091
SUB3630,Originality.ai,human_written,0,0.2847,3745,Computer Science,Senior,0.4799,0.1870,0.0601
SUB3631,GPTZero,human_written,1,0.6675,3042,Mathematics,Graduate,0.5482,0.2693,0.1687
SUB3632,Originality.ai,ai_generated,1,0.3881,3463,Physics,Freshman,0.5056,0.2010,0.8047
SUB3633,Copyleaks,ai_generated,1,0.0597,2775,Physics,Junior,0.6303,0.2144,0.8766
SUB3634,Copyleaks,ai_generated,1,0.4400,4896,Physics,Junior,0.3946,0.2708,0.8547
SUB3635,Originality.ai,mixed,1,0.2679,712,Mathematics,Freshman,0.5327,0.3855,0.5589
SUB3636,GPTZero,human_written,0,0.3684,2338,Computer Science,Sophomore,0.6014,0.3134,0.1508
SUB3637,Turnitin,human_written,1,0.2372,859,Biology,Sophomore,0.7134,0.2344,0.0793
SUB3638,Winston AI,human_written,1,0.5891,2739,Chemistry,Junior,0.6389,0.2504,0.1571
SUB3639,Originality.ai,ai_generated,1,0.4909,612,Biology,Senior,0.3882,0.1712,0.7315
SUB3640,Winston AI,human_written,0,0.6160,4464,Biology,Graduate,0.4694,0.6547,0.1427
SUB3641,Turnitin,ai_generated,1,0.2377,3045,English,Sophomore,0.3486,0.1838,0.9308
SUB3642,Winston AI,ai_generated,1,0.5949,3889,History,Graduate,0.5201,0.2289,0.9505
SUB3643,Originality.ai,ai_generated,1,0.3581,3235,Physics,Sophomore,0.4948,0.2187,0.9015
SUB3644,Turnitin,human_written,0,0.4106,4486,Computer Science,Junior,0.5212,0.2249,0.0553
SUB3645,GPTZero,human_written,1,0.3670,1815,Psychology,Sophomore,0.8904,0.1328,0.1564
SUB3646,Winston AI,human_written,0,0.2103,1756,Physics,Junior,0.7217,0.3261,0.1260
SUB3647,Winston AI,human_written,0,0.6922,2770,Psychology,Freshman,0.6090,0.5352,0.0748
SUB3648,GPTZero,human_written,0,0.4606,2067,History,Freshman,0.8410,0.4221,0.1721
SUB3649,Winston AI,human_written,0,0.6618,759,Physics,Sophomore,0.4983,0.2555,0.0955
SUB3650,Winston AI,human_written,0,0.6264,4727,Computer Science,Freshman,0.6492,0.1633,0.1185
SUB3651,Originality.ai,human_written,0,0.6435,2482,Psychology,Freshman,0.4973,0.1639,0.0135
SUB3652,Winston AI,mixed,0,0.3157,4458,Biology,Senior,0.3792,0.0740,0.4960
SUB3653,Turnitin,human_written,0,0.6747,3761,Biology,Freshman,0.5186,0.2907,0.0572
SUB3654,Originality.ai,ai_generated,1,0.5561,2203,Psychology,Freshman,0.5527,0.4260,0.9631
SUB3655,Winston AI,human_written,0,0.4475,668,Computer Science,Freshman,0.6898,0.3274,0.1209
SUB3656,Originality.ai,human_written,0,0.3639,3489,Physics,Freshman,0.5439,0.1671,0.0158
SUB3657,GPTZero,mixed,1,0.3377,4159,History,Sophomore,0.5024,0.3182,0.6188
SUB3658,Copyleaks,mixed,1,0.2893,3272,History,Senior,0.6966,0.2473,0.1994
SUB3659,Originality.ai,ai_generated,1,0.4864,3388,History,Graduate,0.4985,0.1791,0.8299
SUB3660,GPTZero,human_written,0,0.5689,577,Physics,Sophomore,0.4618,0.1704,0.1835
SUB3661,Turnitin,human_written,0,0.7293,1264,Chemistry,Freshman,0.3763,0.2831,0.0561
SUB3662,Turnitin,ai_generated,1,0.1292,3943,Chemistry,Senior,0.5286,0.4174,0.8528
SUB3663,Turnitin,human_written,0,0.1426,4945,Physics,Sophomore,0.2270,0.2005,0.0737
SUB3664,Originality.ai,ai_generated,0,0.0706,2891,Computer Science,Junior,0.4343,0.4434,0.7539
SUB3665,GPTZero,human_written,0,0.3241,1093,Computer Science,Graduate,0.6997,0.4735,0.1642
SUB3666,Copyleaks,mixed,0,0.2179,2409,History,Senior,0.6615,0.4346,0.1948
SUB3667,Copyleaks,ai_generated,1,0.5791,2559,History,Graduate,0.5389,0.5155,0.7704
SUB3668,Originality.ai,mixed,1,0.5175,1443,Biology,Sophomore,0.5465,0.3987,0.3172
SUB3669,Copyleaks,ai_generated,1,0.1946,2811,Mathematics,Freshman,0.6975,0.2567,0.9209
SUB3670,Turnitin,ai_generated,1,0.1519,4166,Chemistry,Senior,0.3428,0.3325,1.0000
SUB3671,Winston AI,human_written,0,0.2375,4260,Computer Science,Graduate,0.4901,0.0303,0.1209
SUB3672,Originality.ai,mixed,0,0.2430,2262,Computer Science,Junior,0.3518,0.5191,0.1800
SUB3673,Turnitin,human_written,0,0.1941,4283,Mathematics,Graduate,0.4711,0.4234,0.0082
SUB3674,Originality.ai,human_written,0,0.4003,2451,Physics,Junior,0.6385,0.2964,0.0424
SUB3675,Winston AI,human_written,0,0.7253,546,Biology,Sophomore,0.7274,0.2636,0.1192
SUB3676,GPTZero,human_written,0,0.4648,3526,Psychology,Sophomore,0.4466,0.3904,0.2087
SUB3677,Originality.ai,human_written,0,0.8959,1211,Computer Science,Freshman,0.3096,0.2658,0.0083
SUB3678,Turnitin,ai_generated,1,0.3054,3944,History,Senior,0.4461,0.3842,0.9462
SUB3679,Copyleaks,ai_generated,1,0.2842,2783,English,Freshman,0.5045,0.3680,0.8125
SUB3680,Turnitin,mixed,0,0.6853,2135,Psychology,Senior,0.3158,0.3089,0.3378
SUB3681,Turnitin,human_written,0,0.2277,2110,Chemistry,Senior,0.5468,0.2659,0.1001
SUB3682,Winston AI,ai_generated,1,0.3369,3951,Psychology,Graduate,0.1586,0.2684,1.0000
SUB3683,Originality.ai,mixed,0,0.7485,4907,Chemistry,Graduate,0.6843,0.3204,0.5644
SUB3684,Winston AI,human_written,0,0.4669,3067,Physics,Graduate,0.3211,0.2489,0.0932
SUB3685,Originality.ai,human_written,0,0.7863,2412,Chemistry,Senior,0.5818,0.2969,0.0000
SUB3686,Copyleaks,ai_generated,1,0.0722,1565,English,Junior,0.2624,0.3078,0.8965
SUB3687,Winston AI,human_written,0,0.6435,4465,Computer Science,Senior,0.6235,0.2586,0.1169
SUB3688,GPTZero,mixed,1,0.2878,1502,History,Freshman,0.3947,0.4118,0.4592
SUB3689,Turnitin,mixed,0,0.4112,3421,Physics,Freshman,0.6171,0.1832,0.4568
SUB3690,Turnitin,human_written,0,0.6604,3387,Biology,Senior,0.9232,0.5078,0.0021
SUB3691,Turnitin,mixed,0,0.4828,1200,Biology,Sophomore,0.3782,0.3135,0.3886
SUB3692,Copyleaks,human_written,0,0.5187,1661,Computer Science,Freshman,0.3530,0.3178,0.0233
SUB3693,Turnitin,mixed,1,0.3677,3350,Computer Science,Freshman,0.7008,0.3845,0.2327
SUB3694,Originality.ai,human_written,0,0.2532,1215,Computer Science,Graduate,0.4053,0.1563,0.0174
SUB3695,Originality.ai,mixed,0,0.4218,2171,English,Graduate,0.4512,0.2224,0.4410
SUB3696,Copyleaks,mixed,1,0.8320,1009,Biology,Junior,0.3630,0.3637,0.4078
SUB3697,GPTZero,ai_generated,1,0.5284,512,Computer Science,Graduate,0.5224,0.3759,0.9441
SUB3698,Originality.ai,ai_generated,1,0.3949,2874,Physics,Junior,0.4799,0.0774,0.9128
SUB3699,Winston AI,mixed,0,0.3204,4132,Computer Science,Junior,0.5340,0.4445,0.4577
SUB3700,Copyleaks,mixed,0,0.3378,2893,Chemistry,Freshman,0.3972,0.2056,0.5091
SUB3701,GPTZero,human_written,0,0.3112,1278,Mathematics,Senior,0.4106,0.3369,0.1572
SUB3702,Winston AI,mixed,0,0.6940,4802,Physics,Senior,0.4437,0.1725,0.3428
SUB3703,Originality.ai,ai_generated,1,0.2711,4263,Chemistry,Senior,0.4363,0.3458,0.7333
SUB3704,GPTZero,mixed,0,0.3475,4773,Chemistry,Senior,0.7025,0.4202,0.3327
SUB3705,Turnitin,human_written,0,0.4525,1093,English,Freshman,0.4967,0.4561,0.0956
SUB3706,GPTZero,ai_generated,1,0.6470,2628,Biology,Sophomore,0.5711,0.2087,1.0000
SUB3707,GPTZero,mixed,0,0.6643,1422,Computer Science,Sophomore,0.8121,0.2718,0.4629
SUB3708,Turnitin,human_written,0,0.5550,2365,Chemistry,Senior,0.7962,0.4308,0.0989
SUB3709,Originality.ai,human_written,0,0.4723,2657,Mathematics,Junior,0.6545,0.3046,0.0120
SUB3710,Winston AI,ai_generated,1,0.5609,3076,Psychology,Sophomore,0.5402,0.3653,0.8246
SUB3711,Turnitin,ai_generated,1,0.2897,4355,Computer Science,Junior,0.6829,0.2885,0.9036
SUB3712,Winston AI,mixed,1,0.5746,861,History,Sophomore,0.5644,0.3948,0.5137
SUB3713,Turnitin,human_written,0,0.7796,1567,Chemistry,Junior,0.5267,0.2394,0.0548
SUB3714,Winston AI,ai_generated,1,0.4364,717,Mathematics,Freshman,0.4809,0.3165,0.9967
SUB3715,GPTZero,human_written,0,0.5262,2215,Mathematics,Junior,0.3983,0.1320,0.1162
SUB3716,Originality.ai,human_written,0,0.8629,1094,History,Junior,0.6982,0.5961,0.0425
SUB3717,Turnitin,human_written,0,0.4820,552,Chemistry,Freshman,0.6859,0.2829,0.0382
SUB3718,GPTZero,human_written,0,0.0738,4486,Physics,Senior,0.4393,0.4070,0.1351
SUB3719,GPTZero,human_written,1,0.3607,1033,Chemistry,Freshman,0.4001,0.3499,0.1232
SUB3720,Originality.ai,ai_generated,1,0.7475,1352,English,Senior,0.4882,0.3549,0.8887
SUB3721,Copyleaks,human_written,0,0.3998,3846,Computer Science,Senior,0.5490,0.2119,0.0323
SUB3722,Copyleaks,human_written,0,0.2255,633,Biology,Freshman,0.5603,0.3349,0.0302
SUB3723,Copyleaks,human_written,0,0.1193,4279,History,Freshman,0.4079,0.4684,0.0191
SUB3724,Copyleaks,human_written,0,0.2622,820,Chemistry,Senior,0.1970,0.3591,0.0309
SUB3725,Winston AI,mixed,1,0.1093,2242,History,Graduate,0.6863,0.3029,0.5003
SUB3726,GPTZero,mixed,1,0.7989,2961,Mathematics,Senior,0.6094,0.4230,0.4373
SUB3727,GPTZero,human_written,0,0.5239,868,Psychology,Junior,0.4764,0.1094,0.1830
SUB3728,Copyleaks,mixed,0,0.3802,4820,Biology,Freshman,0.2240,0.3253,0.3907
SUB3729,Copyleaks,mixed,0,0.0916,1296,History,Senior,0.5834,0.2444,0.4173
SUB3730,Winston AI,human_written,0,0.5048,2526,Biology,Graduate,0.5905,0.0610,0.1416
SUB3731,Copyleaks,human_written,0,0.7231,3407,Mathematics,Junior,0.5432,0.3959,0.0070
SUB3732,Winston AI,human_written,0,0.6732,2765,Mathematics,Senior,0.6328,0.4084,0.1694
SUB3733,Originality.ai,ai_generated,1,0.2366,1454,Biology,Sophomore,0.6049,0.3484,0.7703
SUB3734,Winston AI,ai_generated,1,0.2728,4696,Chemistry,Sophomore,0.5018,0.2697,0.8060
SUB3735,GPTZero,ai_generated,1,0.0249,3846,Physics,Freshman,0.4764,0.2623,0.9086
SUB3736,Winston AI,ai_generated,1,0.3482,4332,English,Freshman,0.5475,0.1623,0.9328
SUB3737,Copyleaks,mixed,1,0.3683,2661,Computer Science,Graduate,0.6314,0.3246,0.7322
SUB3738,Originality.ai,human_written,0,0.1132,964,Chemistry,Graduate,0.2994,0.2489,0.0193
SUB3739,GPTZero,human_written,1,0.5506,4814,Computer Science,Senior,0.5202,0.2249,0.2109
SUB3740,Originality.ai,human_written,0,0.0395,4357,Mathematics,Senior,0.6336,0.2719,0.0016
SUB3741,Winston AI,human_written,0,0.4017,3904,English,Freshman,0.6308,0.1859,0.1804
SUB3742,GPTZero,human_written,0,0.2205,3913,Physics,Freshman,0.3772,0.3352,0.1833
SUB3743,GPTZero,mixed,1,0.1593,4100,Physics,Graduate,0.4835,0.4245,0.5304
SUB3744,Originality.ai,human_written,0,0.3295,3424,Chemistry,Senior,0.4138,0.2106,0.0000
SUB3745,Originality.ai,human_written,0,0.3083,4691,Biology,Senior,0.1841,0.2881,0.0000
SUB3746,Winston AI,human_written,0,0.5769,4914,Biology,Junior,0.6195,0.3567,0.1442
SUB3747,Turnitin,mixed,0,0.5652,1006,Biology,Sophomore,0.5792,0.4077,0.2355
SUB3748,Copyleaks,human_written,0,0.3080,1881,Psychology,Graduate,0.7548,0.2752,0.0141
SUB3749,Turnitin,ai_generated,0,0.7200,2649,Mathematics,Freshman,0.5099,0.2914,0.7828
SUB3750,Winston AI,human_written,0,0.1500,2912,English,Sophomore,0.4047,0.2533,0.1478
SUB3751,Winston AI,human_written,0,0.2160,2512,English,Graduate,0.5200,0.2657,0.1152
SUB3752,Copyleaks,human_written,0,0.2835,4282,Physics,Junior,0.6572,0.2418,0.0000
SUB3753,Originality.ai,mixed,1,0.2387,1103,Biology,Freshman,0.3082,0.6258,0.3333
SUB3754,Winston AI,human_written,0,0.1243,4503,Psychology,Freshman,0.1545,0.3591,0.1077
SUB3755,Originality.ai,ai_generated,1,0.3591,1970,Chemistry,Graduate,0.2879,0.3919,0.8012
SUB3756,Winston AI,ai_generated,1,0.3536,623,Computer Science,Sophomore,0.7117,0.3173,0.9201
SUB3757,GPTZero,ai_generated,1,0.6603,2395,Psychology,Freshman,0.4459,0.2230,0.9671
SUB3758,Originality.ai,human_written,0,0.3595,3684,Chemistry,Sophomore,0.3460,0.2681,0.0000
SUB3759,Winston AI,human_written,0,0.3980,4408,Computer Science,Junior,0.3812,0.3216,0.1233
SUB3760,Winston AI,human_written,0,0.0291,4751,Physics,Junior,0.3745,0.3849,0.1106
SUB3761,GPTZero,ai_generated,1,0.2662,4366,Chemistry,Freshman,0.3683,0.3369,1.0000
SUB3762,Originality.ai,ai_generated,0,0.6550,3386,Psychology,Freshman,0.6778,0.3991,0.6829
SUB3763,Copyleaks,ai_generated,1,0.4667,609,Psychology,Freshman,0.6228,0.3168,0.8876
SUB3764,Turnitin,human_written,0,0.5627,3108,Chemistry,Graduate,0.6320,0.4307,0.0018
SUB3765,Originality.ai,mixed,0,0.6374,3453,Biology,Junior,0.7088,0.3170,0.4053
SUB3766,Winston AI,human_written,0,0.5828,893,Biology,Sophomore,0.4606,0.3176,0.1649
SUB3767,Winston AI,human_written,0,0.5716,4301,Physics,Freshman,0.4707,0.2498,0.1029
SUB3768,Originality.ai,ai_generated,0,0.4574,1006,Psychology,Graduate,0.7192,0.1435,0.8576
SUB3769,Winston AI,ai_generated,1,0.1789,4657,History,Sophomore,0.2576,0.3365,0.9738
SUB3770,GPTZero,human_written,0,0.4155,1015,Psychology,Senior,0.5918,0.3569,0.1392
SUB3771,GPTZero,human_written,0,0.4094,548,History,Senior,0.6889,0.2911,0.1375
SUB3772,Winston AI,ai_generated,1,0.6154,1388,Physics,Freshman,0.5293,0.3903,0.8777
SUB3773,GPTZero,ai_generated,1,0.2764,716,English,Junior,0.2526,0.1258,0.9737
SUB3774,Originality.ai,ai_generated,1,0.5934,1405,English,Freshman,0.6213,0.1132,0.7949
SUB3775,Turnitin,ai_generated,1,0.1837,1471,Mathematics,Junior,0.3361,0.3914,0.9349
SUB3776,Winston AI,mixed,1,0.1474,2799,Computer Science,Senior,0.5209,0.3521,0.6321
SUB3777,Copyleaks,human_written,0,0.3691,4080,Chemistry,Graduate,0.4275,0.2965,0.0000
SUB3778,GPTZero,human_written,0,0.3703,1469,Physics,Freshman,0.5514,0.1986,0.1112
SUB3779,Winston AI,ai_generated,1,0.1354,4601,Biology,Junior,0.5178,0.3032,0.8699
SUB3780,Winston AI,human_written,0,0.6266,4638,English,Graduate,0.5751,0.2710,0.1760
SUB3781,Winston AI,human_written,0,0.4443,3262,Chemistry,Freshman,0.5700,0.3932,0.1007
SUB3782,Copyleaks,human_written,0,0.4387,2677,Computer Science,Freshman,0.2152,0.3769,0.0523
SUB3783,GPTZero,ai_generated,0,0.5414,4532,Biology,Graduate,0.6282,0.3282,0.8924
SUB3784,Turnitin,ai_generated,1,0.0364,2932,History,Junior,0.9303,0.3125,0.7501
SUB3785,Originality.ai,human_written,0,0.1981,4093,Mathematics,Sophomore,0.7055,0.1319,0.0094
SUB3786,Winston AI,human_written,0,0.5603,4188,Mathematics,Senior,0.4528,0.2949,0.1277
SUB3787,GPTZero,human_written,0,0.4497,3474,Biology,Senior,0.4603,0.2593,0.1792
SUB3788,Winston AI,human_written,0,0.3955,2096,History,Senior,0.5228,0.4007,0.1485
SUB3789,Winston AI,ai_generated,1,0.0158,4503,Mathematics,Senior,0.8703,0.2865,0.8269
SUB3790,GPTZero,mixed,0,0.1049,1503,Physics,Graduate,0.5993,0.4231,0.6520
SUB3791,Turnitin,ai_generated,1,0.6222,2651,Computer Science,Graduate,0.3212,0.3179,1.0000
SUB3792,GPTZero,human_written,1,0.2095,1778,History,Sophomore,0.5324,0.3110,0.2160
SUB3793,Copyleaks,human_written,0,0.0333,1039,Computer Science,Graduate,0.6541,0.1258,0.0455
SUB3794,Winston AI,mixed,1,0.5143,4456,Biology,Junior,0.4780,0.3015,0.6277
SUB3795,Winston AI,human_written,0,0.2200,1900,Physics,Graduate,0.7006,0.3544,0.1389
SUB3796,Originality.ai,mixed,0,0.2177,3574,English,Sophomore,0.4712,0.3762,0.2175
SUB3797,Originality.ai,human_written,0,0.5431,1324,English,Sophomore,0.7000,0.3007,0.0000
SUB3798,Copyleaks,human_written,0,0.3346,3132,Mathematics,Freshman,0.4446,0.4134,0.0285
SUB3799,GPTZero,mixed,1,0.5564,929,Physics,Freshman,0.4552,0.3027,0.5066
SUB3800,Winston AI,mixed,0,0.5023,2768,English,Senior,0.3352,0.3328,0.6166
SUB3801,Originality.ai,ai_generated,1,0.1133,1342,Biology,Graduate,0.4353,0.3042,0.7367
SUB3802,Copyleaks,mixed,0,0.2086,1000,Computer Science,Graduate,0.6834,0.4247,0.2377
SUB3803,Turnitin,mixed,0,0.2465,1040,Biology,Senior,0.5098,0.2283,0.3213
SUB3804,Winston AI,ai_generated,1,0.9071,4544,Computer Science,Senior,0.7321,0.2484,0.8461
SUB3805,Turnitin,human_written,0,0.6085,2203,English,Graduate,0.4435,0.1237,0.0828
SUB3806,Originality.ai,mixed,0,0.3453,2067,Physics,Sophomore,0.4789,0.5129,0.1686
SUB3807,Turnitin,human_written,0,0.1942,1007,Physics,Senior,0.5199,0.2400,0.0088
SUB3808,Winston AI,ai_generated,1,0.0483,725,Chemistry,Freshman,0.5409,0.4661,0.9510
SUB3809,Copyleaks,human_written,0,0.4493,3197,English,Senior,0.4065,0.3749,0.0344
SUB3810,Turnitin,human_written,0,0.6001,4439,Chemistry,Senior,0.6331,0.1911,0.0165
SUB3811,GPTZero,human_written,0,0.3250,2236,Computer Science,Senior,0.2693,0.3430,0.1079
SUB3812,Winston AI,human_written,0,0.1225,4825,English,Graduate,0.6478,0.3513,0.1096
SUB3813,Originality.ai,human_written,0,0.8511,3832,Psychology,Sophomore,0.7101,0.4222,0.0000
SUB3814,Turnitin,mixed,0,0.4023,1979,Mathematics,Freshman,0.4158,0.1862,0.8247
SUB3815,Originality.ai,human_written,0,0.6750,2362,History,Senior,0.5634,0.2488,0.0100
SUB3816,Copyleaks,human_written,1,0.5873,4501,History,Senior,0.5683,0.3858,0.0328
SUB3817,Copyleaks,ai_generated,1,0.4328,3622,Physics,Senior,0.6074,0.2646,0.9511
SUB3818,Turnitin,human_written,0,0.3027,818,Physics,Sophomore,0.3292,0.1424,0.0228
SUB3819,Turnitin,human_written,0,0.2806,4419,History,Graduate,0.4063,0.3974,0.0512
SUB3820,Winston AI,human_written,0,0.6806,4489,Biology,Senior,0.8455,0.3001,0.1513
SUB3821,Originality.ai,human_written,0,0.1561,929,Psychology,Senior,0.7231,0.3111,0.0598
SUB3822,Copyleaks,human_written,0,0.5274,2278,Biology,Senior,0.5981,0.1215,0.0210
SUB3823,Copyleaks,human_written,0,0.3400,1165,Mathematics,Freshman,0.5189,0.3071,0.0029
SUB3824,Winston AI,mixed,1,0.2671,1742,Computer Science,Sophomore,0.5013,0.4045,0.4555
SUB3825,Originality.ai,human_written,0,0.0880,4073,History,Junior,0.5920,0.1891,0.0140
SUB3826,GPTZero,ai_generated,1,0.3250,4187,Mathematics,Sophomore,0.6140,0.0391,0.8666
SUB3827,Originality.ai,human_written,0,0.5002,3150,Psychology,Freshman,0.3899,0.3092,0.0000
SUB3828,Copyleaks,ai_generated,0,0.1411,2950,Biology,Freshman,0.6206,0.2415,0.7727
SUB3829,GPTZero,human_written,0,0.3846,3087,Mathematics,Sophomore,0.6916,0.2676,0.1362
SUB3830,Winston AI,mixed,1,0.4244,1965,English,Freshman,0.3290,0.2199,0.5044
SUB3831,Originality.ai,human_written,0,0.5640,583,Computer Science,Sophomore,0.4116,0.2373,0.0000
SUB3832,Winston AI,human_written,0,0.5750,2976,History,Graduate,0.5697,0.4111,0.1586
SUB3833,Winston AI,human_written,0,0.3032,798,Chemistry,Sophomore,0.7024,0.3630,0.1189
SUB3834,GPTZero,human_written,0,0.4412,3387,Chemistry,Sophomore,0.4426,0.2555,0.1392
SUB3835,Turnitin,human_written,0,0.3251,1391,Mathematics,Freshman,0.5949,0.4982,0.0299
SUB3836,Winston AI,human_written,0,0.0568,3317,Physics,Senior,0.4859,0.2146,0.1474
SUB3837,GPTZero,mixed,0,0.6630,1644,Mathematics,Graduate,0.5483,0.3614,0.7936
SUB3838,Winston AI,human_written,0,0.1224,2753,English,Freshman,0.3544,0.2060,0.1415
SUB3839,Winston AI,human_written,0,0.3337,4033,Mathematics,Senior,0.3302,0.3886,0.1309
SUB3840,Originality.ai,ai_generated,0,0.5153,4989,Psychology,Sophomore,0.5741,0.2348,0.7009
SUB3841,Turnitin,mixed,1,0.4154,2443,History,Graduate,0.5245,0.2455,0.5115
SUB3842,Winston AI,human_written,0,0.4255,3577,Chemistry,Graduate,0.7157,0.3082,0.1169
SUB3843,Turnitin,ai_generated,0,0.0512,1307,Computer Science,Senior,0.4609,0.3118,0.7311
SUB3844,Winston AI,human_written,0,0.5638,1202,Computer Science,Senior,0.3527,0.3058,0.1477
SUB3845,GPTZero,ai_generated,1,0.4082,4645,History,Sophomore,0.7088,0.1373,0.8949
SUB3846,Turnitin,human_written,0,0.6077,1234,Psychology,Junior,0.5022,0.4539,0.1041
SUB3847,Winston AI,human_written,0,0.3001,1118,Psychology,Freshman,0.4290,0.3439,0.1176
SUB3848,Turnitin,ai_generated,0,0.2613,3112,Mathematics,Sophomore,0.6474,0.1672,0.8909
SUB3849,Copyleaks,human_written,0,0.3807,2979,Physics,Sophomore,0.6536,0.0736,0.0000
SUB3850,Originality.ai,human_written,0,0.1597,2396,Psychology,Freshman,0.4833,0.3067,0.0234
SUB3851,Winston AI,ai_generated,1,0.2328,2748,Chemistry,Freshman,0.7871,0.3286,0.8132
SUB3852,GPTZero,human_written,0,0.2911,2479,Chemistry,Sophomore,0.7108,0.2095,0.1572
SUB3853,GPTZero,mixed,0,0.4814,3648,Chemistry,Graduate,0.4708,0.1873,0.6165
SUB3854,Originality.ai,ai_generated,1,0.3398,2656,Physics,Sophomore,0.3630,0.3331,0.8877
SUB3855,GPTZero,human_written,0,0.1610,1971,Psychology,Sophomore,0.3079,0.3364,0.1100
SUB3856,Originality.ai,human_written,0,0.4331,4456,Chemistry,Graduate,0.5380,0.2237,0.0000
SUB3857,Originality.ai,ai_generated,1,0.1564,2244,English,Junior,0.4609,0.2620,0.8034
SUB3858,Turnitin,mixed,0,0.2638,2774,Mathematics,Freshman,0.3989,0.4007,0.4854
SUB3859,Turnitin,human_written,0,0.1784,2345,Physics,Senior,0.4319,0.2564,0.0708
SUB3860,Copyleaks,human_written,0,0.4762,905,Physics,Graduate,0.2274,0.3285,0.0267
SUB3861,Winston AI,mixed,1,0.4203,4988,English,Sophomore,0.4056,0.2961,0.5829
SUB3862,GPTZero,ai_generated,1,0.2971,2833,Biology,Junior,0.4239,0.3006,1.0000
SUB3863,GPTZero,mixed,0,0.4825,2581,Physics,Senior,0.4886,0.1143,0.4234
SUB3864,GPTZero,human_written,0,0.4286,3696,English,Graduate,0.7386,0.4622,0.1181
SUB3865,GPTZero,mixed,1,0.3959,2653,Biology,Graduate,0.4115,0.0676,0.3791
SUB3866,GPTZero,human_written,0,0.5963,3488,History,Freshman,0.7006,0.2683,0.1289
SUB3867,Winston AI,mixed,0,0.6217,4587,Mathematics,Junior,0.5191,0.4632,0.5015
SUB3868,GPTZero,human_written,0,0.5021,1325,English,Freshman,0.5096,0.1606,0.1114
SUB3869,Copyleaks,mixed,1,0.0860,1120,English,Senior,0.2184,0.2718,0.4674
SUB3870,Originality.ai,human_written,0,0.4054,2644,English,Freshman,0.5808,0.3619,0.0387
SUB3871,Winston AI,human_written,0,0.5175,2973,Biology,Senior,0.3910,0.3814,0.0820
SUB3872,Turnitin,human_written,0,0.6738,3461,History,Freshman,0.2479,0.0444,0.0533
SUB3873,GPTZero,human_written,0,0.3023,1523,Psychology,Graduate,0.5946,0.2424,0.1331
SUB3874,Originality.ai,human_written,0,0.4675,4569,Psychology,Sophomore,0.5072,0.1466,0.0512
SUB3875,Originality.ai,mixed,1,0.7923,658,English,Senior,0.5781,0.3732,0.3200
SUB3876,Copyleaks,ai_generated,1,0.4146,4769,Biology,Junior,0.3756,0.2557,0.6160
SUB3877,Turnitin,ai_generated,1,0.4262,2690,English,Senior,0.4947,0.2900,0.9330
SUB3878,Copyleaks,human_written,0,0.5673,2669,English,Graduate,0.4239,0.2650,0.0199
SUB3879,Originality.ai,mixed,1,0.4578,2062,Psychology,Graduate,0.5041,0.3097,0.5531
SUB3880,Originality.ai,mixed,0,0.6253,3918,History,Graduate,0.4850,0.3915,0.2865
SUB3881,Originality.ai,mixed,1,0.3249,3207,English,Junior,0.3280,0.3253,0.5090
SUB3882,Winston AI,ai_generated,1,0.5539,838,Biology,Senior,0.3981,0.2758,0.7649
SUB3883,Originality.ai,ai_generated,1,0.6229,625,Computer Science,Sophomore,0.4950,0.1817,0.7367
SUB3884,GPTZero,human_written,0,0.2244,2210,Computer Science,Graduate,0.5715,0.1643,0.1939
SUB3885,GPTZero,ai_generated,1,0.3095,1265,Mathematics,Graduate,0.3594,0.2070,0.7583
SUB3886,Winston AI,human_written,0,0.4629,4596,Chemistry,Senior,0.3601,0.3063,0.1275
SUB3887,Copyleaks,ai_generated,0,0.3916,3748,Chemistry,Sophomore,0.7008,0.2965,0.7432
SUB3888,Winston AI,ai_generated,1,0.4786,4062,Mathematics,Graduate,0.0863,0.3640,0.9069
SUB3889,Copyleaks,human_written,0,0.1709,1226,Psychology,Sophomore,0.5805,0.3253,0.0000
SUB3890,Copyleaks,ai_generated,1,0.4318,3429,Mathematics,Senior,0.6797,0.2701,0.8515
SUB3891,Copyleaks,ai_generated,1,0.1471,1581,Biology,Freshman,0.3774,0.1888,0.9303
SUB3892,Originality.ai,ai_generated,0,0.1773,1293,Computer Science,Senior,0.3860,0.4239,0.6653
SUB3893,Turnitin,mixed,0,0.3749,3139,Physics,Senior,0.6640,0.1728,0.1944
SUB3894,Originality.ai,human_written,0,0.5419,3889,Biology,Freshman,0.7351,0.1805,0.0000
SUB3895,Turnitin,ai_generated,0,0.8041,3501,Biology,Graduate,0.5516,0.3729,0.8692
SUB3896,Copyleaks,human_written,0,0.0373,4886,History,Junior,0.8252,0.4072,0.0000
SUB3897,Originality.ai,human_written,0,0.6459,951,Chemistry,Freshman,0.5372,0.2252,0.0103
SUB3898,Turnitin,ai_generated,1,0.1196,1290,Mathematics,Sophomore,0.4603,0.2244,0.9332
SUB3899,Copyleaks,ai_generated,1,0.3930,3289,Computer Science,Senior,0.4684,0.1809,0.8433
SUB3900,Winston AI,human_written,1,0.1814,3878,Psychology,Senior,0.7356,0.0605,0.1166
SUB3901,Turnitin,human_written,0,0.3284,4921,Physics,Junior,0.6008,0.1190,0.0310
SUB3902,GPTZero,human_written,1,0.0670,4631,History,Junior,0.3990,0.1940,0.1557
SUB3903,GPTZero,human_written,0,0.4960,2924,Chemistry,Freshman,0.8064,0.2323,0.1445
SUB3904,Copyleaks,mixed,1,0.2257,3227,History,Graduate,0.6297,0.2501,0.4323
SUB3905,Copyleaks,human_written,0,0.3507,4389,Physics,Freshman,0.4128,0.2464,0.0000
SUB3906,Turnitin,mixed,1,0.4338,4851,Mathematics,Sophomore,0.5799,0.3437,0.5919
SUB3907,Turnitin,human_written,0,0.4387,3233,Physics,Sophomore,0.7698,0.3654,0.0323
SUB3908,Winston AI,human_written,1,0.3780,4642,Computer Science,Junior,0.3883,0.2432,0.1571
SUB3909,Turnitin,mixed,1,0.4310,4285,Physics,Sophomore,0.5541,0.0000,0.4338
SUB3910,Copyleaks,human_written,0,0.2343,2279,Chemistry,Freshman,0.4554,0.3132,0.0000
SUB3911,Copyleaks,human_written,0,0.3096,4517,Biology,Junior,0.5281,0.2465,0.0148
SUB3912,GPTZero,mixed,1,0.4159,4981,Physics,Sophomore,0.5701,0.1998,0.4518
SUB3913,GPTZero,ai_generated,0,0.1830,3852,Chemistry,Senior,0.5071,0.3448,0.9585
SUB3914,Winston AI,ai_generated,1,0.3974,3719,History,Graduate,0.4474,0.2922,1.0000
SUB3915,Originality.ai,ai_generated,1,0.3430,3894,Psychology,Senior,0.2721,0.4303,0.7848
SUB3916,GPTZero,ai_generated,1,0.1509,2252,Physics,Freshman,0.5955,0.4270,0.8822
SUB3917,Copyleaks,ai_generated,0,0.0805,3725,Psychology,Freshman,0.2211,0.3463,0.8839
SUB3918,Winston AI,human_written,0,0.6975,1208,Computer Science,Sophomore,0.5660,0.2241,0.1649
SUB3919,Copyleaks,human_written,0,0.2106,2408,History,Senior,0.4096,0.3542,0.0411
SUB3920,Copyleaks,human_written,0,0.6645,1572,Biology,Sophomore,0.4956,0.3150,0.0445
SUB3921,Originality.ai,mixed,0,0.5954,3243,English,Graduate,0.6651,0.1827,0.1693
SUB3922,Winston AI,ai_generated,1,0.1602,3888,Computer Science,Freshman,0.4198,0.2274,0.9080
SUB3923,Copyleaks,human_written,0,0.3775,531,Biology,Freshman,0.6136,0.4394,0.0073
SUB3924,Winston AI,human_written,0,0.4204,854,English,Sophomore,0.5835,0.3822,0.1118
SUB3925,Copyleaks,ai_generated,0,0.1625,2564,Psychology,Junior,0.6838,0.2089,0.8743
SUB3926,Winston AI,ai_generated,1,0.4069,1234,Chemistry,Sophomore,0.5140,0.0330,0.8926
SUB3927,Originality.ai,mixed,0,0.4605,2533,Physics,Graduate,0.4891,0.5413,0.1514
SUB3928,Winston AI,mixed,0,0.4115,3449,Physics,Junior,0.5507,0.5373,0.4288
SUB3929,Turnitin,human_written,0,0.5398,4253,Mathematics,Junior,0.4608,0.2590,0.0655
SUB3930,Originality.ai,mixed,0,0.2677,547,Physics,Sophomore,0.4462,0.2541,0.1848
SUB3931,GPTZero,human_written,1,0.2525,4016,Psychology,Junior,0.5565,0.3287,0.1450
SUB3932,Originality.ai,mixed,1,0.1850,4212,History,Sophomore,0.7145,0.4177,0.3274
SUB3933,Winston AI,human_written,0,0.3075,2509,Mathematics,Senior,0.6276,0.2804,0.0994
SUB3934,Copyleaks,mixed,0,0.6318,3182,Chemistry,Freshman,0.4299,0.3024,0.2293
SUB3935,Winston AI,human_written,0,0.1615,2233,Biology,Senior,0.6035,0.3203,0.1174
SUB3936,Turnitin,human_written,0,0.3567,914,Chemistry,Graduate,0.3426,0.3086,0.0000
SUB3937,Copyleaks,human_written,0,0.4008,2485,Chemistry,Graduate,0.5247,0.3408,0.0626
SUB3938,Originality.ai,ai_generated,1,0.7687,4121,Physics,Freshman,0.3933,0.3351,0.7075
SUB3939,Turnitin,ai_generated,1,0.3541,802,Psychology,Sophomore,0.7479,0.3727,0.7526
SUB3940,Copyleaks,ai_generated,1,0.4656,1598,History,Freshman,0.6003,0.3506,0.8786
SUB3941,Turnitin,mixed,1,0.2179,2135,English,Freshman,0.4118,0.1332,0.5382
SUB3942,Turnitin,ai_generated,1,0.3241,1660,English,Graduate,0.7375,0.4782,0.7579
SUB3943,Turnitin,ai_generated,1,0.7268,3569,Psychology,Senior,0.5270,0.3387,0.7947
SUB3944,Winston AI,human_written,0,0.4346,816,Psychology,Graduate,0.4898,0.3345,0.1131
SUB3945,Originality.ai,human_written,0,0.2378,4126,Computer Science,Junior,0.5599,0.1984,0.0228
SUB3946,Copyleaks,human_written,0,0.4864,922,Computer Science,Graduate,0.6687,0.1262,0.0262
SUB3947,Originality.ai,human_written,0,0.5519,1064,Mathematics,Sophomore,0.5697,0.3868,0.0000
SUB3948,Originality.ai,human_written,0,0.5013,3611,History,Graduate,0.3222,0.4720,0.0091
SUB3949,Originality.ai,human_written,0,0.2707,1469,Biology,Freshman,0.6428,0.3774,0.0416
SUB3950,Copyleaks,ai_generated,1,0.5865,1778,History,Freshman,0.4529,0.4087,0.8037
SUB3951,Copyleaks,ai_generated,1,0.6865,4518,Computer Science,Graduate,0.5936,0.2925,0.7663
SUB3952,Copyleaks,ai_generated,1,0.7752,2622,Biology,Senior,0.4934,0.3474,0.7983
SUB3953,Originality.ai,human_written,0,0.4422,2379,Psychology,Freshman,0.3680,0.2211,0.0000
SUB3954,Turnitin,mixed,1,0.8121,3725,Physics,Sophomore,0.6204,0.0854,0.3806
SUB3955,GPTZero,human_written,1,0.2419,1586,Chemistry,Senior,0.4415,0.1541,0.1496
SUB3956,Copyleaks,ai_generated,1,0.2500,705,Biology,Sophomore,0.5691,0.1401,0.9418
SUB3957,Copyleaks,human_written,0,0.7295,1337,History,Graduate,0.2162,0.3792,0.0551
SUB3958,Turnitin,mixed,1,0.3793,4146,Psychology,Freshman,0.4273,0.1698,0.6788
SUB3959,GPTZero,ai_generated,1,0.3544,1611,English,Freshman,0.5241,0.2494,1.0000
SUB3960,Winston AI,ai_generated,1,0.3520,948,Chemistry,Graduate,0.5277,0.2830,0.8914
SUB3961,Originality.ai,human_written,0,0.5577,3490,History,Graduate,0.5941,0.3303,0.0000
SUB3962,Originality.ai,human_written,0,0.6016,3659,Chemistry,Graduate,0.6723,0.1612,0.0000
SUB3963,Turnitin,human_written,0,0.1813,3864,Computer Science,Graduate,0.4016,0.4714,0.0488
SUB3964,Turnitin,ai_generated,1,0.6513,4587,English,Freshman,0.2903,0.4165,0.9501
SUB3965,GPTZero,human_written,0,0.4274,3029,Mathematics,Sophomore,0.4514,0.2209,0.1581
SUB3966,Winston AI,mixed,1,0.6183,3845,Psychology,Graduate,0.6671,0.5036,0.5989
SUB3967,GPTZero,ai_generated,1,0.3862,3663,Computer Science,Sophomore,0.2830,0.4121,0.8696
SUB3968,Originality.ai,mixed,0,0.4680,1167,Biology,Freshman,0.3343,0.1680,0.3910
SUB3969,Copyleaks,ai_generated,1,0.8770,2341,Computer Science,Graduate,0.5592,0.1486,0.7207
SUB3970,GPTZero,human_written,1,0.4685,3664,Biology,Sophomore,0.4810,0.4635,0.1119
SUB3971,Copyleaks,human_written,0,0.7961,2277,History,Freshman,0.4321,0.1458,0.0028
SUB3972,Copyleaks,ai_generated,1,0.1798,1804,Computer Science,Graduate,0.4771,0.3052,0.9147
SUB3973,Winston AI,human_written,1,0.3632,3728,Computer Science,Senior,0.5734,0.3264,0.1581
SUB3974,Winston AI,human_written,0,0.3774,3688,Physics,Senior,0.4147,0.4602,0.1409
SUB3975,GPTZero,ai_generated,1,0.1146,2331,Computer Science,Junior,0.4082,0.1841,0.8195
SUB3976,GPTZero,mixed,0,0.4523,3469,Psychology,Freshman,0.6520,0.3754,0.5704
SUB3977,Originality.ai,ai_generated,1,0.1174,2395,Biology,Senior,0.6724,0.2631,0.7950
SUB3978,Copyleaks,ai_generated,1,0.1508,587,Psychology,Freshman,0.4790,0.2068,0.8716
SUB3979,Turnitin,human_written,0,0.4256,1938,History,Senior,0.6050,0.3837,0.0757
SUB3980,GPTZero,ai_generated,1,0.5033,4826,Chemistry,Junior,0.4989,0.3558,0.8075
SUB3981,Copyleaks,mixed,1,0.1579,2544,Psychology,Junior,0.6001,0.1315,0.6194
SUB3982,Copyleaks,ai_generated,1,0.5844,1049,Mathematics,Junior,0.4860,0.4551,0.8790
SUB3983,Turnitin,ai_generated,1,0.6871,2368,Computer Science,Junior,0.2903,0.2537,0.8480
SUB3984,Originality.ai,mixed,1,0.2749,3426,Psychology,Graduate,0.6381,0.3722,0.5826
SUB3985,Copyleaks,human_written,0,0.6369,2590,Chemistry,Junior,0.3819,0.3989,0.0361
SUB3986,Copyleaks,human_written,0,0.4591,2333,Chemistry,Graduate,0.3199,0.4959,0.0113
SUB3987,Originality.ai,ai_generated,0,0.4980,1170,Physics,Senior,0.5546,0.1875,0.7706
SUB3988,Copyleaks,human_written,0,0.4988,1566,History,Graduate,0.4169,0.1440,0.0574
SUB3989,Winston AI,ai_generated,1,0.6808,699,Psychology,Sophomore,0.7158,0.1084,0.8175
SUB3990,Turnitin,human_written,0,0.6511,3509,Biology,Sophomore,0.4377,0.3210,0.0502
SUB3991,Copyleaks,mixed,0,0.6960,4992,Psychology,Graduate,0.4645,0.1998,0.3280
SUB3992,Copyleaks,ai_generated,1,0.5827,1281,English,Freshman,0.3845,0.2759,0.9278
SUB3993,Winston AI,human_written,0,0.4878,1520,English,Sophomore,0.2341,0.3476,0.0864
SUB3994,Originality.ai,mixed,0,0.0806,3680,Mathematics,Graduate,0.2843,0.1919,0.1554
SUB3995,Originality.ai,ai_generated,1,0.2764,1936,Computer Science,Sophomore,0.3174,0.3471,0.7921
SUB3996,Originality.ai,human_written,0,0.5348,2167,Physics,Junior,0.2136,0.3511,0.0614
SUB3997,Copyleaks,ai_generated,0,0.6294,2379,History,Sophomore,0.2478,0.1786,0.7945
SUB3998,GPTZero,human_written,0,0.2674,2542,Chemistry,Junior,0.7883,0.4296,0.1211
SUB3999,Originality.ai,human_written,0,0.1945,1526,Computer Science,Senior,0.5264,0.1765,0.0170
SUB4000,Originality.ai,ai_generated,1,0.2300,888,Psychology,Freshman,0.7039,0.2754,0.8680
SUB4001,Turnitin,human_written,0,0.2117,2199,Physics,Graduate,0.4995,0.4585,0.0285
SUB4002,Winston AI,human_written,0,0.2808,662,Mathematics,Graduate,0.4091,0.2498,0.1369
SUB4003,Originality.ai,human_written,0,0.3329,954,English,Freshman,0.2687,0.1891,0.0000
SUB4004,Originality.ai,human_written,0,0.5664,2661,Chemistry,Freshman,0.7497,0.5062,0.0064
SUB4005,Originality.ai,human_written,0,0.3461,4987,English,Graduate,0.5580,0.3263,0.0000
SUB4006,Copyleaks,human_written,0,0.5502,1043,Physics,Graduate,0.4037,0.3439,0.0093
SUB4007,GPTZero,ai_generated,1,0.1948,2470,Computer Science,Junior,0.5666,0.2020,0.9814
SUB4008,Turnitin,mixed,0,0.4708,3859,Chemistry,Junior,0.4697,0.2531,0.2900
SUB4009,Originality.ai,human_written,0,0.5716,508,Physics,Senior,0.5912,0.2713,0.0159
SUB4010,Originality.ai,human_written,0,0.7121,2294,Mathematics,Senior,0.1727,0.3138,0.0000
SUB4011,Turnitin,mixed,1,0.3512,3104,Mathematics,Graduate,0.4947,0.4708,0.2537
SUB4012,Winston AI,ai_generated,1,0.2689,3591,Biology,Sophomore,0.3867,0.3158,0.7390
SUB4013,Turnitin,mixed,1,0.7234,4817,Computer Science,Senior,0.5802,0.2256,0.3249
SUB4014,Winston AI,human_written,0,0.6030,3357,Chemistry,Freshman,0.4862,0.3591,0.1369
SUB4015,Originality.ai,human_written,0,0.5415,1691,Physics,Junior,0.5241,0.4110,0.0000
SUB4016,Winston AI,human_written,0,0.4456,2206,Chemistry,Junior,0.5581,0.1499,0.2124
SUB4017,GPTZero,ai_generated,1,0.3551,1884,Psychology,Junior,0.3046,0.2996,0.9432
SUB4018,Copyleaks,human_written,0,0.5650,1331,History,Freshman,0.5149,0.3587,0.0502
SUB4019,Winston AI,mixed,1,0.5047,3999,Chemistry,Senior,0.8051,0.1751,0.3056
SUB4020,Copyleaks,human_written,0,0.5381,2396,English,Graduate,0.6344,0.3017,0.0498
SUB4021,GPTZero,human_written,1,0.3880,3784,History,Junior,0.4195,0.2220,0.1879
SUB4022,Turnitin,human_written,0,0.4129,3811,Chemistry,Graduate,0.5216,0.2855,0.0550
SUB4023,Copyleaks,ai_generated,1,0.2608,1627,Computer Science,Junior,0.3660,0.1395,0.9580
SUB4024,Originality.ai,mixed,0,0.3940,1860,Psychology,Senior,0.5654,0.2745,0.3957
SUB4025,GPTZero,human_written,0,0.4682,704,Physics,Graduate,0.4569,0.3653,0.2238
SUB4026,Copyleaks,ai_generated,1,0.3756,3106,English,Sophomore,0.5439,0.5248,0.8707
SUB4027,Copyleaks,human_written,0,0.2867,1556,Chemistry,Junior,0.3809,0.4764,0.0000
SUB4028,GPTZero,human_written,0,0.4027,4505,Physics,Sophomore,0.2089,0.4006,0.1381
SUB4029,Winston AI,ai_generated,1,0.4065,3809,Psychology,Sophomore,0.4958,0.4227,0.9799
SUB4030,Originality.ai,mixed,1,0.6442,1922,History,Junior,0.4797,0.2158,0.5160
SUB4031,Copyleaks,human_written,0,0.5597,4509,English,Junior,0.4166,0.2187,0.0000
SUB4032,Winston AI,human_written,0,0.1776,2843,Physics,Junior,0.3778,0.3443,0.1051
SUB4033,GPTZero,human_written,0,0.1747,4303,Biology,Freshman,0.7322,0.1799,0.1595
SUB4034,Originality.ai,human_written,0,0.2375,1043,Psychology,Senior,0.6220,0.3487,0.0000
SUB4035,Copyleaks,ai_generated,1,0.4542,1985,Mathematics,Freshman,0.2330,0.4657,0.8275
SUB4036,Winston AI,mixed,0,0.4529,2276,Mathematics,Freshman,0.6850,0.2224,0.2495
SUB4037,Turnitin,mixed,0,0.2608,3559,English,Sophomore,0.4729,0.2112,0.3518
SUB4038,Winston AI,human_written,0,0.0519,4046,Mathematics,Junior,0.5379,0.2939,0.1351
SUB4039,Originality.ai,human_written,0,0.3120,2582,English,Sophomore,0.4971,0.2684,0.0219
SUB4040,Winston AI,human_written,0,0.0729,3507,Chemistry,Freshman,0.5763,0.2412,0.1683
SUB4041,Turnitin,human_written,1,0.6649,4268,Computer Science,Graduate,0.5023,0.3332,0.0374
SUB4042,Winston AI,mixed,1,0.5908,1635,Psychology,Graduate,0.3998,0.4260,0.7696
SUB4043,Copyleaks,mixed,0,0.4677,2940,Biology,Freshman,0.4465,0.3520,0.3490
SUB4044,Winston AI,human_written,0,0.5637,1464,Mathematics,Senior,0.4758,0.2143,0.1334
SUB4045,Turnitin,mixed,1,0.6293,4181,Mathematics,Sophomore,0.5453,0.3797,0.3296
SUB4046,GPTZero,mixed,1,0.3596,2309,Physics,Junior,0.4634,0.2960,0.9032
SUB4047,Turnitin,human_written,0,0.3470,2577,Chemistry,Graduate,0.6772,0.2238,0.0935
SUB4048,GPTZero,human_written,1,0.5215,599,Chemistry,Junior,0.3955,0.2995,0.1712
SUB4049,Originality.ai,ai_generated,1,0.4462,3815,Computer Science,Freshman,0.5360,0.0923,0.9132
SUB4050,Turnitin,ai_generated,1,0.7523,4819,Mathematics,Freshman,0.6576,0.3502,0.7673
SUB4051,Copyleaks,human_written,0,0.6102,3096,History,Senior,0.2593,0.5209,0.0056
SUB4052,GPTZero,human_written,0,0.2165,520,Mathematics,Senior,0.4773,0.4336,0.1116
SUB4053,Winston AI,ai_generated,1,0.6573,2098,Mathematics,Freshman,0.5322,0.1743,1.0000
SUB4054,GPTZero,mixed,0,0.5065,1850,Mathematics,Freshman,0.7732,0.2076,0.2913
SUB4055,Winston AI,mixed,1,0.8919,1041,History,Freshman,0.4073,0.3004,0.4317
SUB4056,Copyleaks,mixed,1,0.2864,2458,Mathematics,Senior,0.3989,0.1874,0.4362
SUB4057,Winston AI,ai_generated,1,0.4104,2244,Chemistry,Graduate,0.5520,0.2159,0.7651
SUB4058,Winston AI,ai_generated,1,0.6723,1145,Psychology,Sophomore,0.5058,0.3606,1.0000
SUB4059,Copyleaks,ai_generated,1,0.3457,3735,Biology,Graduate,0.2503,0.4559,0.7357
SUB4060,Originality.ai,ai_generated,1,0.5660,3864,Mathematics,Senior,0.7245,0.1799,0.7998
SUB4061,Originality.ai,mixed,1,0.6247,4547,English,Junior,0.4375,0.4168,0.3286
SUB4062,GPTZero,human_written,0,0.4955,1279,Physics,Junior,0.7256,0.3049,0.0843
SUB4063,GPTZero,ai_generated,1,0.5346,3676,Physics,Sophomore,0.5884,0.3811,0.8637
SUB4064,Originality.ai,ai_generated,1,0.2937,1240,Chemistry,Sophomore,0.5900,0.4938,0.8420
SUB4065,Turnitin,human_written,0,0.4640,2788,Psychology,Sophomore,0.2578,0.1610,0.0751
SUB4066,Copyleaks,mixed,0,0.6998,3657,Mathematics,Sophomore,0.2521,0.2166,0.4000
SUB4067,GPTZero,human_written,1,0.0797,1229,English,Senior,0.5413,0.2344,0.1344
SUB4068,GPTZero,ai_generated,1,0.2091,1452,Mathematics,Freshman,0.4961,0.2122,0.9989
SUB4069,Winston AI,mixed,0,0.1434,3399,Computer Science,Senior,0.5154,0.4059,0.0788
SUB4070,Winston AI,ai_generated,1,0.1936,3655,Computer Science,Freshman,0.5359,0.3192,0.9750
SUB4071,GPTZero,human_written,0,0.2686,3795,Psychology,Sophomore,0.4493,0.4273,0.1302
SUB4072,Originality.ai,human_written,0,0.3746,2446,Psychology,Senior,0.4778,0.2486,0.0000
SUB4073,Originality.ai,human_written,0,0.1232,3549,English,Graduate,0.5638,0.2111,0.0196
SUB4074,Winston AI,ai_generated,0,0.4703,1561,Mathematics,Freshman,0.2796,0.3889,0.8656
SUB4075,Turnitin,human_written,0,0.1217,2615,Computer Science,Graduate,0.7713,0.4548,0.0505
SUB4076,Turnitin,human_written,0,0.3291,503,Computer Science,Senior,0.6841,0.1716,0.0303
SUB4077,Originality.ai,ai_generated,1,0.5698,571,Mathematics,Senior,0.5914,0.2734,0.8001
SUB4078,Originality.ai,human_written,0,0.5096,807,Mathematics,Sophomore,0.5368,0.2191,0.0548
SUB4079,GPTZero,human_written,0,0.8438,4231,History,Junior,0.6293,0.2191,0.1661
SUB4080,GPTZero,human_written,0,0.6110,1481,Psychology,Senior,0.2891,0.3381,0.1585
SUB4081,GPTZero,ai_generated,1,0.4848,2489,Computer Science,Senior,0.5455,0.1735,1.0000
SUB4082,GPTZero,ai_generated,1,0.3341,4203,Physics,Graduate,0.4575,0.2800,1.0000
SUB4083,Turnitin,ai_generated,1,0.4345,2072,History,Freshman,0.1853,0.3893,0.9792
SUB4084,Turnitin,human_written,0,0.1089,599,Chemistry,Graduate,0.3988,0.4292,0.0479
SUB4085,Turnitin,human_written,0,0.4833,2145,Biology,Junior,0.6723,0.1854,0.0496
SUB4086,Winston AI,human_written,0,0.0575,3397,Psychology,Graduate,0.3210,0.3221,0.1420
SUB4087,Winston AI,mixed,1,0.8028,2374,English,Senior,0.2928,0.3682,0.8330
SUB4088,Copyleaks,human_written,0,0.3585,2735,History,Sophomore,0.7090,0.2080,0.0000
SUB4089,Turnitin,ai_generated,1,0.3900,2523,Chemistry,Junior,0.5549,0.4133,0.7767
SUB4090,Winston AI,mixed,0,0.7769,4659,Physics,Graduate,0.5260,0.1622,0.5686
SUB4091,Turnitin,human_written,0,0.2914,4560,History,Graduate,0.3414,0.4634,0.0314
SUB4092,Winston AI,human_written,0,0.3263,2612,Physics,Freshman,0.6016,0.2043,0.1023
SUB4093,Winston AI,ai_generated,1,0.1806,1278,Biology,Junior,0.4051,0.4673,1.0000
SUB4094,Copyleaks,mixed,0,0.2706,4037,Psychology,Graduate,0.5373,0.4550,0.3629
SUB4095,Winston AI,human_written,0,0.7916,2343,Biology,Graduate,0.2694,0.2610,0.1244
SUB4096,Copyleaks,mixed,0,0.3720,4709,English,Senior,0.5099,0.2749,0.3397
SUB4097,Turnitin,human_written,0,0.5493,3724,Psychology,Sophomore,0.2926,0.3328,0.0000
SUB4098,Winston AI,human_written,1,0.4945,4548,Psychology,Sophomore,0.4431,0.1602,0.1807
SUB4099,Winston AI,human_written,0,0.5825,3874,Chemistry,Graduate,0.7722,0.3313,0.1232
SUB4100,GPTZero,ai_generated,1,0.7408,1099,Computer Science,Sophomore,0.3105,0.4933,0.8547
SUB4101,GPTZero,ai_generated,1,0.2810,759,Biology,Sophomore,0.6452,0.2402,0.8637
SUB4102,Originality.ai,human_written,0,0.2287,4291,Computer Science,Senior,0.5538,0.2438,0.0099
SUB4103,Originality.ai,human_written,0,0.1793,3961,Biology,Junior,0.2800,0.3130,0.0000
SUB4104,Turnitin,ai_generated,1,0.6868,4664,Psychology,Freshman,0.5757,0.1749,0.9564
SUB4105,Winston AI,ai_generated,1,0.2842,580,English,Graduate,0.6571,0.4343,0.8925
SUB4106,Winston AI,ai_generated,1,0.5218,4316,Computer Science,Graduate,0.4466,0.3963,0.8825
SUB4107,Copyleaks,human_written,0,0.2855,1106,Physics,Junior,0.4069,0.1492,0.0459
SUB4108,Originality.ai,human_written,0,0.4031,3272,Computer Science,Senior,0.4230,0.2572,0.0405
SUB4109,Copyleaks,human_written,0,0.3823,593,Computer Science,Senior,0.4552,0.2929,0.0000
SUB4110,Originality.ai,mixed,1,0.5446,4400,English,Junior,0.5390,0.3177,0.2190
SUB4111,Winston AI,human_written,0,0.3175,2131,Biology,Senior,0.7602,0.2404,0.1118
SUB4112,Originality.ai,human_written,0,0.1910,4329,Mathematics,Junior,0.7944,0.2896,0.0000
SUB4113,Winston AI,human_written,0,0.6223,3100,Computer Science,Senior,0.3455,0.2425,0.1074
SUB4114,GPTZero,mixed,1,0.8491,3296,Mathematics,Junior,0.8416,0.2624,0.5245
SUB4115,Copyleaks,mixed,0,0.5668,4890,Psychology,Graduate,0.5038,0.1136,0.2158
SUB4116,GPTZero,mixed,1,0.2957,679,Psychology,Junior,0.5565,0.0440,0.5438
SUB4117,Copyleaks,human_written,0,0.6188,4075,Chemistry,Freshman,0.4569,0.3362,0.0312
SUB4118,Winston AI,human_written,0,0.3028,721,Computer Science,Graduate,0.7020,0.4292,0.1126
SUB4119,Turnitin,human_written,0,0.7603,3324,Physics,Graduate,0.5884,0.2636,0.0121
SUB4120,Copyleaks,ai_generated,1,0.3641,2282,Chemistry,Senior,0.4648,0.3429,0.8507
SUB4121,Originality.ai,ai_generated,0,0.3795,4975,English,Freshman,0.5881,0.2295,0.7533
SUB4122,GPTZero,ai_generated,1,0.2145,861,Psychology,Sophomore,0.7681,0.1698,0.9874
SUB4123,Winston AI,human_written,0,0.3552,4471,Chemistry,Senior,0.4281,0.2782,0.1054
SUB4124,Originality.ai,ai_generated,1,0.1172,2960,English,Junior,0.5877,0.3275,0.7674
SUB4125,Turnitin,human_written,0,0.3717,1396,English,Sophomore,0.4754,0.3550,0.0544
SUB4126,Originality.ai,human_written,0,0.4592,3590,Computer Science,Freshman,0.6673,0.4024,0.0580
SUB4127,GPTZero,mixed,0,0.3035,4034,English,Graduate,0.9970,0.1509,0.4033
SUB4128,Turnitin,human_written,0,0.5372,2946,Physics,Graduate,0.6471,0.2081,0.0179
SUB4129,Copyleaks,human_written,0,0.7964,4499,History,Sophomore,0.6192,0.2640,0.0478
SUB4130,GPTZero,ai_generated,1,0.4003,3200,Biology,Graduate,0.6127,0.2924,1.0000
SUB4131,Turnitin,mixed,1,0.2342,2034,Physics,Junior,0.4279,0.4060,0.5879
SUB4132,Originality.ai,human_written,0,0.9728,3118,History,Sophomore,0.3545,0.2612,0.0000
SUB4133,Turnitin,ai_generated,1,0.2246,3574,Chemistry,Sophomore,0.5391,0.3487,0.8789
SUB4134,GPTZero,human_written,0,0.3032,2491,Psychology,Graduate,0.4280,0.3342,0.1922
SUB4135,GPTZero,ai_generated,1,0.5256,1455,English,Graduate,0.3797,0.3973,0.9497
SUB4136,Copyleaks,human_written,0,0.5097,1464,Psychology,Sophomore,0.4610,0.1041,0.0338
SUB4137,Originality.ai,human_written,0,0.7172,2550,Physics,Junior,0.5005,0.1629,0.0077
SUB4138,Originality.ai,mixed,0,0.2470,590,Biology,Freshman,0.6809,0.3814,0.2350
SUB4139,GPTZero,ai_generated,1,0.2832,4568,Mathematics,Freshman,0.4572,0.3532,0.9393
SUB4140,Turnitin,human_written,0,0.0956,4645,Chemistry,Freshman,0.7756,0.3166,0.0279
SUB4141,Winston AI,ai_generated,1,0.2611,650,Chemistry,Junior,0.6408,0.0739,0.8407
SUB4142,Copyleaks,ai_generated,1,0.7708,1403,English,Freshman,0.4037,0.1709,0.8127
SUB4143,Originality.ai,ai_generated,1,0.5679,4171,Computer Science,Junior,0.4006,0.4721,0.8268
SUB4144,Originality.ai,mixed,0,0.0799,4124,History,Junior,0.5396,0.4218,0.2436
SUB4145,Winston AI,human_written,0,0.3203,4497,History,Freshman,0.5640,0.3789,0.1510
SUB4146,Originality.ai,mixed,0,0.6316,1269,Physics,Junior,0.4492,0.3710,0.2602
SUB4147,Copyleaks,human_written,0,0.5218,1648,Physics,Junior,0.6743,0.2405,0.0384
SUB4148,Winston AI,mixed,1,0.5307,2847,English,Junior,0.3547,0.2328,0.5267
SUB4149,GPTZero,mixed,1,0.2293,1893,History,Junior,0.2949,0.1287,0.4632
SUB4150,Winston AI,human_written,0,0.3763,4958,Mathematics,Sophomore,0.4636,0.2893,0.1212
SUB4151,Winston AI,human_written,0,0.2616,4495,Physics,Senior,0.5959,0.2504,0.1144
SUB4152,Copyleaks,human_written,0,0.5068,2226,Chemistry,Senior,0.5801,0.2744,0.0022
SUB4153,Turnitin,human_written,0,0.6222,3445,English,Sophomore,0.4976,0.3183,0.0646
SUB4154,Copyleaks,human_written,0,0.3081,1491,Biology,Junior,0.5095,0.3192,0.0220
SUB4155,Turnitin,human_written,0,0.3405,1310,History,Freshman,0.5445,0.2800,0.0562
SUB4156,Copyleaks,ai_generated,1,0.3491,4269,Psychology,Graduate,0.1776,0.4506,0.6952
SUB4157,Originality.ai,human_written,0,0.1855,2601,History,Junior,0.4498,0.1811,0.0000
SUB4158,Originality.ai,ai_generated,1,0.3421,2186,Psychology,Freshman,0.5749,0.2459,0.8548
SUB4159,Turnitin,ai_generated,1,0.3799,4709,Psychology,Senior,0.3752,0.3955,0.9296
SUB4160,GPTZero,mixed,0,0.5699,4258,History,Senior,0.3084,0.2808,0.3580
SUB4161,Turnitin,mixed,1,0.4323,4859,English,Graduate,0.5663,0.1824,0.2255
SUB4162,Winston AI,human_written,1,0.6977,4736,Chemistry,Junior,0.4560,0.3484,0.1304
SUB4163,GPTZero,human_written,1,0.2896,2923,Psychology,Senior,0.3634,0.3049,0.2049
SUB4164,Copyleaks,human_written,0,0.0306,3152,Chemistry,Sophomore,0.2183,0.2601,0.0308
SUB4165,Winston AI,ai_generated,1,0.3307,3896,Psychology,Junior,0.2674,0.2886,0.9115
SUB4166,Turnitin,human_written,0,0.3558,4826,Mathematics,Junior,0.3509,0.4113,0.0059
SUB4167,Originality.ai,human_written,0,0.8192,1788,Physics,Sophomore,0.4488,0.2833,0.0510
SUB4168,GPTZero,mixed,1,0.2370,3677,Chemistry,Sophomore,0.3338,0.3324,0.7722
SUB4169,Copyleaks,human_written,0,0.0501,3811,Chemistry,Senior,0.6743,0.3083,0.0243
SUB4170,Originality.ai,human_written,0,0.4440,1614,Psychology,Junior,0.6261,0.4144,0.0287
SUB4171,Originality.ai,ai_generated,1,0.7953,2931,History,Sophomore,0.4878,0.5562,0.8389
SUB4172,Turnitin,human_written,0,0.8638,1794,Psychology,Senior,0.4223,0.4017,0.0623
SUB4173,Turnitin,human_written,0,0.5795,1757,Computer Science,Junior,0.6714,0.3589,0.0367
SUB4174,GPTZero,mixed,1,0.2296,4895,History,Sophomore,0.7032,0.3231,0.4093
SUB4175,Turnitin,ai_generated,1,0.7608,4714,Psychology,Graduate,0.6410,0.3799,0.7177
SUB4176,Copyleaks,mixed,0,0.4435,1424,Mathematics,Junior,0.4868,0.3110,0.3445
SUB4177,Turnitin,human_written,0,0.1091,3011,Biology,Graduate,0.4783,0.3399,0.0240
SUB4178,Turnitin,human_written,0,0.4597,2176,Psychology,Sophomore,0.4344,0.3565,0.0497
SUB4179,Turnitin,human_written,0,0.1386,1911,English,Freshman,0.5355,0.5205,0.0535
SUB4180,Copyleaks,ai_generated,1,0.0428,2744,Physics,Senior,0.5255,0.1798,0.8639
SUB4181,GPTZero,human_written,0,0.1481,2025,Psychology,Graduate,0.3958,0.2594,0.1768
SUB4182,Originality.ai,human_written,0,0.4393,1708,Mathematics,Graduate,0.6269,0.3832,0.0009
SUB4183,GPTZero,ai_generated,1,0.6181,4382,Chemistry,Freshman,0.6652,0.2054,0.9828
SUB4184,Winston AI,mixed,1,0.5842,4855,English,Sophomore,0.4587,0.4972,0.4566
SUB4185,Winston AI,ai_generated,1,0.3538,2589,English,Freshman,0.7197,0.3044,0.9514
SUB4186,Originality.ai,human_written,0,0.1786,3066,English,Senior,0.6417,0.2716,0.0329
SUB4187,Originality.ai,human_written,0,0.2932,2239,Biology,Senior,0.5518,0.3547,0.0458
SUB4188,Originality.ai,ai_generated,1,0.5761,4466,History,Sophomore,0.1925,0.2263,0.7561
SUB4189,Winston AI,mixed,0,0.1643,2003,Biology,Sophomore,0.2439,0.3164,0.5999
SUB4190,Winston AI,ai_generated,1,0.4255,4533,Physics,Sophomore,0.2036,0.1878,0.8213
SUB4191,Originality.ai,mixed,0,0.2908,3821,Computer Science,Graduate,0.6154,0.2729,0.3307
SUB4192,Winston AI,human_written,1,0.4379,627,Computer Science,Junior,0.4594,0.1822,0.1369
SUB4193,Winston AI,mixed,1,0.5597,1260,Chemistry,Graduate,0.7839,0.3080,0.5936
SUB4194,GPTZero,human_written,0,0.0488,1226,Biology,Freshman,0.3111,0.3140,0.1795
SUB4195,Turnitin,human_written,0,0.0310,3024,Biology,Senior,0.5300,0.3330,0.0374
SUB4196,Turnitin,ai_generated,1,0.4947,4825,Chemistry,Sophomore,0.4687,0.3681,0.7802
SUB4197,Copyleaks,human_written,0,0.0693,3982,History,Graduate,0.5029,0.4931,0.0304
SUB4198,Winston AI,human_written,0,0.5128,864,Mathematics,Freshman,0.4281,0.2799,0.1926
SUB4199,Copyleaks,ai_generated,0,0.3909,4979,Computer Science,Sophomore,0.6424,0.4554,0.8717
SUB4200,Turnitin,human_written,1,0.2439,923,History,Sophomore,0.1853,0.2602,0.0193
SUB4201,Winston AI,mixed,1,0.6121,3490,English,Graduate,0.6399,0.1592,0.5398
SUB4202,Turnitin,ai_generated,1,0.2541,1998,Biology,Senior,0.6952,0.3328,0.8183
SUB4203,GPTZero,human_written,0,0.2514,2130,Mathematics,Freshman,0.3862,0.2023,0.1284
SUB4204,Winston AI,human_written,0,0.0928,1688,History,Sophomore,0.5426,0.1852,0.0821
SUB4205,Turnitin,ai_generated,1,0.3883,1442,English,Graduate,0.6864,0.3235,0.9489
SUB4206,Winston AI,human_written,0,0.2649,1068,Chemistry,Junior,0.5978,0.3226,0.1176
SUB4207,GPTZero,human_written,0,0.7560,4721,Physics,Senior,0.4030,0.3507,0.1332
SUB4208,Originality.ai,ai_generated,1,0.2988,4501,Chemistry,Sophomore,0.5872,0.4708,0.7130
SUB4209,Winston AI,mixed,0,0.3758,1493,Computer Science,Sophomore,0.4896,0.3794,0.6715
SUB4210,Originality.ai,mixed,0,0.5763,4147,History,Junior,0.3494,0.2125,0.3183
SUB4211,Copyleaks,mixed,0,0.1739,2019,Computer Science,Sophomore,0.3958,0.2618,0.3077
SUB4212,Copyleaks,ai_generated,0,0.6019,2409,Physics,Sophomore,0.1787,0.0000,0.7597
SUB4213,Copyleaks,human_written,0,0.4108,862,Chemistry,Freshman,0.3565,0.2520,0.0270
SUB4214,Turnitin,mixed,1,0.6309,1936,Chemistry,Graduate,0.4218,0.3963,0.5076
SUB4215,Winston AI,ai_generated,1,0.0259,1561,Physics,Junior,0.6865,0.3009,1.0000
SUB4216,Copyleaks,human_written,0,0.2347,1784,Physics,Graduate,0.4256,0.3119,0.0456
SUB4217,Originality.ai,mixed,0,0.4912,2428,History,Senior,0.3728,0.1704,0.3346
SUB4218,Originality.ai,ai_generated,1,0.2877,4538,Mathematics,Sophomore,0.2922,0.2160,0.7952
SUB4219,GPTZero,human_written,0,0.6215,2507,Chemistry,Junior,0.8154,0.4040,0.1636
SUB4220,GPTZero,human_written,1,0.0932,1866,Computer Science,Graduate,0.3660,0.1506,0.1712
SUB4221,GPTZero,human_written,0,0.6386,3018,History,Sophomore,0.5469,0.4609,0.1403
SUB4222,GPTZero,mixed,0,0.2278,3757,Computer Science,Sophomore,0.4280,0.4978,0.3514
SUB4223,Originality.ai,human_written,0,0.2487,2142,Computer Science,Freshman,0.5643,0.3184,0.0270
SUB4224,Originality.ai,human_written,0,0.2598,2860,Psychology,Freshman,0.4525,0.3380,0.0000
SUB4225,Originality.ai,human_written,0,0.2046,4204,Computer Science,Senior,0.3083,0.4049,0.0000
SUB4226,Winston AI,human_written,0,0.5087,2984,Biology,Freshman,0.3023,0.3766,0.0940
SUB4227,GPTZero,ai_generated,1,0.6724,3933,Biology,Sophomore,0.6545,0.3632,0.9770
SUB4228,Originality.ai,human_written,0,0.3284,3451,Psychology,Freshman,0.5693,0.2802,0.0000
SUB4229,GPTZero,mixed,1,0.2430,958,History,Sophomore,0.5318,0.4360,0.6243
SUB4230,Turnitin,ai_generated,0,0.1238,3148,Computer Science,Graduate,0.6202,0.2587,0.7412
SUB4231,Turnitin,ai_generated,1,0.6321,640,Psychology,Senior,0.2957,0.2253,1.0000
SUB4232,Winston AI,ai_generated,1,0.3531,922,History,Graduate,0.4331,0.3396,0.9504
SUB4233,Winston AI,ai_generated,1,0.1397,4568,Mathematics,Senior,0.5878,0.2928,0.7927
SUB4234,Originality.ai,human_written,0,0.2612,4458,Physics,Sophomore,0.3078,0.3563,0.0497
SUB4235,Originality.ai,ai_generated,1,0.4416,3199,Mathematics,Senior,0.5432,0.4604,0.7666
SUB4236,Originality.ai,human_written,0,0.4295,2355,English,Senior,0.5874,0.4122,0.0422
SUB4237,GPTZero,human_written,0,0.2062,2668,Physics,Graduate,0.5125,0.2815,0.0874
SUB4238,Originality.ai,human_written,0,0.7544,1402,Computer Science,Graduate,0.4828,0.1960,0.0722
SUB4239,Copyleaks,human_written,0,0.5320,4635,Computer Science,Graduate,0.5615,0.3013,0.0506
SUB4240,Winston AI,human_written,0,0.4444,1982,History,Junior,0.6487,0.3438,0.1101
SUB4241,GPTZero,ai_generated,1,0.3328,3937,English,Junior,0.7345,0.3574,0.7921
SUB4242,Winston AI,human_written,0,0.4306,2442,History,Freshman,0.3490,0.3327,0.1089
SUB4243,Copyleaks,ai_generated,1,0.4331,2601,Mathematics,Senior,0.5508,0.2830,0.8635
SUB4244,GPTZero,ai_generated,1,0.6419,3985,Chemistry,Junior,0.4941,0.2822,1.0000
SUB4245,Winston AI,ai_generated,1,0.2546,1872,Computer Science,Junior,0.2178,0.3896,0.9888
SUB4246,Winston AI,human_written,1,0.2915,2211,English,Junior,0.6092,0.1692,0.1349
SUB4247,Turnitin,human_written,0,0.4578,2552,Chemistry,Freshman,0.3541,0.2016,0.0685
SUB4248,Copyleaks,human_written,0,0.4237,3061,History,Junior,0.2840,0.2103,0.0226
SUB4249,Copyleaks,ai_generated,0,0.3057,3980,Chemistry,Senior,0.2844,0.2908,0.7354
SUB4250,Winston AI,ai_generated,1,0.5678,1136,Physics,Sophomore,0.4674,0.2475,0.9071
SUB4251,Turnitin,human_written,0,0.7334,1938,Computer Science,Junior,0.5882,0.1445,0.0422
SUB4252,Originality.ai,human_written,0,0.1205,3749,English,Sophomore,0.4791,0.2887,0.0027
SUB4253,GPTZero,ai_generated,0,0.2895,4711,History,Freshman,0.3917,0.3448,0.9209
SUB4254,GPTZero,ai_generated,1,0.6882,3307,Chemistry,Graduate,0.6208,0.4053,0.8521
SUB4255,GPTZero,human_written,1,0.0933,952,Psychology,Sophomore,0.3959,0.2732,0.1084
SUB4256,Originality.ai,human_written,0,0.2059,4587,Chemistry,Sophomore,0.3031,0.1287,0.0232
SUB4257,Winston AI,human_written,0,0.7168,3196,Psychology,Junior,0.4240,0.1741,0.1416
SUB4258,Winston AI,human_written,0,0.6584,3287,Psychology,Sophomore,0.5660,0.3663,0.1764
SUB4259,Winston AI,human_written,0,0.3819,3237,English,Junior,0.3091,0.3110,0.1316
SUB4260,Copyleaks,human_written,0,0.0509,2936,Computer Science,Graduate,0.6260,0.3282,0.0457
SUB4261,Copyleaks,human_written,0,0.2267,824,English,Sophomore,0.5014,0.3359,0.0334
SUB4262,Copyleaks,ai_generated,0,0.0806,2722,History,Senior,0.7354,0.5938,0.8406
SUB4263,Copyleaks,ai_generated,1,0.7381,4304,Computer Science,Graduate,0.5934,0.2161,0.7436
SUB4264,Winston AI,human_written,0,0.4077,4278,Physics,Sophomore,0.5112,0.1706,0.1332
SUB4265,Winston AI,human_written,0,0.0657,2415,Mathematics,Graduate,0.2849,0.1194,0.1294
SUB4266,Turnitin,human_written,0,0.3746,2600,English,Senior,0.3229,0.2423,0.0447
SUB4267,GPTZero,ai_generated,1,0.7410,1591,Biology,Senior,0.4211,0.2683,1.0000
SUB4268,Winston AI,ai_generated,1,0.4353,3198,Computer Science,Graduate,0.2713,0.3685,0.8613
SUB4269,GPTZero,human_written,0,0.6925,1352,Biology,Sophomore,0.4035,0.2015,0.1229
SUB4270,GPTZero,mixed,0,0.6569,3194,History,Graduate,0.4788,0.4828,0.4387
SUB4271,Originality.ai,ai_generated,1,0.2819,2520,Biology,Junior,0.5945,0.3807,0.8961
SUB4272,Originality.ai,ai_generated,1,0.3862,1431,Chemistry,Graduate,0.6246,0.2205,0.7062
SUB4273,Copyleaks,mixed,0,0.0565,2198,English,Senior,0.3315,0.2332,0.3165
SUB4274,GPTZero,mixed,1,0.6944,612,Chemistry,Freshman,0.4710,0.4416,0.6105
SUB4275,Winston AI,ai_generated,1,0.0562,658,Physics,Senior,0.6176,0.4109,1.0000
SUB4276,Originality.ai,ai_generated,1,0.5158,1062,History,Graduate,0.4449,0.3131,0.8542
SUB4277,Winston AI,human_written,0,0.3261,4651,Psychology,Sophomore,0.7070,0.2221,0.1568
SUB4278,Winston AI,human_written,0,0.7498,4949,Chemistry,Graduate,0.5016,0.4580,0.1528
SUB4279,Copyleaks,ai_generated,1,0.5038,2707,Psychology,Freshman,0.5693,0.3513,0.8951
SUB4280,Winston AI,human_written,0,0.2585,1613,Computer Science,Senior,0.4182,0.2702,0.1458
SUB4281,GPTZero,human_written,0,0.6569,2978,Mathematics,Junior,0.6058,0.3105,0.1669
SUB4282,Originality.ai,human_written,0,0.4963,1813,Psychology,Freshman,0.6134,0.3831,0.0320
SUB4283,Originality.ai,ai_generated,1,0.4124,2433,Psychology,Senior,0.3581,0.3098,0.6937
SUB4284,Copyleaks,ai_generated,1,0.4388,3221,History,Junior,0.6360,0.3937,0.6159
SUB4285,Originality.ai,human_written,0,0.1734,3329,Mathematics,Junior,0.6298,0.2552,0.0148
SUB4286,Turnitin,ai_generated,1,0.8202,3566,Physics,Freshman,0.3753,0.2146,0.9367
SUB4287,Turnitin,ai_generated,1,0.5227,4939,English,Graduate,0.3935,0.2446,0.8161
SUB4288,Winston AI,human_written,0,0.2590,1855,Biology,Junior,0.6585,0.3150,0.1456
SUB4289,Originality.ai,human_written,0,0.6154,831,Psychology,Freshman,0.2457,0.3212,0.0551
SUB4290,Winston AI,ai_generated,1,0.2595,1031,English,Senior,0.4171,0.2627,0.9340
SUB4291,GPTZero,human_written,0,0.2473,3434,English,Sophomore,0.6793,0.2933,0.1633
SUB4292,Copyleaks,human_written,0,0.5199,4266,Biology,Junior,0.4315,0.3973,0.0082
SUB4293,Turnitin,human_written,1,0.4914,3159,Psychology,Freshman,0.3153,0.1838,0.0797
SUB4294,Turnitin,human_written,0,0.1804,830,Mathematics,Senior,0.4049,0.3132,0.0217
SUB4295,Originality.ai,mixed,0,0.6485,1524,History,Graduate,0.7522,0.3223,0.2898
SUB4296,Originality.ai,human_written,0,0.2918,811,Physics,Graduate,0.6036,0.2154,0.0324
SUB4297,Copyleaks,ai_generated,1,0.3034,4049,English,Graduate,0.2936,0.1468,0.9414
SUB4298,Turnitin,mixed,0,0.3707,3541,Computer Science,Graduate,0.4941,0.1829,0.5732
SUB4299,Originality.ai,ai_generated,0,0.1555,3985,Chemistry,Sophomore,0.7206,0.1087,0.7233
SUB4300,Originality.ai,mixed,0,0.6326,1782,Chemistry,Graduate,0.5361,0.1982,0.1564
SUB4301,Copyleaks,ai_generated,1,0.4610,4848,Physics,Freshman,0.2279,0.0748,0.8254
SUB4302,GPTZero,human_written,0,0.6888,4026,Computer Science,Junior,0.3885,0.4900,0.1482
SUB4303,Copyleaks,human_written,0,0.1271,2910,Chemistry,Freshman,0.4544,0.3830,0.0000
SUB4304,GPTZero,human_written,0,0.6108,3957,Chemistry,Senior,0.4923,0.0991,0.2094
SUB4305,GPTZero,human_written,1,0.2328,3478,Computer Science,Sophomore,0.5808,0.3654,0.2119
SUB4306,Copyleaks,mixed,0,0.4781,1791,English,Freshman,0.4502,0.4049,0.4792
SUB4307,Winston AI,ai_generated,0,0.3082,1153,Physics,Junior,0.6125,0.3439,0.8394
SUB4308,Originality.ai,human_written,0,0.6221,2375,Biology,Senior,0.2504,0.4493,0.0000
SUB4309,GPTZero,ai_generated,1,0.5875,1454,Mathematics,Graduate,0.1915,0.5279,0.7608
SUB4310,GPTZero,human_written,0,0.2149,696,Psychology,Graduate,0.5575,0.3544,0.1399
SUB4311,Turnitin,mixed,0,0.1694,2828,Psychology,Graduate,0.5946,0.2394,0.0723
SUB4312,Winston AI,ai_generated,0,0.7535,4493,Biology,Freshman,0.4435,0.2960,0.9042
SUB4313,Turnitin,human_written,0,0.8853,1058,Physics,Sophomore,0.4687,0.1981,0.0825
SUB4314,Turnitin,human_written,0,0.0617,4656,Psychology,Graduate,0.4754,0.3837,0.0376
SUB4315,Winston AI,ai_generated,1,0.3503,978,English,Freshman,0.6128,0.3196,0.7902
SUB4316,Originality.ai,human_written,0,0.2673,3267,Mathematics,Junior,0.6314,0.2620,0.0000
SUB4317,Copyleaks,ai_generated,1,0.1168,3784,Mathematics,Freshman,0.5816,0.3927,0.8301
SUB4318,Copyleaks,human_written,0,0.9023,4185,Mathematics,Graduate,0.6693,0.1659,0.0296
SUB4319,Originality.ai,ai_generated,1,0.3673,1566,Mathematics,Senior,0.7913,0.4702,0.6747
SUB4320,Winston AI,mixed,0,0.6180,2054,Chemistry,Junior,0.5835,0.3609,0.5817
SUB4321,Turnitin,mixed,0,0.0904,1709,Chemistry,Graduate,0.4758,0.2306,0.4532
SUB4322,Turnitin,ai_generated,1,0.3076,1610,Mathematics,Freshman,0.4556,0.4324,1.0000
SUB4323,GPTZero,mixed,0,0.6202,3218,Physics,Junior,0.5775,0.2512,0.6502
SUB4324,Winston AI,ai_generated,1,0.4294,3261,Physics,Sophomore,0.6431,0.2224,1.0000
SUB4325,Copyleaks,human_written,0,0.3747,4297,Computer Science,Junior,0.4565,0.2071,0.0909
SUB4326,Originality.ai,human_written,0,0.7060,4889,Mathematics,Sophomore,0.1267,0.3820,0.0000
SUB4327,GPTZero,human_written,0,0.6654,4977,Mathematics,Senior,0.3671,0.3689,0.1678
SUB4328,Originality.ai,human_written,0,0.4248,4297,English,Freshman,0.5386,0.3512,0.0000
SUB4329,Turnitin,ai_generated,1,0.1144,1861,Biology,Graduate,0.5214,0.2170,1.0000
SUB4330,Winston AI,mixed,0,0.4655,3726,Computer Science,Junior,0.7600,0.3397,0.4014
SUB4331,Originality.ai,human_written,0,0.3438,769,Computer Science,Freshman,0.5983,0.1511,0.0000
SUB4332,Copyleaks,human_written,0,0.1990,636,Computer Science,Senior,0.5207,0.3139,0.0076
SUB4333,Copyleaks,human_written,0,0.3763,2138,Mathematics,Junior,0.5113,0.2580,0.0000
SUB4334,Turnitin,ai_generated,1,0.3302,545,English,Senior,0.7080,0.2209,0.8055
SUB4335,GPTZero,ai_generated,1,0.5867,3474,Mathematics,Sophomore,0.4893,0.3596,0.9750
SUB4336,Turnitin,ai_generated,1,0.4850,4590,History,Freshman,0.5550,0.2376,0.8130
SUB4337,Turnitin,ai_generated,1,0.5731,3474,Psychology,Graduate,0.6651,0.2393,1.0000
SUB4338,Originality.ai,human_written,0,0.1865,1537,History,Sophomore,0.6847,0.3555,0.0000
SUB4339,Originality.ai,human_written,0,0.3350,4489,Chemistry,Sophomore,0.2838,0.3756,0.0201
SUB4340,Copyleaks,human_written,0,0.2492,3510,Psychology,Graduate,0.2024,0.2494,0.0000
SUB4341,Turnitin,human_written,0,0.2801,3618,Chemistry,Graduate,0.5955,0.4947,0.0257
SUB4342,Turnitin,mixed,1,0.3309,4022,Biology,Freshman,0.5983,0.2765,0.3769
SUB4343,Turnitin,ai_generated,1,0.5826,2498,Mathematics,Senior,0.3815,0.2676,0.9359
SUB4344,Copyleaks,human_written,0,0.5251,4413,Psychology,Freshman,0.5738,0.2731,0.0251
SUB4345,Winston AI,mixed,0,0.1170,4819,Computer Science,Senior,0.4800,0.3525,0.3024
SUB4346,Originality.ai,human_written,0,0.5244,2308,Psychology,Senior,0.5097,0.3633,0.0000
SUB4347,Turnitin,mixed,0,0.4728,4310,Psychology,Junior,0.3433,0.1516,0.4947
SUB4348,Winston AI,human_written,0,0.6211,3720,Psychology,Freshman,0.6889,0.2737,0.1916
SUB4349,GPTZero,ai_generated,1,0.4284,4037,Computer Science,Freshman,0.6310,0.4176,0.9422
SUB4350,Originality.ai,ai_generated,1,0.1886,4808,Physics,Graduate,0.8345,0.4009,0.6762
SUB4351,GPTZero,mixed,1,0.2737,2467,English,Senior,0.4483,0.3233,0.5557
SUB4352,Copyleaks,ai_generated,1,0.1722,2923,Physics,Graduate,0.7754,0.3148,0.8219
SUB4353,GPTZero,human_written,0,0.4492,2305,Psychology,Senior,0.6467,0.2306,0.1002
SUB4354,Turnitin,human_written,0,0.5823,4403,Psychology,Freshman,0.5333,0.2789,0.0747
SUB4355,Copyleaks,human_written,0,0.4740,4269,Physics,Sophomore,0.7730,0.2613,0.0022
SUB4356,Turnitin,mixed,0,0.3505,3957,English,Junior,0.4527,0.1969,0.4877
SUB4357,Copyleaks,mixed,1,0.2869,4378,English,Sophomore,0.3503,0.4252,0.3960
SUB4358,Copyleaks,human_written,0,0.5027,4359,Physics,Senior,0.4557,0.3310,0.0000
SUB4359,Originality.ai,ai_generated,1,0.5295,4104,Physics,Junior,0.6180,0.2919,0.7790
SUB4360,Originality.ai,mixed,0,0.6657,963,Physics,Graduate,0.4078,0.3772,0.0586
SUB4361,Turnitin,human_written,0,0.0805,2298,English,Graduate,0.2674,0.4513,0.0343
SUB4362,Originality.ai,mixed,0,0.1432,4482,Computer Science,Graduate,0.7213,0.2478,0.3038
SUB4363,Originality.ai,human_written,0,0.0326,4103,English,Sophomore,0.5350,0.1987,0.0282
SUB4364,Winston AI,human_written,1,0.2781,1506,Computer Science,Graduate,0.5101,0.4058,0.1258
SUB4365,GPTZero,ai_generated,0,0.2730,2648,English,Junior,0.6623,0.2005,0.8868
SUB4366,GPTZero,human_written,0,0.1808,1778,Biology,Graduate,0.4259,0.5489,0.1917
SUB4367,Copyleaks,mixed,0,0.2911,1049,Physics,Junior,0.3843,0.3614,0.4051
SUB4368,Originality.ai,ai_generated,1,0.3852,557,History,Graduate,0.2304,0.1290,0.7491
SUB4369,Originality.ai,ai_generated,1,0.2896,2429,Psychology,Graduate,0.6746,0.2013,0.4792
SUB4370,Originality.ai,mixed,0,0.7669,2745,Computer Science,Junior,0.5195,0.2824,0.5041
SUB4371,Originality.ai,human_written,0,0.5870,2601,English,Junior,0.5176,0.2239,0.0266
SUB4372,Originality.ai,ai_generated,0,0.5602,3355,Psychology,Senior,0.5284,0.2768,0.6614
SUB4373,GPTZero,human_written,0,0.3713,2830,Mathematics,Sophomore,0.5655,0.2434,0.1554
SUB4374,Turnitin,ai_generated,1,0.5693,3831,Mathematics,Sophomore,0.6069,0.2877,0.8798
SUB4375,Originality.ai,human_written,0,0.1614,3028,Mathematics,Sophomore,0.6306,0.2765,0.0000
SUB4376,Copyleaks,mixed,0,0.7911,937,Computer Science,Junior,0.6609,0.4388,0.3614
SUB4377,Turnitin,human_written,0,0.3436,1050,Physics,Senior,0.5032,0.4255,0.0689
SUB4378,Originality.ai,mixed,1,0.5933,1101,Physics,Junior,0.5575,0.2979,0.2454
SUB4379,Turnitin,human_written,0,0.1890,2979,History,Senior,0.7557,0.3044,0.0845
SUB4380,Winston AI,human_written,0,0.4690,4675,History,Graduate,0.4454,0.2971,0.1708
SUB4381,Originality.ai,ai_generated,1,0.7342,3937,Mathematics,Junior,0.4591,0.3214,0.7325
SUB4382,Turnitin,ai_generated,1,0.0550,1138,Physics,Graduate,0.4956,0.3060,0.9433
SUB4383,GPTZero,human_written,0,0.5829,547,Mathematics,Junior,0.6275,0.4848,0.1521
SUB4384,GPTZero,human_written,0,0.4989,4342,Physics,Graduate,0.5506,0.2480,0.1728
SUB4385,GPTZero,mixed,0,0.5718,2293,English,Junior,0.4393,0.3801,0.3530
SUB4386,Winston AI,human_written,0,0.7274,1308,Chemistry,Senior,0.4029,0.2971,0.1514
SUB4387,GPTZero,ai_generated,1,0.3945,543,Psychology,Sophomore,0.6043,0.4249,1.0000
SUB4388,Originality.ai,ai_generated,1,0.0499,4902,Psychology,Sophomore,0.4192,0.1018,0.9472
SUB4389,Originality.ai,ai_generated,0,0.1500,1110,Biology,Sophomore,0.5030,0.3232,0.7011
SUB4390,GPTZero,ai_generated,1,0.6229,2029,Physics,Sophomore,0.1619,0.3789,0.7730
SUB4391,Originality.ai,ai_generated,1,0.2207,4006,Computer Science,Graduate,0.5164,0.2987,0.6256
SUB4392,Originality.ai,ai_generated,1,0.2911,4185,Psychology,Sophomore,0.5385,0.4499,0.6451
SUB4393,Turnitin,mixed,0,0.7691,4130,Mathematics,Graduate,0.4737,0.2820,0.2320
SUB4394,GPTZero,mixed,1,0.2791,1646,Chemistry,Junior,0.2696,0.3421,0.7607
SUB4395,Turnitin,mixed,1,0.2492,767,Biology,Sophomore,0.6688,0.4381,0.4562
SUB4396,Originality.ai,human_written,0,0.3477,1340,Psychology,Graduate,0.7919,0.3244,0.0002
SUB4397,Winston AI,mixed,1,0.5296,2407,English,Freshman,0.4982,0.0781,0.5491
SUB4398,Turnitin,mixed,0,0.6136,3632,Mathematics,Junior,0.3367,0.3190,0.6026
SUB4399,Winston AI,human_written,0,0.0958,4398,History,Sophomore,0.5320,0.3490,0.1171
SUB4400,Turnitin,human_written,0,0.2712,1747,Chemistry,Freshman,0.1394,0.4299,0.0127
SUB4401,Turnitin,mixed,0,0.5219,814,Psychology,Junior,0.5610,0.2212,0.3901
SUB4402,Originality.ai,human_written,0,0.2842,3913,Mathematics,Junior,0.5650,0.1977,0.0020
SUB4403,Turnitin,ai_generated,1,0.4439,755,English,Freshman,0.7944,0.2095,0.8842
SUB4404,Copyleaks,human_written,0,0.4427,4596,Psychology,Junior,0.5502,0.4045,0.0000
SUB4405,GPTZero,mixed,0,0.4858,1502,History,Sophomore,0.3669,0.2829,0.4983
SUB4406,Winston AI,human_written,0,0.5967,4226,Physics,Graduate,0.4127,0.3267,0.0567
SUB4407,GPTZero,human_written,0,0.5778,4384,English,Graduate,0.4751,0.3046,0.1439
SUB4408,Originality.ai,human_written,0,0.7606,3695,History,Senior,0.4163,0.3589,0.0000
SUB4409,Originality.ai,ai_generated,1,0.2371,2699,Chemistry,Graduate,0.5985,0.3531,0.6672
SUB4410,Winston AI,mixed,0,0.2195,678,History,Sophomore,0.2689,0.3036,0.5441
SUB4411,Winston AI,human_written,0,0.2111,4172,Psychology,Senior,0.5507,0.3438,0.0760
SUB4412,Copyleaks,mixed,0,0.6138,4535,English,Senior,0.4904,0.3308,0.3164
SUB4413,Originality.ai,human_written,0,0.3957,4303,Computer Science,Sophomore,0.4273,0.3475,0.0000
SUB4414,Originality.ai,mixed,1,0.2528,2244,Chemistry,Sophomore,0.5163,0.2525,0.4586
SUB4415,Originality.ai,ai_generated,1,0.3992,4618,History,Senior,0.4193,0.3296,0.8773
SUB4416,Turnitin,human_written,0,0.6116,2168,History,Senior,0.2785,0.3772,0.0904
SUB4417,Winston AI,human_written,0,0.3777,1255,Mathematics,Senior,0.4266,0.1622,0.1229
SUB4418,GPTZero,ai_generated,1,0.4893,3863,Mathematics,Graduate,0.5386,0.3551,0.8631
SUB4419,Winston AI,ai_generated,1,0.3940,4764,Biology,Sophomore,0.4719,0.4520,0.8366
SUB4420,Winston AI,human_written,0,0.1807,3876,Physics,Freshman,0.6126,0.3369,0.1531
SUB4421,Copyleaks,human_written,0,0.1571,4132,English,Freshman,0.4470,0.4277,0.0077
SUB4422,Copyleaks,mixed,0,0.1341,4628,Physics,Senior,0.8339,0.2998,0.3200
SUB4423,Winston AI,mixed,1,0.4760,4202,Biology,Junior,0.2514,0.2153,0.3822
SUB4424,Originality.ai,ai_generated,1,0.3000,1691,Physics,Junior,0.6497,0.3033,0.8642
SUB4425,Originality.ai,mixed,0,0.1572,629,Computer Science,Junior,0.2620,0.2782,0.0889
SUB4426,Originality.ai,human_written,0,0.7401,2473,History,Senior,0.5917,0.2689,0.0569
SUB4427,Turnitin,human_written,0,0.7307,3003,Mathematics,Freshman,0.6070,0.2180,0.0400
SUB4428,Originality.ai,ai_generated,1,0.4422,4966,History,Graduate,0.3485,0.4359,0.9165
SUB4429,Winston AI,human_written,0,0.6066,1303,Physics,Senior,0.5345,0.1970,0.1427
SUB4430,GPTZero,human_written,0,0.2891,3974,Physics,Freshman,0.5332,0.0753,0.1858
SUB4431,Copyleaks,ai_generated,1,0.1749,4087,Mathematics,Sophomore,0.3245,0.2772,0.7423
SUB4432,Originality.ai,mixed,0,0.3851,3000,Mathematics,Freshman,0.3544,0.4534,0.1393
SUB4433,Winston AI,ai_generated,1,0.7158,712,Mathematics,Sophomore,0.4469,0.5017,0.7889
SUB4434,Turnitin,human_written,0,0.5488,3997,Psychology,Sophomore,0.4310,0.3642,0.0085
SUB4435,GPTZero,human_written,0,0.3121,2570,Computer Science,Freshman,0.2179,0.2483,0.1321
SUB4436,Originality.ai,human_written,0,0.4683,4903,Physics,Graduate,0.4617,0.4119,0.0000
SUB4437,GPTZero,human_written,0,0.2495,3184,Chemistry,Freshman,0.4820,0.2631,0.1691
SUB4438,Copyleaks,human_written,0,0.2918,2818,Chemistry,Graduate,0.4818,0.3917,0.0263
SUB4439,GPTZero,ai_generated,1,0.1278,1486,Computer Science,Sophomore,0.3675,0.2277,0.9190
SUB4440,GPTZero,mixed,0,0.5460,4625,English,Junior,0.3597,0.3450,0.3655
SUB4441,Copyleaks,human_written,0,0.2051,3157,Computer Science,Sophomore,0.2476,0.2387,0.0525
SUB4442,Originality.ai,human_written,0,0.6328,3101,Psychology,Senior,0.3207,0.4008,0.0000
SUB4443,GPTZero,ai_generated,1,0.8789,2645,Physics,Graduate,0.2736,0.3237,0.9761
SUB4444,Winston AI,ai_generated,1,0.3609,852,English,Junior,0.4403,0.2846,0.9623
SUB4445,Turnitin,ai_generated,0,0.5713,3247,Chemistry,Graduate,0.4881,0.4441,0.9082
SUB4446,Originality.ai,ai_generated,0,0.2424,2579,English,Senior,0.4867,0.2546,0.8475
SUB4447,GPTZero,mixed,0,0.2376,560,English,Senior,0.8675,0.2830,0.4464
SUB4448,Turnitin,mixed,1,0.1868,3183,Physics,Junior,0.3338,0.1903,0.3705
SUB4449,GPTZero,human_written,0,0.2875,4093,Psychology,Senior,0.3354,0.1688,0.2391
SUB4450,GPTZero,human_written,0,0.2369,2755,Psychology,Junior,0.4570,0.2121,0.1241
SUB4451,Originality.ai,ai_generated,0,0.6300,3820,Chemistry,Freshman,0.5264,0.2453,0.6340
SUB4452,Copyleaks,ai_generated,1,0.5230,4268,History,Sophomore,0.7245,0.2890,0.8736
SUB4453,GPTZero,mixed,1,0.2819,2115,History,Senior,0.5291,0.3207,0.4970
SUB4454,GPTZero,human_written,0,0.3639,4761,Biology,Graduate,0.6240,0.2601,0.1486
SUB4455,GPTZero,mixed,0,0.2280,2941,History,Sophomore,0.2007,0.1881,0.4298
SUB4456,GPTZero,mixed,0,0.3104,539,History,Graduate,0.5322,0.1811,0.7336
SUB4457,GPTZero,mixed,1,0.5620,2553,Mathematics,Freshman,0.4111,0.1710,0.5311
SUB4458,Turnitin,ai_generated,1,0.4168,1493,Chemistry,Graduate,0.3240,0.2186,0.7972
SUB4459,Copyleaks,human_written,0,0.3304,2776,Mathematics,Freshman,0.3978,0.4093,0.0309
SUB4460,GPTZero,ai_generated,1,0.4268,700,History,Sophomore,0.5396,0.4264,0.7883
SUB4461,GPTZero,ai_generated,1,0.2001,3935,Mathematics,Graduate,0.3879,0.2805,0.9685
SUB4462,Originality.ai,human_written,0,0.3789,1162,Psychology,Senior,0.7231,0.3436,0.0277
SUB4463,Originality.ai,human_written,0,0.3819,1831,English,Graduate,0.3973,0.2209,0.0000
SUB4464,Originality.ai,ai_generated,1,0.3994,4911,Computer Science,Sophomore,0.5850,0.4414,0.7416
SUB4465,Copyleaks,ai_generated,1,0.4967,2380,Biology,Senior,0.4547,0.3019,0.8146
SUB4466,Copyleaks,mixed,0,0.3122,3209,Psychology,Graduate,0.3785,0.3720,0.2933
SUB4467,GPTZero,mixed,1,0.2798,1862,Psychology,Graduate,0.4182,0.2326,0.4704
SUB4468,Winston AI,mixed,0,0.4387,809,Biology,Junior,0.6419,0.2351,0.1359
SUB4469,Copyleaks,mixed,1,0.3541,871,Biology,Sophomore,0.8573,0.3235,0.3015
SUB4470,Turnitin,human_written,0,0.6418,4949,Computer Science,Freshman,0.5868,0.3128,0.0350
SUB4471,Originality.ai,human_written,0,0.2254,983,Psychology,Freshman,0.5508,0.3125,0.0278
SUB4472,Winston AI,mixed,1,0.3270,4093,Psychology,Sophomore,0.6524,0.4092,0.4706
SUB4473,Winston AI,ai_generated,1,0.5193,3630,Computer Science,Sophomore,0.2079,0.3226,0.8182
SUB4474,Originality.ai,mixed,0,0.3937,4098,Chemistry,Graduate,0.3371,0.1784,0.4072
SUB4475,Turnitin,human_written,0,0.1518,579,Biology,Graduate,0.7845,0.3002,0.0238
SUB4476,GPTZero,human_written,1,0.2550,1785,Mathematics,Graduate,0.5642,0.2872,0.1232
SUB4477,Originality.ai,ai_generated,0,0.5021,4368,English,Junior,0.3221,0.3416,0.8419
SUB4478,Turnitin,mixed,1,0.8010,2272,Physics,Junior,0.5431,0.2500,0.0615
SUB4479,Turnitin,human_written,0,0.4507,4506,Mathematics,Junior,0.3889,0.2978,0.0478
SUB4480,Winston AI,human_written,0,0.4584,996,Mathematics,Senior,0.4263,0.1520,0.1336
SUB4481,Turnitin,human_written,0,0.8039,1816,Psychology,Freshman,0.6850,0.3569,0.0134
SUB4482,Originality.ai,human_written,0,0.1781,3569,Computer Science,Sophomore,0.8369,0.3591,0.0429
SUB4483,Copyleaks,mixed,1,0.2793,2562,Chemistry,Graduate,0.7845,0.2610,0.2586
SUB4484,Turnitin,mixed,0,0.0518,3389,Computer Science,Sophomore,0.5310,0.2970,0.3933
SUB4485,Originality.ai,human_written,0,0.4504,2811,Physics,Graduate,0.4699,0.3458,0.0000
SUB4486,Copyleaks,ai_generated,1,0.4017,1964,Mathematics,Graduate,0.6673,0.3325,0.7185
SUB4487,Turnitin,human_written,0,0.1973,3825,Mathematics,Senior,0.4088,0.2363,0.0557
SUB4488,Winston AI,ai_generated,1,0.3509,4536,Computer Science,Junior,0.5677,0.3195,0.9874
SUB4489,GPTZero,mixed,1,0.3788,4954,Physics,Senior,0.6797,0.3405,0.5228
SUB4490,Originality.ai,human_written,0,0.2470,4024,Physics,Senior,0.3948,0.2606,0.0000
SUB4491,Winston AI,human_written,0,0.3298,4652,Mathematics,Senior,0.5025,0.0865,0.0974
SUB4492,Turnitin,human_written,0,0.4143,3002,Computer Science,Sophomore,0.5200,0.5779,0.0297
SUB4493,Copyleaks,human_written,0,0.4589,873,Biology,Freshman,0.6427,0.2780,0.0199
SUB4494,Turnitin,ai_generated,0,0.2201,937,Biology,Sophomore,0.2697,0.4278,0.7655
SUB4495,Copyleaks,ai_generated,1,0.7410,574,Psychology,Junior,0.7833,0.2101,0.8210
SUB4496,Turnitin,human_written,0,0.3921,3790,Computer Science,Junior,0.6344,0.5057,0.1108
SUB4497,Originality.ai,human_written,0,0.1992,846,History,Senior,0.2923,0.2576,0.0202
SUB4498,Copyleaks,mixed,0,0.2084,4277,Chemistry,Freshman,0.5312,0.3204,0.2188
SUB4499,Turnitin,mixed,1,0.6525,3645,English,Senior,0.4718,0.2257,0.7426
SUB4500,Copyleaks,human_written,0,0.3668,4340,Physics,Graduate,0.6409,0.2554,0.0000
SUB4501,Originality.ai,human_written,0,0.6199,1226,Psychology,Freshman,0.3202,0.2679,0.0124
SUB4502,Winston AI,human_written,1,0.3801,4441,Psychology,Freshman,0.4025,0.2185,0.1330
SUB4503,Turnitin,human_written,0,0.1863,3701,Psychology,Sophomore,0.5884,0.0024,0.0501
SUB4504,Originality.ai,ai_generated,1,0.2882,4772,English,Sophomore,0.5498,0.3206,0.8344
SUB4505,Winston AI,human_written,0,0.8047,4269,Computer Science,Graduate,0.5573,0.2588,0.1947
SUB4506,Winston AI,ai_generated,1,0.4599,2948,Mathematics,Senior,0.4120,0.1102,1.0000
SUB4507,GPTZero,human_written,0,0.3869,3552,Biology,Junior,0.7665,0.2624,0.1614
SUB4508,Copyleaks,human_written,0,0.1531,4857,Computer Science,Sophomore,0.3168,0.4550,0.0578
SUB4509,GPTZero,human_written,1,0.7316,882,History,Junior,0.4211,0.3554,0.1707
SUB4510,Turnitin,ai_generated,1,0.8626,3878,Computer Science,Graduate,0.4994,0.3113,0.8783
SUB4511,Winston AI,ai_generated,1,0.3128,1940,Biology,Freshman,0.6553,0.2608,1.0000
SUB4512,Winston AI,human_written,0,0.3764,1031,Mathematics,Junior,0.5126,0.4482,0.1430
SUB4513,Copyleaks,mixed,0,0.0754,4086,Chemistry,Sophomore,0.7486,0.2066,0.1335
SUB4514,Originality.ai,human_written,0,0.4364,2568,English,Graduate,0.6211,0.3096,0.0000
SUB4515,Winston AI,mixed,0,0.8799,2664,English,Freshman,0.7549,0.4144,0.5016
SUB4516,GPTZero,human_written,0,0.8328,4071,Psychology,Sophomore,0.3768,0.2813,0.1353
SUB4517,Originality.ai,human_written,0,0.3589,3132,Mathematics,Junior,0.6814,0.6142,0.0000
SUB4518,GPTZero,ai_generated,1,0.6555,3410,Biology,Senior,0.6716,0.2407,0.8561
SUB4519,GPTZero,mixed,0,0.3711,3698,Chemistry,Sophomore,0.6830,0.3461,0.3586
SUB4520,Originality.ai,mixed,1,0.3618,3395,Mathematics,Freshman,0.4266,0.1645,0.5781
SUB4521,Turnitin,human_written,0,0.3748,4953,Computer Science,Freshman,0.4286,0.2046,0.0377
SUB4522,Originality.ai,ai_generated,1,0.1050,4182,Physics,Senior,0.3286,0.3184,0.7489
SUB4523,Winston AI,human_written,1,0.5169,4450,English,Graduate,0.4992,0.2804,0.1453
SUB4524,Originality.ai,human_written,0,0.3260,3817,Computer Science,Junior,0.5060,0.3112,0.0031
SUB4525,Originality.ai,human_written,0,0.4068,3577,English,Freshman,0.5796,0.4247,0.0033
SUB4526,Turnitin,mixed,0,0.1849,4389,Psychology,Junior,0.4575,0.2899,0.3251
SUB4527,Originality.ai,ai_generated,1,0.4199,807,Physics,Freshman,0.5558,0.2823,0.6954
SUB4528,Winston AI,mixed,0,0.4583,2927,Physics,Senior,0.3776,0.2587,0.5400
SUB4529,Turnitin,ai_generated,0,0.1307,1965,History,Sophomore,0.6455,0.3819,0.9350
SUB4530,GPTZero,human_written,0,0.2892,3118,Biology,Junior,0.5763,0.4538,0.1591
SUB4531,Winston AI,human_written,0,0.2384,3968,Chemistry,Graduate,0.4790,0.3925,0.1325
SUB4532,Originality.ai,human_written,0,0.5299,1507,Computer Science,Senior,0.4689,0.2395,0.0146
SUB4533,Originality.ai,mixed,0,0.2550,1758,Chemistry,Sophomore,0.5688,0.3457,0.4233
SUB4534,Copyleaks,human_written,0,0.3196,2235,Chemistry,Junior,0.3990,0.3064,0.0299
SUB4535,Copyleaks,ai_generated,1,0.6648,2464,Biology,Junior,0.3386,0.3798,0.8038
SUB4536,Turnitin,mixed,0,0.2171,2314,Biology,Junior,0.3477,0.3953,0.4568
SUB4537,Copyleaks,human_written,0,0.2942,2396,Biology,Graduate,0.8962,0.2705,0.0502
SUB4538,Turnitin,human_written,0,0.2480,3968,Psychology,Graduate,0.6345,0.1491,0.0099
SUB4539,Copyleaks,ai_generated,1,0.2323,3643,Psychology,Sophomore,0.4879,0.1699,0.9306
SUB4540,GPTZero,human_written,0,0.1617,2034,Psychology,Graduate,0.6849,0.2073,0.1457
SUB4541,Originality.ai,human_written,0,0.2746,1282,Biology,Sophomore,0.3873,0.3785,0.0000
SUB4542,Originality.ai,ai_generated,1,0.3835,1937,Psychology,Senior,0.3350,0.3415,0.8457
SUB4543,Winston AI,human_written,0,0.3019,2673,Chemistry,Graduate,0.4709,0.1657,0.1535
SUB4544,Turnitin,human_written,0,0.5079,3174,Physics,Graduate,0.5880,0.3673,0.0824
SUB4545,Turnitin,human_written,0,0.2980,1222,Mathematics,Graduate,0.2043,0.1535,0.0350
SUB4546,Turnitin,ai_generated,1,0.5709,2476,Chemistry,Graduate,0.4732,0.3802,0.8744
SUB4547,GPTZero,human_written,0,0.2137,3162,English,Senior,0.4036,0.4734,0.1619
SUB4548,Originality.ai,ai_generated,1,0.2948,3316,Chemistry,Sophomore,0.6425,0.4472,0.5352
SUB4549,Turnitin,human_written,0,0.5104,1741,Physics,Freshman,0.5286,0.4175,0.0970
SUB4550,Copyleaks,ai_generated,1,0.2695,1925,Biology,Graduate,0.6446,0.3923,0.7243
SUB4551,GPTZero,ai_generated,1,0.0535,3303,English,Sophomore,0.5485,0.2881,0.9693
SUB4552,Originality.ai,human_written,0,0.1570,3053,Computer Science,Freshman,0.6843,0.3503,0.0275
SUB4553,Originality.ai,human_written,0,0.4683,4165,Chemistry,Sophomore,0.5817,0.3475,0.0373
SUB4554,Copyleaks,human_written,0,0.3273,2467,Mathematics,Senior,0.5002,0.4206,0.0000
SUB4555,Copyleaks,ai_generated,1,0.4055,4392,Biology,Sophomore,0.5087,0.4551,0.8047
SUB4556,GPTZero,mixed,0,0.3436,2102,English,Sophomore,0.3593,0.5291,0.5880
SUB4557,Turnitin,ai_generated,1,0.5577,1842,English,Freshman,0.8155,0.2744,0.8209
SUB4558,Copyleaks,mixed,0,0.1522,1189,Physics,Junior,0.5021,0.2977,0.4807
SUB4559,Winston AI,human_written,0,0.2711,3972,Physics,Freshman,0.3114,0.2286,0.1888
SUB4560,Turnitin,human_written,0,0.2828,1841,Computer Science,Sophomore,0.4267,0.3392,0.0354
SUB4561,Turnitin,mixed,0,0.0617,4810,Computer Science,Junior,0.1845,0.1459,0.3908
SUB4562,GPTZero,human_written,0,0.4756,4365,Computer Science,Senior,0.2863,0.3792,0.1341
SUB4563,GPTZero,ai_generated,1,0.4110,2791,Biology,Sophomore,0.3619,0.3524,0.9936
SUB4564,Originality.ai,human_written,0,0.2991,4196,Mathematics,Junior,0.3725,0.3808,0.0002
SUB4565,Winston AI,ai_generated,1,0.3565,1873,Biology,Junior,0.4376,0.2696,0.8437
SUB4566,Turnitin,ai_generated,1,0.4004,4565,English,Senior,0.9383,0.1847,1.0000
SUB4567,GPTZero,human_written,0,0.5099,630,Biology,Graduate,0.5398,0.3963,0.1188
SUB4568,GPTZero,human_written,0,0.1184,3617,Mathematics,Graduate,0.7282,0.2807,0.0959
SUB4569,Copyleaks,mixed,1,0.7183,4618,Chemistry,Junior,0.8199,0.2865,0.3851
SUB4570,Originality.ai,mixed,0,0.5273,2854,History,Graduate,0.4623,0.4439,0.0225
SUB4571,Copyleaks,ai_generated,1,0.6743,1833,Mathematics,Senior,0.5171,0.2365,0.8035
SUB4572,Turnitin,human_written,0,0.3122,3677,Physics,Graduate,0.3195,0.3616,0.0842
SUB4573,GPTZero,human_written,0,0.2911,4053,Psychology,Junior,0.4006,0.3517,0.1496
SUB4574,Winston AI,human_written,0,0.1157,1598,Psychology,Graduate,0.6310,0.2020,0.1456
SUB4575,GPTZero,human_written,1,0.3640,3236,Psychology,Graduate,0.2732,0.0465,0.1496
SUB4576,GPTZero,human_written,0,0.4120,1031,Biology,Graduate,0.2205,0.3763,0.1213
SUB4577,GPTZero,human_written,0,0.1537,4168,Psychology,Sophomore,0.3980,0.3137,0.1610
SUB4578,Originality.ai,ai_generated,1,0.2313,969,Computer Science,Graduate,0.3525,0.3733,0.8332
SUB4579,Winston AI,human_written,0,0.0800,803,History,Sophomore,0.6500,0.2699,0.1142
SUB4580,Originality.ai,human_written,0,0.3640,1350,Psychology,Senior,0.5445,0.2779,0.0000
SUB4581,Winston AI,ai_generated,1,0.6680,2248,History,Graduate,0.4317,0.4786,0.7054
SUB4582,Winston AI,human_written,1,0.1991,609,English,Sophomore,0.4778,0.4536,0.1035
SUB4583,Originality.ai,human_written,0,0.3370,1031,History,Sophomore,0.3932,0.1709,0.0000
SUB4584,Copyleaks,human_written,0,0.5400,2718,Chemistry,Junior,0.3808,0.3890,0.0675
SUB4585,Copyleaks,mixed,1,0.2084,2693,Biology,Junior,0.4074,0.3360,0.5418
SUB4586,Originality.ai,human_written,0,0.5104,3611,Chemistry,Sophomore,0.6581,0.2788,0.0229
SUB4587,Winston AI,mixed,1,0.4898,4906,Physics,Junior,0.2766,0.4172,0.3136
SUB4588,Turnitin,ai_generated,1,0.7664,1440,Physics,Freshman,0.2816,0.2678,0.8532
SUB4589,Copyleaks,human_written,0,0.6039,1904,Physics,Junior,0.6290,0.3041,0.0129
SUB4590,Turnitin,human_written,0,0.2091,3646,Mathematics,Senior,0.6759,0.2909,0.0290
SUB4591,Winston AI,mixed,0,0.6279,2951,Chemistry,Senior,0.6489,0.2699,0.4161
SUB4592,Originality.ai,human_written,0,0.6539,2206,Computer Science,Freshman,0.3762,0.5098,0.0000
SUB4593,Copyleaks,human_written,0,0.2963,2136,Computer Science,Freshman,0.6895,0.4277,0.0000
SUB4594,GPTZero,ai_generated,1,0.2235,2325,Psychology,Graduate,0.6626,0.3390,0.9109
SUB4595,GPTZero,ai_generated,1,0.7082,1212,History,Sophomore,0.2401,0.3091,0.7648
SUB4596,Originality.ai,ai_generated,0,0.6006,4167,Mathematics,Junior,0.6895,0.1964,0.8849
SUB4597,GPTZero,human_written,0,0.6342,2201,Physics,Sophomore,0.3957,0.3330,0.1088
SUB4598,Winston AI,ai_generated,1,0.4179,1659,Computer Science,Junior,0.3425,0.1676,0.7738
SUB4599,Originality.ai,human_written,0,0.6593,1060,Psychology,Senior,0.6130,0.5187,0.0053
SUB4600,Turnitin,mixed,1,0.2586,3673,English,Junior,0.3161,0.3180,0.5583
SUB4601,Turnitin,ai_generated,1,0.4576,1266,Computer Science,Graduate,0.7655,0.3148,0.5957
SUB4602,GPTZero,ai_generated,1,0.0190,3306,Computer Science,Junior,0.4509,0.3729,1.0000
SUB4603,Originality.ai,mixed,0,0.2149,1950,Biology,Graduate,0.4181,0.4258,0.2444
SUB4604,Copyleaks,human_written,0,0.6910,3625,Psychology,Sophomore,0.5474,0.0683,0.0403
SUB4605,Originality.ai,human_written,0,0.5679,1983,Computer Science,Senior,0.5734,0.2405,0.0291
SUB4606,GPTZero,ai_generated,1,0.2247,1980,Computer Science,Sophomore,0.6607,0.1680,1.0000
SUB4607,Winston AI,human_written,0,0.4950,1185,Psychology,Graduate,0.2229,0.3411,0.1541
SUB4608,Turnitin,mixed,1,0.2127,2686,Mathematics,Freshman,0.4132,0.1443,0.4082
SUB4609,GPTZero,ai_generated,1,0.3427,4716,Mathematics,Sophomore,0.6539,0.4031,0.9854
SUB4610,Originality.ai,ai_generated,1,0.6503,1167,Biology,Sophomore,0.5731,0.2085,0.7987
SUB4611,Turnitin,human_written,0,0.6105,3573,Psychology,Senior,0.4792,0.1962,0.0765
SUB4612,Winston AI,human_written,0,0.1472,3816,Physics,Senior,0.3604,0.4451,0.1277
SUB4613,GPTZero,ai_generated,1,0.4213,1060,Mathematics,Senior,0.6117,0.3335,1.0000
SUB4614,Turnitin,human_written,0,0.1528,2931,Mathematics,Sophomore,0.4988,0.4100,0.0566
SUB4615,Copyleaks,human_written,0,0.7207,2147,History,Sophomore,0.5747,0.2723,0.0458
SUB4616,GPTZero,mixed,1,0.5065,1974,English,Freshman,0.5175,0.2403,0.3218
SUB4617,Winston AI,human_written,1,0.8365,2867,Mathematics,Freshman,0.4656,0.4863,0.0962
SUB4618,Copyleaks,mixed,1,0.1316,1612,History,Sophomore,0.5991,0.3448,0.5332
SUB4619,GPTZero,mixed,1,0.2530,3365,Computer Science,Junior,0.5050,0.4278,0.7543
SUB4620,Originality.ai,mixed,1,0.5412,2856,Biology,Junior,0.2570,0.3525,0.2221
SUB4621,Copyleaks,ai_generated,1,0.4760,2521,Computer Science,Junior,0.4633,0.3416,0.9872
SUB4622,GPTZero,ai_generated,0,0.1155,2924,English,Senior,0.2759,0.4813,0.7365
SUB4623,Copyleaks,mixed,1,0.5437,967,Physics,Graduate,0.4803,0.4320,0.4645
SUB4624,Copyleaks,human_written,0,0.6698,2302,Physics,Freshman,0.4843,0.3688,0.0000
SUB4625,Copyleaks,mixed,1,0.1864,4706,Biology,Freshman,0.3732,0.4109,0.6560
SUB4626,Turnitin,human_written,0,0.0607,3820,Chemistry,Junior,0.6273,0.4506,0.0860
SUB4627,Winston AI,human_written,0,0.4437,3601,Psychology,Junior,0.4222,0.2289,0.1355
SUB4628,Winston AI,ai_generated,1,0.1815,3991,English,Freshman,0.2670,0.4419,0.8524
SUB4629,GPTZero,human_written,0,0.3031,3079,Biology,Senior,0.4363,0.3651,0.2074
SUB4630,Copyleaks,human_written,0,0.4328,844,Physics,Sophomore,0.4696,0.3722,0.0844
SUB4631,Originality.ai,human_written,0,0.5348,4647,Computer Science,Junior,0.4099,0.3924,0.0008
SUB4632,Copyleaks,ai_generated,1,0.3912,3366,English,Graduate,0.3723,0.2894,0.9618
SUB4633,GPTZero,ai_generated,1,0.3721,3481,English,Senior,0.7281,0.3316,1.0000
SUB4634,Copyleaks,ai_generated,1,0.2074,3367,Psychology,Senior,0.2427,0.3738,0.8766
SUB4635,Turnitin,mixed,0,0.3451,1373,Biology,Graduate,0.4722,0.4014,0.6427
SUB4636,Copyleaks,human_written,0,0.4097,1447,Psychology,Sophomore,0.4069,0.4467,0.0000
SUB4637,Copyleaks,human_written,0,0.2267,1100,Psychology,Graduate,0.4137,0.3601,0.0000
SUB4638,Winston AI,human_written,0,0.2442,4505,History,Sophomore,0.5798,0.3428,0.1102
SUB4639,Winston AI,human_written,0,0.6282,3616,Biology,Graduate,0.6252,0.1621,0.1791
SUB4640,Originality.ai,ai_generated,0,0.4147,3146,English,Junior,0.5996,0.2156,0.7932
SUB4641,Originality.ai,ai_generated,1,0.2815,1931,Chemistry,Graduate,0.6213,0.2916,0.8172
SUB4642,Originality.ai,human_written,0,0.5027,776,Computer Science,Junior,0.4801,0.1765,0.0000
SUB4643,Originality.ai,human_written,0,0.5266,1116,English,Freshman,0.5662,0.1975,0.0000
SUB4644,Winston AI,human_written,0,0.4814,2447,English,Sophomore,0.2963,0.1491,0.0929
SUB4645,Turnitin,human_written,1,0.1859,2244,Chemistry,Junior,0.4815,0.2191,0.0541
SUB4646,Turnitin,human_written,0,0.4719,4555,Computer Science,Graduate,0.4214,0.3505,0.0381
SUB4647,GPTZero,mixed,0,0.1774,4015,Mathematics,Sophomore,0.5519,0.3528,0.4138
SUB4648,Winston AI,human_written,0,0.2022,4823,Psychology,Graduate,0.5588,0.4124,0.1237
SUB4649,Turnitin,ai_generated,0,0.5009,1555,Computer Science,Junior,0.4990,0.3925,0.5610
SUB4650,Turnitin,ai_generated,1,0.3153,1241,Mathematics,Junior,0.3568,0.3434,0.8133
SUB4651,Turnitin,mixed,0,0.9174,3897,Physics,Freshman,0.7177,0.3056,0.3594
SUB4652,Originality.ai,human_written,0,0.3575,3608,Psychology,Sophomore,0.4122,0.3980,0.0000
SUB4653,GPTZero,human_written,0,0.8589,4064,Physics,Junior,0.4676,0.2475,0.1407
SUB4654,Turnitin,ai_generated,1,0.3548,4957,Computer Science,Junior,0.5452,0.2473,1.0000
SUB4655,Copyleaks,ai_generated,1,0.5793,3324,History,Graduate,0.3237,0.2513,0.8444
SUB4656,Copyleaks,mixed,0,0.3873,734,History,Freshman,0.3495,0.3167,0.2307
SUB4657,Originality.ai,human_written,0,0.3910,3032,Biology,Junior,0.6186,0.2376,0.0000
SUB4658,Originality.ai,human_written,0,0.1768,4497,Computer Science,Sophomore,0.3266,0.2010,0.0075
SUB4659,Turnitin,human_written,0,0.3800,1159,Physics,Graduate,0.2771,0.2421,0.0059
SUB4660,Winston AI,ai_generated,1,0.1676,2386,English,Senior,0.3607,0.1042,0.8919
SUB4661,GPTZero,ai_generated,1,0.3320,4277,Biology,Sophomore,0.4584,0.2221,0.9970
SUB4662,Turnitin,mixed,1,0.1987,1457,Chemistry,Graduate,0.4951,0.1183,0.6016
SUB4663,Turnitin,mixed,0,0.0991,579,History,Freshman,0.4192,0.3935,0.0530
SUB4664,GPTZero,mixed,0,0.6770,4410,History,Freshman,0.2644,0.0981,0.3603
SUB4665,Winston AI,mixed,1,0.1987,3898,Psychology,Sophomore,0.4833,0.2050,0.4907
SUB4666,Winston AI,human_written,0,0.7902,1603,Computer Science,Junior,0.7209,0.0127,0.1289
SUB4667,Originality.ai,human_written,0,0.2030,4089,Mathematics,Freshman,0.3850,0.2749,0.0000
SUB4668,GPTZero,human_written,0,0.4022,1985,Psychology,Freshman,0.8624,0.2294,0.1496
SUB4669,Originality.ai,human_written,0,0.1862,3925,History,Graduate,0.6628,0.3754,0.0000
SUB4670,Originality.ai,mixed,0,0.4690,4048,Psychology,Senior,0.6138,0.3059,0.7756
SUB4671,Copyleaks,mixed,0,0.4153,3795,English,Graduate,0.4601,0.2851,0.1937
SUB4672,GPTZero,human_written,0,0.2475,3074,Biology,Senior,0.4492,0.3974,0.1825
SUB4673,Turnitin,mixed,0,0.4020,3945,Biology,Sophomore,0.6109,0.3320,0.4699
SUB4674,Winston AI,mixed,1,0.4580,2020,Mathematics,Sophomore,0.6671,0.2061,0.5909
SUB4675,Winston AI,human_written,0,0.2047,2118,Psychology,Junior,0.5261,0.3045,0.1101
SUB4676,Turnitin,human_written,0,0.6479,3131,Physics,Graduate,0.3830,0.3169,0.0744
SUB4677,Copyleaks,human_written,0,0.5156,897,Chemistry,Junior,0.5193,0.3560,0.0000
SUB4678,Copyleaks,human_written,0,0.6668,2419,History,Sophomore,0.3073,0.3020,0.0113
SUB4679,Turnitin,ai_generated,1,0.4465,2940,Biology,Graduate,0.3471,0.1383,0.8599
SUB4680,Copyleaks,ai_generated,1,0.2596,2828,History,Junior,0.4751,0.1615,0.8594
SUB4681,GPTZero,ai_generated,1,0.5850,961,Mathematics,Senior,0.4125,0.5950,0.9976
SUB4682,Turnitin,ai_generated,1,0.1221,4430,Chemistry,Senior,0.4585,0.2742,0.9162
SUB4683,Winston AI,ai_generated,1,0.2655,4928,Mathematics,Sophomore,0.7891,0.3903,0.9682
SUB4684,GPTZero,ai_generated,1,0.4430,2197,English,Senior,0.0395,0.3972,1.0000
SUB4685,Originality.ai,human_written,0,0.1628,3031,Computer Science,Graduate,0.5740,0.3630,0.0000
SUB4686,Turnitin,ai_generated,1,0.2427,3675,Psychology,Sophomore,0.5651,0.2460,0.9090
SUB4687,GPTZero,mixed,1,0.2338,4221,Physics,Graduate,0.4431,0.3276,0.5193
SUB4688,Turnitin,mixed,0,0.2679,890,Chemistry,Junior,0.6049,0.2577,0.2434
SUB4689,GPTZero,human_written,0,0.0531,1730,Chemistry,Graduate,0.2811,0.0918,0.1783
SUB4690,Copyleaks,human_written,0,0.6750,1533,Mathematics,Senior,0.3640,0.3146,0.0267
SUB4691,Originality.ai,mixed,1,0.4647,2137,Psychology,Junior,0.6245,0.2096,0.4444
SUB4692,Turnitin,human_written,0,0.6357,707,Chemistry,Freshman,0.5110,0.1868,0.0443
SUB4693,Originality.ai,mixed,0,0.7937,2612,Psychology,Graduate,0.5050,0.3261,0.5041
SUB4694,GPTZero,human_written,0,0.5298,3411,English,Graduate,0.6127,0.2956,0.1597
SUB4695,Originality.ai,ai_generated,1,0.5037,860,Physics,Senior,0.5377,0.1932,0.8009
SUB4696,Winston AI,human_written,0,0.1156,2425,Biology,Junior,0.3473,0.2771,0.1420
SUB4697,Turnitin,human_written,0,0.2386,923,Mathematics,Graduate,0.4849,0.3312,0.0634
SUB4698,GPTZero,human_written,0,0.4620,1441,History,Freshman,0.5190,0.2504,0.1422
SUB4699,Winston AI,ai_generated,1,0.3384,2561,Biology,Junior,0.8572,0.1033,0.7477
SUB4700,Originality.ai,mixed,0,0.6662,2890,Biology,Sophomore,0.6967,0.1107,0.2842
SUB4701,Originality.ai,ai_generated,1,0.6137,1222,History,Senior,0.6298,0.3416,0.6651
SUB4702,Originality.ai,ai_generated,1,0.4385,4947,History,Senior,0.2370,0.3576,0.7002
SUB4703,Turnitin,human_written,0,0.5740,784,History,Junior,0.5050,0.2039,0.0489
SUB4704,Originality.ai,human_written,0,0.0754,2807,Mathematics,Senior,0.6119,0.1041,0.0000
SUB4705,Copyleaks,human_written,0,0.4203,4273,History,Graduate,0.5174,0.4310,0.0032
SUB4706,Turnitin,ai_generated,1,0.2299,1206,Computer Science,Senior,0.6007,0.2118,0.9445
SUB4707,GPTZero,human_written,0,0.4425,1192,History,Sophomore,0.1288,0.1924,0.1333
SUB4708,Winston AI,mixed,1,0.2837,707,Biology,Graduate,0.4181,0.3347,0.5531
SUB4709,Copyleaks,ai_generated,1,0.8185,4598,Biology,Junior,0.6172,0.4710,0.7894
SUB4710,Winston AI,human_written,0,0.7007,3349,Computer Science,Senior,0.3772,0.3554,0.1749
SUB4711,Originality.ai,mixed,1,0.5940,873,Mathematics,Freshman,0.7833,0.2806,0.3893
SUB4712,Copyleaks,mixed,1,0.3090,540,English,Junior,0.5101,0.3571,0.4953
SUB4713,GPTZero,human_written,0,0.4136,1377,Biology,Freshman,0.4468,0.2653,0.1944
SUB4714,Copyleaks,ai_generated,1,0.3913,3144,English,Freshman,0.5505,0.4694,0.7430
SUB4715,Copyleaks,mixed,1,0.4106,1714,Physics,Junior,0.7083,0.3354,0.2790
SUB4716,Originality.ai,mixed,1,0.1553,3587,Biology,Sophomore,0.6872,0.4293,0.5612
SUB4717,Originality.ai,human_written,0,0.1289,4708,Mathematics,Sophomore,0.1967,0.2416,0.0000
SUB4718,Originality.ai,human_written,0,0.3253,2583,History,Junior,0.6031,0.1511,0.0027
SUB4719,GPTZero,ai_generated,1,0.2892,2321,English,Sophomore,0.6967,0.1909,0.7011
SUB4720,Originality.ai,human_written,0,0.3979,4725,Physics,Graduate,0.4730,0.2738,0.0000
SUB4721,Originality.ai,human_written,0,0.2193,2083,Computer Science,Senior,0.4625,0.3194,0.0218
SUB4722,Copyleaks,ai_generated,0,0.4497,3466,History,Junior,0.4411,0.3112,0.7591
SUB4723,Copyleaks,ai_generated,1,0.2468,4911,Psychology,Junior,0.4332,0.2841,0.8504
SUB4724,Originality.ai,human_written,0,0.4762,3479,Physics,Graduate,0.2873,0.3331,0.0211
SUB4725,GPTZero,mixed,0,0.4424,1820,Mathematics,Senior,0.5651,0.3396,0.7239
SUB4726,Turnitin,human_written,0,0.4057,3067,Mathematics,Freshman,0.5642,0.2447,0.0768
SUB4727,Turnitin,human_written,1,0.3185,3008,Psychology,Sophomore,0.4469,0.3867,0.0467
SUB4728,GPTZero,ai_generated,1,0.2632,4743,Physics,Junior,0.5136,0.2809,1.0000
SUB4729,Turnitin,human_written,0,0.5026,1272,Mathematics,Senior,0.2921,0.3878,0.0868
SUB4730,Originality.ai,ai_generated,1,0.3947,4360,English,Sophomore,0.5737,0.1687,0.9315
SUB4731,Originality.ai,ai_generated,1,0.4661,1483,English,Freshman,0.3041,0.2906,0.7697
SUB4732,Turnitin,ai_generated,0,0.4754,4935,Chemistry,Sophomore,0.7002,0.2505,0.7938
SUB4733,Winston AI,mixed,0,0.4381,624,Chemistry,Freshman,0.4858,0.2814,0.6774
SUB4734,Winston AI,mixed,0,0.7476,4479,Mathematics,Graduate,0.7584,0.3489,0.3386
SUB4735,Originality.ai,ai_generated,1,0.2144,810,Biology,Senior,0.1959,0.4975,0.7584
SUB4736,Winston AI,human_written,0,0.0312,2207,English,Graduate,0.2518,0.2966,0.1021
SUB4737,Winston AI,mixed,1,0.1292,3945,English,Junior,0.5115,0.4124,0.5161
SUB4738,Copyleaks,ai_generated,1,0.1989,1623,English,Senior,0.5733,0.2534,0.8471
SUB4739,Copyleaks,mixed,0,0.2502,4593,History,Senior,0.5080,0.3005,0.4685
SUB4740,Winston AI,human_written,1,0.7716,3674,Computer Science,Senior,0.3475,0.5042,0.1218
SUB4741,Copyleaks,human_written,0,0.3025,2835,Biology,Graduate,0.4303,0.2708,0.0481
SUB4742,Winston AI,human_written,0,0.5267,3834,History,Sophomore,0.5736,0.3246,0.0929
SUB4743,Winston AI,human_written,1,0.1956,1697,Chemistry,Freshman,0.5927,0.3892,0.1391
SUB4744,Originality.ai,ai_generated,1,0.5241,3130,Computer Science,Graduate,0.1721,0.3806,0.8084
SUB4745,GPTZero,ai_generated,1,0.2993,2531,Psychology,Freshman,0.5145,0.1970,1.0000
SUB4746,Turnitin,human_written,0,0.5229,3669,Biology,Freshman,0.2498,0.3955,0.0287
SUB4747,Copyleaks,human_written,0,0.3451,4820,Computer Science,Graduate,0.3707,0.2387,0.0046
SUB4748,GPTZero,ai_generated,1,0.1524,2381,Physics,Sophomore,0.2290,0.2860,0.9577
SUB4749,Turnitin,mixed,1,0.3603,2358,English,Senior,0.5603,0.2896,0.6279
SUB4750,Turnitin,ai_generated,1,0.1499,3179,Mathematics,Senior,0.3342,0.3239,0.9767
SUB4751,GPTZero,human_written,0,0.1736,4240,Psychology,Junior,0.5364,0.3343,0.1423
SUB4752,Copyleaks,ai_generated,1,0.7691,1526,Biology,Freshman,0.2168,0.3185,0.8346
SUB4753,Turnitin,ai_generated,1,0.6883,3494,Mathematics,Graduate,0.7998,0.0516,0.8624
SUB4754,GPTZero,human_written,0,0.7424,2592,Psychology,Senior,0.2778,0.1228,0.1747
SUB4755,GPTZero,human_written,0,0.5810,1477,Mathematics,Sophomore,0.2754,0.1668,0.1447
SUB4756,Winston AI,mixed,1,0.2751,2782,Chemistry,Sophomore,0.3935,0.4143,0.3885
SUB4757,Copyleaks,ai_generated,1,0.0316,1654,Psychology,Sophomore,0.4882,0.2589,1.0000
SUB4758,Originality.ai,ai_generated,1,0.6624,1924,Physics,Senior,0.6454,0.2002,0.7878
SUB4759,Turnitin,human_written,0,0.4540,2583,Biology,Graduate,0.6304,0.3442,0.0415
SUB4760,Originality.ai,human_written,0,0.1395,3176,Chemistry,Graduate,0.6525,0.1622,0.0051
SUB4761,Winston AI,human_written,0,0.5839,812,Biology,Junior,0.5335,0.2993,0.1703
SUB4762,Copyleaks,human_written,0,0.5179,4306,Mathematics,Freshman,0.4218,0.2225,0.0428
SUB4763,Winston AI,human_written,0,0.2214,4886,English,Sophomore,0.6254,0.2164,0.1184
SUB4764,Originality.ai,human_written,0,0.1488,3678,Computer Science,Graduate,0.7811,0.2288,0.0084
SUB4765,GPTZero,human_written,0,0.3782,987,Chemistry,Sophomore,0.7301,0.2374,0.1613
SUB4766,Copyleaks,human_written,0,0.6341,3078,Psychology,Junior,0.5781,0.2648,0.0525
SUB4767,Turnitin,ai_generated,1,0.4504,3987,Physics,Graduate,0.5554,0.1976,0.9246
SUB4768,Winston AI,human_written,0,0.4276,3154,Mathematics,Junior,0.6004,0.1443,0.0877
SUB4769,Turnitin,human_written,0,0.0436,3200,Chemistry,Junior,0.6498,0.2667,0.0466
SUB4770,GPTZero,mixed,1,0.2178,4843,History,Graduate,0.3957,0.2529,0.1675
SUB4771,Originality.ai,ai_generated,1,0.5069,4986,Chemistry,Senior,0.6924,0.3816,0.7559
SUB4772,Copyleaks,ai_generated,1,0.4188,4109,Physics,Junior,0.5323,0.2579,0.8116
SUB4773,GPTZero,ai_generated,1,0.1680,1211,Computer Science,Senior,0.5545,0.3226,1.0000
SUB4774,Winston AI,ai_generated,1,0.4852,615,Mathematics,Junior,0.3911,0.3195,0.9249
SUB4775,Winston AI,mixed,1,0.4133,1593,Physics,Senior,0.6526,0.1511,0.4805
SUB4776,Originality.ai,human_written,0,0.4878,2583,History,Junior,0.6331,0.3697,0.0000
SUB4777,Copyleaks,ai_generated,1,0.4928,1754,Computer Science,Freshman,0.4388,0.3092,0.8638
SUB4778,Winston AI,human_written,1,0.4811,4273,Mathematics,Junior,0.6846,0.4036,0.1507
SUB4779,GPTZero,human_written,1,0.4611,2004,Chemistry,Senior,0.4039,0.3353,0.1489
SUB4780,GPTZero,ai_generated,0,0.2563,3208,English,Freshman,0.2848,0.4750,0.9513
SUB4781,Turnitin,human_written,0,0.2294,1368,Biology,Graduate,0.4886,0.4271,0.0790
SUB4782,Copyleaks,human_written,0,0.4471,4139,Mathematics,Sophomore,0.5011,0.1688,0.0000
SUB4783,Copyleaks,ai_generated,1,0.2104,1546,Psychology,Graduate,0.4941,0.3967,0.8412
SUB4784,Copyleaks,ai_generated,1,0.4531,4914,Biology,Sophomore,0.6300,0.1448,1.0000
SUB4785,Copyleaks,ai_generated,1,0.2913,1389,Psychology,Sophomore,0.6889,0.2359,0.7337
SUB4786,Turnitin,human_written,0,0.6195,1808,Psychology,Junior,0.2661,0.1481,0.0479
SUB4787,Turnitin,ai_generated,1,0.2402,2324,Mathematics,Graduate,0.5154,0.3046,0.9472
SUB4788,Turnitin,human_written,1,0.3376,3059,Chemistry,Graduate,0.6110,0.2716,0.1342
SUB4789,Copyleaks,human_written,0,0.7695,2037,English,Junior,0.4179,0.3602,0.0523
SUB4790,Originality.ai,human_written,0,0.2637,4489,History,Graduate,0.1924,0.3748,0.0111
SUB4791,Winston AI,human_written,0,0.3504,4241,Mathematics,Senior,0.3860,0.3035,0.1030
SUB4792,GPTZero,human_written,0,0.0968,1508,English,Senior,0.7083,0.2643,0.1494
SUB4793,Turnitin,human_written,0,0.3415,2433,Physics,Graduate,0.6006,0.0461,0.0585
SUB4794,Winston AI,mixed,1,0.1988,3850,Mathematics,Junior,0.5761,0.1740,0.5791
SUB4795,GPTZero,ai_generated,0,0.4634,773,Mathematics,Freshman,0.4322,0.3500,0.8878
SUB4796,Winston AI,ai_generated,1,0.4858,4531,Psychology,Graduate,0.5639,0.3845,0.8653
SUB4797,GPTZero,mixed,1,0.7736,3415,History,Freshman,0.3841,0.3466,0.6498
SUB4798,Originality.ai,human_written,0,0.4402,2249,History,Sophomore,0.5162,0.2445,0.0000
SUB4799,Turnitin,human_written,0,0.4382,4959,English,Freshman,0.4443,0.3519,0.0534
SUB4800,Turnitin,human_written,0,0.0766,1738,Computer Science,Graduate,0.6295,0.2018,0.0182
SUB4801,GPTZero,human_written,0,0.7912,593,History,Junior,0.5894,0.2195,0.1639
SUB4802,Turnitin,ai_generated,0,0.1726,3800,Mathematics,Sophomore,0.2958,0.2391,0.7907
SUB4803,Originality.ai,ai_generated,1,0.5072,1712,English,Senior,0.2500,0.2503,0.8332
SUB4804,Copyleaks,human_written,0,0.4080,1732,Mathematics,Senior,0.2682,0.3002,0.0617
SUB4805,Originality.ai,ai_generated,1,0.3165,1174,Computer Science,Freshman,0.4882,0.2731,0.9329
SUB4806,Turnitin,ai_generated,1,0.3386,1694,Biology,Freshman,0.6329,0.2544,0.7100
SUB4807,Turnitin,human_written,0,0.3206,3393,Mathematics,Senior,0.5460,0.2205,0.0456
SUB4808,Winston AI,human_written,0,0.0844,3598,Biology,Junior,0.7158,0.2665,0.1112
SUB4809,Copyleaks,human_written,0,0.2699,2422,Computer Science,Junior,0.3407,0.2770,0.0940
SUB4810,Turnitin,human_written,0,0.1257,4846,Computer Science,Sophomore,0.5091,0.3369,0.0984
SUB4811,Copyleaks,human_written,0,0.4569,3254,Physics,Graduate,0.4889,0.2018,0.0000
SUB4812,Turnitin,human_written,0,0.5244,4181,Physics,Junior,0.5070,0.1559,0.0847
SUB4813,Turnitin,ai_generated,1,0.1540,2601,Biology,Sophomore,0.4326,0.4468,0.9862
SUB4814,Originality.ai,human_written,0,0.0811,2572,English,Graduate,0.3887,0.4213,0.0000
SUB4815,Copyleaks,human_written,0,0.3594,4109,Physics,Junior,0.3585,0.4354,0.0115
SUB4816,Turnitin,ai_generated,0,0.3129,4292,Physics,Senior,0.4306,0.3810,0.8540
SUB4817,Turnitin,human_written,0,0.7099,3840,Psychology,Junior,0.6064,0.2448,0.0733
SUB4818,Copyleaks,mixed,0,0.1324,4349,Computer Science,Junior,0.3288,0.3276,0.4252
SUB4819,Winston AI,human_written,0,0.3815,807,English,Sophomore,0.3918,0.2595,0.1262
SUB4820,Copyleaks,human_written,1,0.2786,773,Computer Science,Sophomore,0.5598,0.4046,0.0530
SUB4821,Winston AI,human_written,0,0.2622,3807,Psychology,Senior,0.5043,0.2051,0.0700
SUB4822,Copyleaks,human_written,0,0.1609,3453,History,Junior,0.4250,0.1926,0.0009
SUB4823,Originality.ai,mixed,0,0.6683,2526,English,Senior,0.5277,0.4364,0.3667
SUB4824,Originality.ai,ai_generated,1,0.1111,3202,Chemistry,Senior,0.6824,0.2763,0.8129
SUB4825,Copyleaks,human_written,0,0.7633,802,History,Graduate,0.4427,0.3098,0.0247
SUB4826,GPTZero,human_written,0,0.3728,1215,History,Junior,0.8414,0.2830,0.1529
SUB4827,Originality.ai,mixed,1,0.8564,4252,History,Freshman,0.6193,0.3194,0.4380
SUB4828,Turnitin,ai_generated,1,0.6924,3959,Biology,Sophomore,0.5123,0.3970,0.7624
SUB4829,Winston AI,human_written,0,0.3462,2587,Biology,Senior,0.5795,0.1805,0.0880
SUB4830,Winston AI,human_written,1,0.2354,1166,Mathematics,Senior,0.6886,0.1797,0.1211
SUB4831,Turnitin,human_written,0,0.2247,629,Psychology,Senior,0.8074,0.2788,0.1320
SUB4832,Originality.ai,ai_generated,1,0.3941,4677,Biology,Freshman,0.5042,0.2537,0.7745
SUB4833,Turnitin,ai_generated,1,0.3398,2328,English,Sophomore,0.5820,0.2543,1.0000
SUB4834,Turnitin,mixed,1,0.6102,2807,History,Senior,0.3361,0.3097,0.4941
SUB4835,Turnitin,ai_generated,0,0.5555,3160,Physics,Senior,0.2568,0.4793,0.7302
SUB4836,Winston AI,human_written,0,0.2833,2555,Chemistry,Senior,0.6385,0.3303,0.1478
SUB4837,Copyleaks,human_written,1,0.6655,2727,English,Junior,0.3038,0.2360,0.0302
SUB4838,Originality.ai,ai_generated,1,0.2333,2935,Computer Science,Freshman,0.5329,0.2787,0.9386
SUB4839,Winston AI,ai_generated,1,0.6019,3207,English,Freshman,0.6411,0.3020,0.9871
SUB4840,Originality.ai,ai_generated,1,0.2651,1337,Biology,Junior,0.1971,0.2667,0.7845
SUB4841,GPTZero,mixed,0,0.3247,575,Mathematics,Freshman,0.3354,0.1430,0.5242
SUB4842,GPTZero,human_written,0,0.4079,3099,Mathematics,Senior,0.1490,0.2155,0.1547
SUB4843,Copyleaks,mixed,0,0.1186,1713,Psychology,Freshman,0.3729,0.2429,0.3391
SUB4844,Turnitin,mixed,0,0.2118,3433,Psychology,Junior,0.2494,0.5263,0.3534
SUB4845,GPTZero,mixed,0,0.4573,1116,Mathematics,Freshman,0.5056,0.3578,0.2234
SUB4846,Originality.ai,ai_generated,0,0.3761,2083,Physics,Graduate,0.5591,0.2487,0.8833
SUB4847,Copyleaks,human_written,0,0.3462,3935,Mathematics,Junior,0.4976,0.2065,0.0120
SUB4848,Originality.ai,human_written,0,0.2900,1925,History,Junior,0.5824,0.3589,0.0016
SUB4849,GPTZero,mixed,0,0.1342,1626,Chemistry,Freshman,0.5914,0.4182,0.1463
SUB4850,Turnitin,human_written,0,0.5401,2826,Psychology,Senior,0.4631,0.1403,0.0705
SUB4851,Winston AI,mixed,0,0.2671,4825,History,Senior,0.5823,0.1620,0.4717
SUB4852,Copyleaks,mixed,0,0.2953,4514,Mathematics,Freshman,0.5964,0.3256,0.2223
SUB4853,Originality.ai,human_written,0,0.2555,3392,Mathematics,Senior,0.6585,0.3099,0.0049
SUB4854,Originality.ai,human_written,0,0.6876,2398,Physics,Junior,0.3952,0.4859,0.0346
SUB4855,Winston AI,human_written,0,0.2976,4392,Psychology,Graduate,0.4335,0.2174,0.1039
SUB4856,GPTZero,human_written,0,0.4242,3257,Mathematics,Junior,0.4673,0.3908,0.1485
SUB4857,Originality.ai,ai_generated,0,0.1965,1013,English,Graduate,0.1700,0.4209,0.7902
SUB4858,Originality.ai,ai_generated,1,0.4265,3396,History,Freshman,0.7028,0.2043,0.8164
SUB4859,Winston AI,human_written,0,0.6591,1339,English,Junior,0.6162,0.3885,0.1400
SUB4860,GPTZero,mixed,1,0.0977,1501,Biology,Sophomore,0.3759,0.3884,0.5928
SUB4861,Originality.ai,human_written,0,0.4866,643,Chemistry,Senior,0.6478,0.3689,0.0685
SUB4862,GPTZero,human_written,0,0.4556,1352,Computer Science,Senior,0.4338,0.2221,0.1979
SUB4863,Turnitin,ai_generated,1,0.3736,3963,Mathematics,Sophomore,0.7783,0.2739,0.7828
SUB4864,Copyleaks,mixed,0,0.1439,3806,Biology,Senior,0.5493,0.2099,0.3463
SUB4865,Originality.ai,human_written,0,0.2422,2327,Mathematics,Junior,0.3250,0.3353,0.0000
SUB4866,Winston AI,human_written,0,0.5631,3362,Physics,Freshman,0.5851,0.1766,0.1165
SUB4867,Turnitin,mixed,1,0.1064,1510,Physics,Senior,0.6262,0.1717,0.3552
SUB4868,Originality.ai,human_written,0,0.3301,1836,Computer Science,Graduate,0.5146,0.3453,0.0173
SUB4869,Originality.ai,ai_generated,0,0.4770,2258,Psychology,Senior,0.5443,0.3482,0.7098
SUB4870,GPTZero,mixed,0,0.4245,1653,English,Senior,0.6525,0.2801,0.6049
SUB4871,GPTZero,mixed,0,0.4522,3063,History,Graduate,0.5715,0.4599,0.4138
SUB4872,GPTZero,ai_generated,1,0.3865,3365,English,Freshman,0.5679,0.2491,0.9053
SUB4873,Originality.ai,human_written,0,0.0863,3595,Chemistry,Senior,0.6554,0.2917,0.0000
SUB4874,Originality.ai,ai_generated,1,0.2022,2836,Physics,Senior,0.6599,0.3694,0.7376
SUB4875,GPTZero,human_written,0,0.5754,3638,English,Freshman,0.2276,0.2729,0.1461
SUB4876,GPTZero,ai_generated,0,0.3047,1945,Biology,Graduate,0.5223,0.2770,0.8581
SUB4877,GPTZero,ai_generated,0,0.7673,3617,Mathematics,Senior,0.3539,0.2446,0.7970
SUB4878,Winston AI,mixed,0,0.4980,2889,Computer Science,Graduate,0.2734,0.1728,0.5802
SUB4879,Copyleaks,human_written,0,0.5660,4990,History,Graduate,0.6374,0.2732,0.0165
SUB4880,Winston AI,human_written,0,0.2069,2564,Physics,Freshman,0.3876,0.0775,0.1544
SUB4881,GPTZero,ai_generated,1,0.3787,4519,Chemistry,Graduate,0.4892,0.2875,0.9348
SUB4882,Turnitin,mixed,0,0.8164,2248,English,Freshman,0.4423,0.3798,0.3267
SUB4883,GPTZero,ai_generated,1,0.6486,4982,History,Sophomore,0.4483,0.2470,1.0000
SUB4884,Originality.ai,human_written,0,0.3931,3264,Chemistry,Freshman,0.2727,0.1841,0.0432
SUB4885,Winston AI,mixed,0,0.3315,3701,Mathematics,Senior,0.3834,0.2853,0.3715
SUB4886,Originality.ai,ai_generated,1,0.6033,4631,Biology,Junior,0.3731,0.2002,0.6883
SUB4887,Copyleaks,ai_generated,1,0.2849,3441,Mathematics,Senior,0.4938,0.3609,0.7378
SUB4888,Winston AI,human_written,0,0.7165,602,Mathematics,Graduate,0.4243,0.0572,0.1652
SUB4889,GPTZero,mixed,0,0.4634,856,Biology,Freshman,0.4913,0.1734,0.5742
SUB4890,GPTZero,human_written,0,0.1334,647,Biology,Senior,0.4922,0.1625,0.1112
SUB4891,Originality.ai,ai_generated,1,0.0937,3086,Computer Science,Graduate,0.2722,0.3886,0.6226
SUB4892,GPTZero,human_written,1,0.2164,2679,Biology,Graduate,0.2541,0.3401,0.1766
SUB4893,Winston AI,ai_generated,1,0.3204,4622,Biology,Sophomore,0.4179,0.1272,0.9572
SUB4894,GPTZero,human_written,1,0.2603,1370,Computer Science,Freshman,0.6627,0.1384,0.1536
SUB4895,Winston AI,mixed,1,0.2614,2575,Chemistry,Junior,0.4978,0.2525,0.3890
SUB4896,Copyleaks,ai_generated,1,0.2202,4910,Biology,Junior,0.4443,0.2284,0.8867
SUB4897,Turnitin,human_written,0,0.5755,2441,Psychology,Freshman,0.6467,0.3323,0.0132
SUB4898,GPTZero,mixed,1,0.3408,2006,Chemistry,Freshman,0.4830,0.2860,0.6502
SUB4899,Originality.ai,human_written,0,0.4965,1474,Biology,Junior,0.5081,0.1694,0.0000
SUB4900,GPTZero,human_written,0,0.3627,931,Chemistry,Senior,0.5620,0.4166,0.1454
SUB4901,Copyleaks,human_written,0,0.0448,3382,English,Senior,0.6419,0.3917,0.0523
SUB4902,GPTZero,human_written,0,0.6665,4587,Computer Science,Graduate,0.4870,0.3363,0.1219
SUB4903,Originality.ai,mixed,0,0.3624,2662,Biology,Freshman,0.5166,0.2599,0.2471
SUB4904,Turnitin,human_written,0,0.3705,2526,History,Sophomore,0.5497,0.2859,0.0000
SUB4905,Winston AI,ai_generated,1,0.7838,2805,English,Freshman,0.4413,0.4008,1.0000
SUB4906,Winston AI,human_written,0,0.4925,4707,Biology,Junior,0.5047,0.0796,0.1503
SUB4907,Originality.ai,ai_generated,1,0.6343,1339,Biology,Junior,0.5505,0.1282,0.8731
SUB4908,Turnitin,human_written,0,0.1408,3259,Computer Science,Freshman,0.5978,0.2929,0.0054
SUB4909,Originality.ai,human_written,0,0.2536,1575,History,Graduate,0.6683,0.2759,0.0000
SUB4910,Originality.ai,ai_generated,1,0.5346,3743,Computer Science,Junior,0.8267,0.4360,0.8146
SUB4911,Originality.ai,human_written,0,0.6632,1843,Computer Science,Junior,0.6154,0.2998,0.0449
SUB4912,GPTZero,ai_generated,1,0.2476,1871,History,Senior,0.6735,0.3554,0.8435
SUB4913,GPTZero,ai_generated,1,0.2912,4154,Psychology,Senior,0.5609,0.0904,0.9567
SUB4914,Copyleaks,mixed,1,0.3597,1533,English,Graduate,0.6372,0.1909,0.5141
SUB4915,Originality.ai,mixed,1,0.7898,2975,Psychology,Freshman,0.4965,0.3599,0.5777
SUB4916,Turnitin,mixed,1,0.6757,1243,Physics,Graduate,0.3000,0.1690,0.5485
SUB4917,Copyleaks,ai_generated,1,0.6998,1094,English,Freshman,0.7782,0.3627,0.9410
SUB4918,Turnitin,ai_generated,1,0.3542,4589,Physics,Graduate,0.5473,0.3467,0.8162
SUB4919,Copyleaks,mixed,0,0.3395,4442,English,Graduate,0.6566,0.1039,0.4396
SUB4920,GPTZero,human_written,0,0.5524,1533,Computer Science,Senior,0.1948,0.2698,0.1217
SUB4921,GPTZero,human_written,0,0.4907,3940,History,Sophomore,0.3143,0.3932,0.1967
SUB4922,Originality.ai,ai_generated,1,0.6697,4213,Mathematics,Freshman,0.8596,0.3412,0.8238
SUB4923,GPTZero,human_written,0,0.1166,4089,Computer Science,Senior,0.2921,0.3443,0.1968
SUB4924,Turnitin,ai_generated,0,0.5413,1310,History,Junior,0.4259,0.3554,0.7584
SUB4925,GPTZero,human_written,0,0.8004,4331,Physics,Senior,0.5500,0.2027,0.1249
SUB4926,Originality.ai,human_written,0,0.2525,1220,English,Senior,0.4095,0.1096,0.0000
SUB4927,Turnitin,human_written,0,0.3718,4471,Physics,Junior,0.4757,0.3241,0.0470
SUB4928,Copyleaks,mixed,1,0.1247,1088,Mathematics,Sophomore,0.4421,0.3397,0.4640
SUB4929,Originality.ai,ai_generated,1,0.6214,2492,Biology,Sophomore,0.5598,0.1247,0.9338
SUB4930,Copyleaks,ai_generated,0,0.3963,3267,Mathematics,Senior,0.5356,0.2945,0.8342
SUB4931,Originality.ai,mixed,0,0.3909,582,Biology,Senior,0.5910,0.2319,0.0683
SUB4932,Winston AI,human_written,1,0.0485,4904,Computer Science,Graduate,0.7115,0.3560,0.1549
SUB4933,GPTZero,mixed,1,0.3769,4443,Computer Science,Junior,0.1249,0.1313,0.4177
SUB4934,GPTZero,human_written,0,0.4737,2688,Physics,Freshman,0.5288,0.2477,0.1719
SUB4935,Copyleaks,ai_generated,1,0.5296,683,Chemistry,Senior,0.5382,0.4685,0.7888
SUB4936,Turnitin,ai_generated,1,0.3373,1328,History,Sophomore,0.5814,0.0964,0.7346
SUB4937,Turnitin,human_written,0,0.7357,2370,History,Graduate,0.5844,0.2794,0.0338
SUB4938,Copyleaks,mixed,1,0.7012,4910,Psychology,Junior,0.5870,0.2789,0.4057
SUB4939,GPTZero,human_written,0,0.1334,1827,English,Senior,0.7454,0.2533,0.1861
SUB4940,Copyleaks,ai_generated,1,0.3399,3788,History,Junior,0.4579,0.2488,0.8152
SUB4941,Turnitin,human_written,0,0.3639,3461,History,Graduate,0.5706,0.4433,0.0806
SUB4942,Copyleaks,human_written,0,0.3186,1354,Computer Science,Junior,0.2114,0.3156,0.0305
SUB4943,GPTZero,mixed,0,0.7403,4528,Computer Science,Senior,0.5381,0.3146,0.3313
SUB4944,Originality.ai,human_written,0,0.7979,1707,Physics,Sophomore,0.4873,0.3182,0.0000
SUB4945,Turnitin,ai_generated,1,0.2744,2723,Biology,Senior,0.5725,0.4020,0.7448
SUB4946,GPTZero,ai_generated,1,0.4261,2420,Psychology,Sophomore,0.3744,0.3127,1.0000
SUB4947,Copyleaks,human_written,0,0.1882,793,History,Graduate,0.6154,0.2311,0.0000
SUB4948,GPTZero,mixed,0,0.0488,4933,Biology,Graduate,0.6337,0.2101,0.3488
SUB4949,Copyleaks,human_written,0,0.4903,4827,Chemistry,Senior,0.4792,0.1178,0.0000
SUB4950,Winston AI,ai_generated,1,0.3552,2044,Physics,Graduate,0.4523,0.1540,0.8108
SUB4951,Turnitin,ai_generated,1,0.4299,1174,Physics,Senior,0.4413,0.3591,0.8975
SUB4952,GPTZero,human_written,0,0.6267,2394,Biology,Sophomore,0.5088,0.1140,0.1338
SUB4953,Winston AI,ai_generated,0,0.6982,3354,History,Graduate,0.5122,0.1510,0.7585
SUB4954,Originality.ai,ai_generated,1,0.3498,2625,Biology,Graduate,0.3901,0.2439,0.7560
SUB4955,GPTZero,human_written,0,0.2775,3966,Chemistry,Sophomore,0.7522,0.3225,0.1366
SUB4956,Originality.ai,mixed,0,0.1656,3101,Computer Science,Sophomore,0.3073,0.3313,0.3349
SUB4957,Copyleaks,ai_generated,1,0.6769,1420,Physics,Senior,0.5512,0.5432,0.7692
SUB4958,GPTZero,ai_generated,0,0.3092,1285,Mathematics,Graduate,0.4226,0.4012,0.9295
SUB4959,Winston AI,ai_generated,1,0.5818,4274,Mathematics,Sophomore,0.4392,0.4223,0.9455
SUB4960,Originality.ai,human_written,0,0.2671,623,Mathematics,Sophomore,0.3612,0.2266,0.0000
SUB4961,Turnitin,human_written,1,0.6160,3838,Computer Science,Senior,0.4772,0.4118,0.0568
SUB4962,Turnitin,human_written,0,0.2180,2104,Mathematics,Junior,0.6389,0.2202,0.0438
SUB4963,Copyleaks,mixed,1,0.6349,1797,Mathematics,Senior,0.4563,0.4751,0.2893
SUB4964,Originality.ai,human_written,0,0.4142,884,English,Graduate,0.3495,0.3459,0.0000
SUB4965,Copyleaks,mixed,1,0.4193,1763,Biology,Senior,0.5422,0.2201,0.5093
SUB4966,Turnitin,human_written,0,0.5985,783,Physics,Graduate,0.4115,0.2139,0.0467
SUB4967,GPTZero,mixed,1,0.4802,602,English,Sophomore,0.5065,0.0859,0.5393
SUB4968,Winston AI,mixed,1,0.3391,3607,Psychology,Freshman,0.6731,0.1629,0.3775
SUB4969,GPTZero,ai_generated,1,0.2949,3778,English,Junior,0.5977,0.4495,0.9410
SUB4970,Winston AI,human_written,0,0.5027,2443,Computer Science,Junior,0.4540,0.1419,0.0690
SUB4971,GPTZero,human_written,0,0.3114,1789,Chemistry,Freshman,0.2680,0.1278,0.1311
SUB4972,Copyleaks,human_written,0,0.3849,4787,Computer Science,Freshman,0.5196,0.3077,0.0506
SUB4973,Originality.ai,human_written,0,0.3706,3181,Computer Science,Senior,0.3672,0.5186,0.0000
SUB4974,Winston AI,ai_generated,1,0.3204,4586,Chemistry,Senior,0.3172,0.1731,1.0000
SUB4975,Winston AI,human_written,0,0.7729,4460,English,Graduate,0.4483,0.3970,0.1201
SUB4976,GPTZero,ai_generated,1,0.4448,3858,History,Junior,0.4249,0.0996,1.0000
SUB4977,GPTZero,mixed,0,0.1852,2420,History,Senior,0.5037,0.3764,0.6531
SUB4978,Winston AI,mixed,1,0.2626,4780,Mathematics,Graduate,0.5393,0.2377,0.1934
SUB4979,GPTZero,human_written,1,0.3240,2659,Chemistry,Freshman,0.4273,0.3904,0.1686
SUB4980,Originality.ai,ai_generated,1,0.4106,2560,Physics,Graduate,0.7544,0.3570,0.7571
SUB4981,GPTZero,human_written,0,0.2704,3591,Chemistry,Junior,0.6976,0.2583,0.1281
SUB4982,Winston AI,human_written,0,0.8227,4529,Chemistry,Sophomore,0.4593,0.2962,0.1552
SUB4983,Copyleaks,ai_generated,1,0.6543,2639,History,Senior,0.6783,0.2164,0.8721
SUB4984,Copyleaks,human_written,0,0.1001,1416,Physics,Freshman,0.4480,0.4992,0.0000
SUB4985,Winston AI,human_written,0,0.1882,1446,Chemistry,Sophomore,0.4897,0.1718,0.1577
SUB4986,Winston AI,mixed,1,0.3554,3856,Biology,Junior,0.5577,0.1520,0.6389
SUB4987,Winston AI,ai_generated,1,0.1422,3045,Physics,Graduate,0.1698,0.2511,1.0000
SUB4988,GPTZero,human_written,0,0.3843,4542,English,Sophomore,0.6157,0.4621,0.1356
SUB4989,Winston AI,human_written,0,0.4606,2073,Psychology,Senior,0.6265,0.3861,0.1327
SUB4990,Copyleaks,ai_generated,1,0.3637,1082,Psychology,Sophomore,0.5669,0.2883,0.7580
SUB4991,Turnitin,human_written,0,0.2650,4582,Computer Science,Freshman,0.4668,0.3710,0.0435
SUB4992,Winston AI,human_written,0,0.1977,1310,Computer Science,Graduate,0.3208,0.0630,0.1906
SUB4993,Turnitin,human_written,0,0.2038,4212,Computer Science,Freshman,0.4994,0.4544,0.0438
SUB4994,Turnitin,human_written,0,0.4304,1017,Biology,Senior,0.6109,0.3741,0.0634
SUB4995,Copyleaks,human_written,0,0.2020,4367,Physics,Senior,0.4036,0.2343,0.0000
SUB4996,Originality.ai,human_written,0,0.2528,4355,Psychology,Sophomore,0.5902,0.3641,0.0000
SUB4997,GPTZero,ai_generated,1,0.1551,794,Psychology,Junior,0.4520,0.4726,1.0000
SUB4998,Copyleaks,human_written,0,0.3583,907,Physics,Graduate,0.3685,0.2828,0.0000
SUB4999,Copyleaks,ai_generated,1,0.2568,3412,Physics,Graduate,0.2859,0.1969,0.8528
