AI0000,Fall 2026,Case Study,0,50,1438,10,34.75439453125,2026-08-08 21:49:52.565672,58.2953948974609
AI0001,Fall 2026,Essay,0,54,1312,8,42.488395690918,2026-08-06 21:49:52.572432,96.9115219116211
AI0002,Fall 2026,Research Paper,1,56,1407,4,35.1366004943848,2026-07-20 21:49:52.573326,72.3334808349609
AI0003,Summer 2026,Lab Report,0,37,1764,8,12.0574636459351,2026-08-27 21:49:52.574060,98.1275100708008
AI0004,Fall 2026,Essay,0,69,699,6,34.1863098144531,2026-03-26 21:49:52.574758,74.2850799560547
AI0005,Spring 2026,Essay,1,43,1540,11,67.1304626464844,2026-06-13 21:49:52.578196,74.0731430053711
AI0006,Fall 2026,Essay,0,58,2069,7,24.4383430480957,2026-09-07 21:49:52.578663,77.9731903076172
AI0007,Spring 2026,Essay,1,40,1820,8,41.6714935302734,2026-04-20 21:49:52.579115,73.4707412719727
AI0008,Fall 2026,Literature Review,1,51,2037,9,62.0479316711426,2026-04-13 21:49:52.580167,69.754638671875
AI0009,Summer 2026,Research Paper,0,52,1581,11,46.1616516113281,2026-08-15 21:49:52.580754,75.7683868408203
AI0010,Fall 2026,Research Paper,1,50,511,13,29.8038291931152,2026-07-15 21:49:52.581114,75.8581695556641
AI0011,Spring 2026,Literature Review,1,46,1334,8,33.582820892334,2026-05-03 21:49:52.581942,77.9384002685547
AI0012,Spring 2026,Lab Report,0,24,1689,7,28.1419582366943,2026-07-16 21:49:52.582449,64.7625045776367
AI0013,Fall 2026,Essay,0,58,1420,7,36.9977264404297,2026-06-14 21:49:52.582933,68.0214767456055
AI0014,Summer 2026,Literature Review,0,53,1743,6,15.6929092407227,2026-09-05 21:49:52.583416,83.2932281494141
AI0015,Summer 2026,Literature Review,1,52,1039,9,9.10966777801514,2026-07-05 21:49:52.583893,81.667350769043
AI0016,Summer 2026,Case Study,0,40,979,10,31.618070602417,2026-03-28 21:49:52.584391,79.8275299072266
AI0017,Fall 2025,Lab Report,0,21,844,4,19.6510009765625,2026-03-29 21:49:52.584872,66.4908294677734
AI0018,Fall 2026,Research Paper,0,56,1254,10,57.0191268920898,2026-07-13 21:49:52.585380,72.2575836181641
AI0019,Fall 2026,Essay,1,55,1147,16,5.22764825820923,2026-06-23 21:49:52.585857,74.35888671875
AI0020,Spring 2026,Essay,0,43,1199,10,22.3229084014893,2026-04-22 21:49:52.586358,52.9128837585449
AI0021,Summer 2026,Lab Report,0,40,1293,6,33.9916000366211,2026-06-26 21:49:52.586825,77.0645904541016
AI0022,Fall 2025,Research Paper,0,23,972,7,16.8532733917236,2026-07-26 21:49:52.587360,65.1047515869141
AI0023,Fall 2026,Essay,1,68,1645,8,41.6876754760742,2026-03-29 21:49:52.587836,79.266471862793
AI0024,Fall 2025,Research Paper,0,24,1587,5,11.6684122085571,2026-06-01 21:49:52.588339,96.1448745727539
AI0025,Spring 2026,Essay,1,38,1298,12,12.1475515365601,2026-06-10 21:49:52.588810,75.1958923339844
AI0026,Summer 2026,Essay,1,48,1168,10,59.4157257080078,2026-07-20 21:49:52.592054,76.5268478393555
AI0027,Fall 2026,Literature Review,0,66,1737,5,63.0426826477051,2026-08-09 21:49:52.593222,73.1857833862305
AI0028,Fall 2026,Lab Report,1,43,2043,7,22.8579120635986,2026-04-29 21:49:52.594280,77.4003143310547
AI0029,Fall 2025,Literature Review,0,30,793,7,30.6848526000977,2026-07-25 21:49:52.594867,83.3481292724609
AI0030,Fall 2026,Lab Report,1,37,1589,8,17.48850440979,2026-07-25 21:49:52.596417,77.6737976074219
AI0031,Fall 2026,Essay,1,56,1526,7,15.8740997314453,2026-03-21 21:49:52.600109,76.8959350585938
AI0032,Summer 2026,Literature Review,0,55,1777,10,21.2810230255127,2026-06-09 21:49:52.600913,71.7623443603516
AI0033,Summer 2026,Literature Review,0,52,2043,1,6.15808534622192,2026-05-16 21:49:52.604082,81.7545928955078
AI0034,Fall 2026,Case Study,1,46,1460,7,28.6108226776123,2026-07-26 21:49:52.605595,76.6512451171875
AI0035,Fall 2026,Lab Report,0,33,724,12,22.9078254699707,2026-05-08 21:49:52.606217,92.044792175293
AI0036,Fall 2025,Literature Review,1,46,1749,5,12.2420244216919,2026-05-17 21:49:52.606708,76.1083831787109
AI0037,Fall 2026,Research Paper,0,68,1009,6,31.4193058013916,2026-08-01 21:49:52.607206,67.9746322631836
AI0038,Spring 2026,Essay,1,48,1324,12,8.98371982574463,2026-04-20 21:49:52.607671,81.3921203613281
AI0039,Fall 2025,Literature Review,1,32,1700,1,14.4457235336304,2026-07-08 21:49:52.608157,65.6726379394531
AI0040,Fall 2026,Essay,1,64,1180,11,52.4198379516602,2026-08-20 21:49:52.608614,82.7692108154297
AI0041,Fall 2026,Research Paper,0,57,1774,12,76.8679351806641,2026-06-07 21:49:52.609131,70.8385391235352
AI0042,Spring 2026,Lab Report,0,16,1112,11,16.021800994873,2026-05-05 21:49:52.609619,81.3346862792969
AI0043,Spring 2026,Essay,0,30,1575,11,18.5426807403564,2026-04-30 21:49:52.610261,81.7390518188477
AI0044,Fall 2025,Research Paper,0,31,743,9,4.03440141677856,2026-04-20 21:49:52.610786,88.9594497680664
AI0045,Fall 2026,Research Paper,1,58,1004,7,35.4827194213867,2026-04-02 21:49:52.611325,76.5556488037109
AI0046,Summer 2026,Literature Review,0,54,1884,8,45.6275062561035,2026-03-30 21:49:52.611834,71.5584182739258
AI0047,Summer 2026,Case Study,1,32,860,4,18.1969432830811,2026-06-11 21:49:52.612293,80.6595840454102
AI0048,Summer 2026,Literature Review,0,60,988,3,13.4780015945435,2026-05-30 21:49:52.612773,70.4502792358398
AI0049,Fall 2025,Literature Review,0,37,1842,7,42.2090492248535,2026-09-02 21:49:52.613140,31.7091426849365
AI0050,Spring 2026,Essay,1,45,1968,14,21.0973339080811,2026-05-21 21:49:52.613391,83.9817810058594
AI0051,Summer 2026,Literature Review,0,55,1971,5,32.9222145080566,2026-04-21 21:49:52.613642,59.0493621826172
AI0052,Fall 2026,Research Paper,1,63,1462,6,6.35043430328369,2026-05-14 21:49:52.613887,84.2807693481445
AI0053,Summer 2026,Literature Review,0,54,1353,5,57.4982109069824,2026-07-11 21:49:52.614389,89.8771896362305
AI0054,Fall 2026,Literature Review,1,71,1402,5,35.723705291748,2026-05-14 21:49:52.616216,79.4577941894531
AI0055,Fall 2025,Lab Report,1,16,1187,9,62.7077217102051,2026-09-01 21:49:52.617233,79.0751190185547
AI0056,Fall 2026,Essay,1,61,1220,4,29.4555835723877,2026-04-07 21:49:52.617826,87.9220123291016
AI0057,Fall 2026,Case Study,1,52,1292,3,34.5219917297363,2026-06-29 21:49:52.618125,80.8323974609375
AI0058,Spring 2026,Literature Review,0,44,1245,6,60.9346542358398,2026-07-28 21:49:52.619126,66.9688339233398
AI0059,Fall 2025,Essay,0,32,1552,8,32.9256477355957,2026-06-25 21:49:52.619430,62.9057655334473
AI0060,Fall 2026,Research Paper,1,52,2298,6,26.9993705749512,2026-04-06 21:49:52.619674,72.5259704589844
AI0061,Spring 2026,Essay,1,32,1355,12,59.7717895507813,2026-08-19 21:49:52.619925,78.2267379760742
AI0062,Fall 2026,Lab Report,0,35,1311,14,14.3094282150269,2026-05-13 21:49:52.620182,69.9530715942383
AI0063,Fall 2026,Research Paper,0,49,1540,9,35.5891609191895,2026-07-08 21:49:52.620424,62.2210235595703
AI0064,Fall 2026,Case Study,1,37,1075,12,46.6735954284668,2026-05-30 21:49:52.620664,81.0160217285156
AI0065,Fall 2026,Literature Review,1,67,1639,10,47.513973236084,2026-08-09 21:49:52.620915,80.0590744018555
AI0066,Fall 2026,Literature Review,1,62,1529,4,27.5272274017334,2026-08-15 21:49:52.621216,72.6553497314453
AI0067,Spring 2026,Literature Review,0,58,740,6,66.22119140625,2026-06-20 21:49:52.621671,76.2151794433594
AI0068,Spring 2026,Case Study,0,29,1586,12,27.2990283966064,2026-07-23 21:49:52.622006,80.5105056762695
AI0069,Spring 2026,Research Paper,0,33,1303,5,7.73221254348755,2026-03-23 21:49:52.622291,44.8435516357422
AI0070,Fall 2026,Research Paper,0,50,1375,13,12.9961109161377,2026-07-20 21:49:52.622674,86.7807998657227
AI0071,Fall 2026,Research Paper,1,53,1051,9,41.4306793212891,2026-09-07 21:49:52.622921,69.331413269043
AI0072,Fall 2026,Research Paper,0,49,1725,18,31.2018089294434,2026-06-05 21:49:52.623182,65.591178894043
AI0073,Fall 2026,Lab Report,0,41,1151,4,46.1632308959961,2026-04-13 21:49:52.623606,80.5243759155273
AI0074,Spring 2026,Literature Review,1,46,2333,5,47.9360313415527,2026-07-08 21:49:52.624002,85.589469909668
AI0075,Summer 2026,Case Study,1,37,1980,7,12.3491735458374,2026-08-13 21:49:52.624334,78.3444519042969
AI0076,Spring 2026,Case Study,1,33,964,5,42.1799354553223,2026-03-25 21:49:52.624587,84.7943572998047
AI0077,Fall 2026,Case Study,0,52,1106,11,77.5827560424805,2026-03-17 21:49:52.624844,73.253547668457
AI0078,Summer 2026,Essay,1,48,718,9,54.1366996765137,2026-03-22 21:49:52.625106,79.2330017089844
AI0079,Fall 2025,Research Paper,0,23,1793,11,2.35772442817688,2026-03-21 21:49:52.625388,69.0085220336914
AI0080,Fall 2026,Literature Review,1,70,999,16,56.840991973877,2026-04-07 21:49:52.625633,78.7606735229492
AI0081,Fall 2026,Lab Report,0,46,1269,10,10.2438669204712,2026-07-12 21:49:52.625906,56.7683296203613
AI0082,Spring 2026,Essay,0,54,1681,7,8.89961051940918,2026-08-27 21:49:52.626216,68.6992568969727
AI0083,Fall 2026,Literature Review,1,71,1695,9,45.0946807861328,2026-04-02 21:49:52.626465,85.7747421264648
AI0084,Fall 2025,Literature Review,0,35,1358,6,25.5337429046631,2026-04-01 21:49:52.626712,80.3399047851563
AI0085,Fall 2026,Essay,0,57,1050,6,23.5535354614258,2026-04-05 21:49:52.626957,93.416862487793
AI0086,Summer 2026,Literature Review,1,50,1668,12,42.1708717346191,2026-03-12 21:49:52.627209,81.1685333251953
AI0087,Spring 2026,Lab Report,0,18,929,5,25.0773124694824,2026-05-18 21:49:52.627480,69.9231491088867
AI0088,Summer 2026,Case Study,0,43,1267,3,6.3765869140625,2026-04-30 21:49:52.627723,70.3935089111328
AI0089,Summer 2026,Research Paper,1,42,1488,5,49.6648025512695,2026-06-03 21:49:52.627970,80.3733215332031
AI0090,Fall 2025,Research Paper,0,21,2731,5,15.7990436553955,2026-04-01 21:49:52.628247,88.8880081176758
AI0091,Spring 2026,Case Study,0,23,1650,9,69.9372406005859,2026-07-03 21:49:52.628493,80.9597549438477
AI0092,Summer 2026,Lab Report,0,31,1466,10,31.8866958618164,2026-08-29 21:49:52.628789,84.3739700317383
AI0093,Summer 2026,Research Paper,0,47,1601,5,28.6760559082031,2026-07-10 21:49:52.629060,50.9772911071777
AI0094,Spring 2026,Literature Review,0,51,2014,6,21.2734088897705,2026-08-05 21:49:52.629342,88.8563537597656
AI0095,Fall 2026,Case Study,0,46,1719,9,41.5450553894043,2026-05-19 21:49:52.629587,81.1312637329102
AI0096,Spring 2026,Case Study,0,27,1096,4,36.900016784668,2026-04-14 21:49:52.629832,71.8029556274414
AI0097,Fall 2026,Lab Report,0,39,1777,12,25.0630378723145,2026-06-12 21:49:52.630085,73.5318984985352
AI0098,Fall 2026,Literature Review,1,69,1514,7,19.3051071166992,2026-06-29 21:49:52.630334,70.3000793457031
AI0099,Fall 2026,Lab Report,0,48,698,9,11.9336786270142,2026-07-21 21:49:52.630584,82.7085800170898
AI0100,Fall 2026,Lab Report,0,45,1450,5,70.2652587890625,2026-09-07 21:49:52.633710,73.8547515869141
AI0101,Fall 2026,Literature Review,1,67,1827,5,8.2501916885376,2026-08-22 21:49:52.634669,83.7803802490234
AI0102,Spring 2026,Research Paper,0,30,642,5,7.8759822845459,2026-05-16 21:49:52.635390,100
AI0103,Spring 2026,Case Study,0,35,1659,6,28.9003505706787,2026-03-17 21:49:52.636362,74.4486923217773
AI0104,Spring 2026,Research Paper,0,40,1449,7,27.6627769470215,2026-06-24 21:49:52.637410,69.3084106445313
AI0105,Spring 2026,Lab Report,1,20,1892,10,68.5356140136719,2026-08-29 21:49:52.637825,76.6359481811523
AI0106,Summer 2026,Case Study,0,37,2002,11,37.7326202392578,2026-07-05 21:49:52.638120,79.7861709594727
AI0107,Summer 2026,Essay,1,42,1403,5,8.47493171691895,2026-05-06 21:49:52.638394,74.7532806396484
AI0108,Spring 2026,Research Paper,0,28,1300,12,32.9684028625488,2026-07-14 21:49:52.638652,80.0740203857422
AI0109,Summer 2026,Lab Report,0,29,1504,10,43.8579521179199,2026-06-21 21:49:52.639224,82.3490219116211
AI0110,Summer 2026,Research Paper,1,45,1127,8,41.6555480957031,2026-04-27 21:49:52.640078,72.4179916381836
AI0111,Fall 2026,Literature Review,1,68,1852,6,30.9312477111816,2026-03-12 21:49:52.641902,71.8796310424805
AI0112,Fall 2026,Essay,1,69,1864,8,35.3171195983887,2026-05-31 21:49:52.642387,85.4831237792969
AI0113,Fall 2025,Essay,0,30,1263,8,15.3888378143311,2026-08-02 21:49:52.642867,82.4569320678711
AI0114,Spring 2026,Literature Review,0,53,622,6,20.8738403320313,2026-03-15 21:49:52.643404,77.0077133178711
AI0115,Spring 2026,Lab Report,0,23,1201,5,11.7228517532349,2026-06-24 21:49:52.643912,47.6969757080078
AI0116,Fall 2026,Literature Review,0,64,1816,9,37.4193382263184,2026-04-13 21:49:52.644725,81.5531539916992
AI0117,Fall 2026,Lab Report,1,36,1943,7,43.7683639526367,2026-04-10 21:49:52.645474,90.3369979858398
AI0118,Spring 2026,Case Study,0,32,1077,6,55.8029899597168,2026-07-07 21:49:52.646827,73.8166351318359
AI0119,Fall 2026,Case Study,1,48,1926,7,28.1866073608398,2026-05-06 21:49:52.658202,77.9456405639648
AI0120,Fall 2026,Lab Report,0,35,1085,7,45.741527557373,2026-05-23 21:49:52.658756,67.812614440918
AI0121,Fall 2026,Lab Report,0,39,1491,9,76.5720748901367,2026-05-01 21:49:52.659054,69.8247909545898
AI0122,Summer 2026,Lab Report,0,33,1557,6,25.4705009460449,2026-07-13 21:49:52.659321,79.2361831665039
AI0123,Spring 2026,Research Paper,0,43,1910,9,44.9877052307129,2026-06-13 21:49:52.659566,60.4440422058105
AI0124,Fall 2025,Essay,0,25,1265,4,46.0633125305176,2026-04-15 21:49:52.660947,86.7337265014648
AI0125,Spring 2026,Lab Report,0,17,1733,8,19.4846210479736,2026-07-14 21:49:52.661799,61.3912582397461
AI0126,Fall 2025,Research Paper,0,33,987,7,15.4132862091064,2026-08-28 21:49:52.662353,56.7031364440918
AI0127,Fall 2025,Essay,0,26,1327,6,10.6793203353882,2026-06-17 21:49:52.662712,54.5795288085938
AI0128,Summer 2026,Lab Report,0,28,1037,5,7.69151926040649,2026-05-29 21:49:52.662990,97.0976028442383
AI0129,Fall 2025,Research Paper,0,30,1794,4,25.2112197875977,2026-08-12 21:49:52.663263,81.8565444946289
AI0130,Fall 2026,Lab Report,0,39,1002,9,2.68666768074036,2026-05-29 21:49:52.663509,75.8133926391602
AI0131,Fall 2026,Lab Report,0,47,1138,10,36.8313598632813,2026-07-29 21:49:52.663776,80.7201919555664
AI0132,Fall 2026,Literature Review,0,63,1666,10,26.0107669830322,2026-03-30 21:49:52.664038,76.5627059936523
AI0133,Fall 2025,Case Study,0,13,1265,9,22.0224170684814,2026-05-05 21:49:52.666035,66.6926574707031
AI0134,Summer 2026,Lab Report,0,38,1816,11,21.997537612915,2026-08-23 21:49:52.668056,79.0232543945313
AI0135,Fall 2026,Essay,0,59,1522,7,32.4606170654297,2026-07-11 21:49:52.669014,83.3867874145508
AI0136,Fall 2025,Research Paper,0,18,1101,4,27.0817546844482,2026-03-15 21:49:52.669498,72.4344940185547
AI0137,Summer 2026,Literature Review,1,50,1443,13,73.3217468261719,2026-08-30 21:49:52.670032,78.8742599487305
AI0138,Fall 2026,Research Paper,0,55,1721,7,7.57810163497925,2026-06-16 21:49:52.671050,61.940990447998
AI0139,Spring 2026,Essay,1,38,1392,6,13.3117094039917,2026-06-15 21:49:52.671700,78.4169921875
AI0140,Spring 2026,Literature Review,1,42,2031,9,12.1315231323242,2026-07-23 21:49:52.672223,82.4077606201172
AI0141,Fall 2026,Lab Report,0,45,1897,12,40.3204765319824,2026-07-25 21:49:52.672643,83.7473526000977
AI0142,Fall 2025,Lab Report,0,9,1441,9,42.9729804992676,2026-06-08 21:49:52.672983,54.3757553100586
AI0143,Summer 2026,Essay,0,47,1706,8,93.1597290039063,2026-04-25 21:49:52.673248,62.0933418273926
AI0144,Summer 2026,Research Paper,0,49,1422,8,19.2526111602783,2026-09-07 21:49:52.673495,69.8425369262695
AI0145,Spring 2026,Lab Report,0,19,2183,14,51.3887557983398,2026-05-03 21:49:52.673909,75.6418151855469
AI0146,Summer 2026,Case Study,0,41,907,7,24.6475772857666,2026-05-30 21:49:52.674249,89.8295211791992
AI0147,Fall 2026,Research Paper,1,58,2376,10,64.1474227905273,2026-05-04 21:49:52.674508,65.0498886108398
AI0148,Fall 2026,Literature Review,0,67,842,10,30.6400699615479,2026-03-30 21:49:52.674755,74.4268417358398
AI0149,Spring 2026,Research Paper,0,37,1473,6,59.1628799438477,2026-04-18 21:49:52.675026,74.3125610351563
AI0150,Summer 2026,Case Study,0,40,671,7,3.11532139778137,2026-03-15 21:49:52.675355,61.5224685668945
AI0151,Summer 2026,Literature Review,1,55,971,11,76.4541778564453,2026-07-03 21:49:52.675626,72.4621200561523
AI0152,Summer 2026,Case Study,1,43,1368,10,53.3953170776367,2026-08-17 21:49:52.675875,73.2493438720703
AI0153,Summer 2026,Literature Review,0,43,1908,7,69.8027954101563,2026-05-23 21:49:52.676225,61.3792572021484
AI0154,Fall 2025,Literature Review,0,28,1545,8,29.7172985076904,2026-05-01 21:49:52.676503,78.3556823730469
AI0155,Fall 2026,Literature Review,1,65,1863,9,27.2395706176758,2026-03-18 21:49:52.676754,83.3645782470703
AI0156,Fall 2026,Literature Review,1,66,1561,10,24.2764911651611,2026-09-02 21:49:52.677023,73.7060317993164
AI0157,Summer 2026,Lab Report,0,39,2062,8,30.0352020263672,2026-05-23 21:49:52.677303,94.7682571411133
AI0158,Fall 2026,Literature Review,1,64,1350,6,28.8758697509766,2026-03-30 21:49:52.677547,80.7052459716797
AI0159,Fall 2026,Literature Review,0,63,2040,6,16.0547771453857,2026-05-09 21:49:52.677793,92.0612945556641
AI0160,Summer 2026,Research Paper,0,54,1958,12,50.4431381225586,2026-07-25 21:49:52.678056,87.3679962158203
AI0161,Spring 2026,Essay,1,31,715,7,49.5827522277832,2026-07-15 21:49:52.678299,68.9453277587891
AI0162,Fall 2026,Lab Report,0,39,1830,9,10.216344833374,2026-06-02 21:49:52.678547,100
AI0163,Fall 2026,Case Study,1,44,1873,8,23.794116973877,2026-07-02 21:49:52.678788,72.9153137207031
AI0164,Fall 2026,Research Paper,1,55,2178,9,14.2593536376953,2026-04-14 21:49:52.679050,84.2178726196289
AI0165,Fall 2025,Case Study,0,15,1356,5,9.91611480712891,2026-07-09 21:49:52.679319,74.2191848754883
AI0166,Fall 2026,Essay,0,65,1468,6,55.5348625183105,2026-06-20 21:49:52.679613,76.827522277832
AI0167,Fall 2026,Lab Report,0,41,1736,4,48.0830421447754,2026-08-26 21:49:52.679899,51.2389869689941
AI0168,Spring 2026,Literature Review,1,49,1219,6,33.6913070678711,2026-06-04 21:49:52.680168,80.2900543212891
AI0169,Fall 2026,Research Paper,0,51,333,7,21.2669429779053,2026-06-09 21:49:52.680685,85.0789642333984
AI0170,Summer 2026,Essay,0,54,1247,5,20.5485496520996,2026-04-20 21:49:52.683517,59.3459587097168
AI0171,Summer 2026,Research Paper,0,46,1533,1,48.5677337646484,2026-07-14 21:49:52.684013,54.7334632873535
AI0172,Fall 2026,Essay,1,62,1132,10,2.05938243865967,2026-04-07 21:49:52.684585,76.0637893676758
AI0173,Summer 2026,Research Paper,1,46,1059,10,9.30115509033203,2026-06-10 21:49:52.685246,79.2379608154297
AI0174,Fall 2026,Case Study,0,48,1921,6,29.4004173278809,2026-06-01 21:49:52.685742,49.3805999755859
AI0175,Summer 2026,Research Paper,0,47,1295,8,17.4813098907471,2026-03-28 21:49:52.686272,71.9181900024414
AI0176,Fall 2026,Essay,0,65,1721,10,29.3849029541016,2026-06-21 21:49:52.687005,65.5967559814453
AI0177,Summer 2026,Lab Report,0,24,1502,6,8.44126510620117,2026-04-02 21:49:52.687363,73.1588745117188
AI0178,Summer 2026,Lab Report,0,30,1894,10,49.6000595092773,2026-05-10 21:49:52.688485,51.607349395752
AI0179,Fall 2026,Essay,1,57,852,15,6.85317373275757,2026-04-21 21:49:52.689731,77.6622619628906
AI0180,Summer 2026,Literature Review,1,58,1151,5,30.4627990722656,2026-05-31 21:49:52.690260,78.4075698852539
AI0181,Fall 2026,Literature Review,0,69,1643,7,22.2662963867188,2026-06-07 21:49:52.690730,78.8238677978516
AI0182,Fall 2025,Lab Report,0,4,2273,10,20.3938236236572,2026-06-16 21:49:52.691064,61.914249420166
AI0183,Fall 2026,Literature Review,1,56,1071,6,46.2102966308594,2026-05-20 21:49:52.691352,83.6959915161133
AI0184,Fall 2026,Literature Review,1,65,1265,12,30.8904972076416,2026-05-14 21:49:52.691623,79.0370101928711
AI0185,Fall 2026,Literature Review,1,62,1963,11,75.9296875,2026-04-14 21:49:52.691874,92.4481811523438
AI0186,Fall 2026,Research Paper,0,54,1189,6,15.2354078292847,2026-08-30 21:49:52.692508,73.6600036621094
AI0187,Summer 2026,Lab Report,1,28,1824,7,26.0918045043945,2026-08-27 21:49:52.692933,66.2439117431641
AI0188,Summer 2026,Lab Report,1,28,1183,12,70.8050308227539,2026-03-31 21:49:52.693242,79.6912307739258
AI0189,Fall 2025,Case Study,0,21,1714,4,15.2633857727051,2026-06-16 21:49:52.693542,85.3531494140625
AI0190,Summer 2026,Research Paper,1,48,1362,7,50.5615425109863,2026-04-20 21:49:52.693826,75.8832702636719
AI0191,Fall 2026,Research Paper,1,58,1634,6,34.741455078125,2026-04-01 21:49:52.694090,76.2327423095703
AI0192,Fall 2026,Lab Report,1,49,1466,12,39.5395431518555,2026-05-21 21:49:52.694345,78.002311706543
AI0193,Fall 2026,Case Study,0,42,1718,7,24.9887828826904,2026-07-01 21:49:52.694595,84.9753341674805
AI0194,Fall 2026,Lab Report,0,38,1735,7,34.3498802185059,2026-05-12 21:49:52.694880,58.403491973877
AI0195,Fall 2026,Research Paper,1,51,1130,4,35.6820335388184,2026-04-09 21:49:52.695195,71.3930511474609
AI0196,Fall 2025,Essay,0,33,1600,11,5.96343183517456,2026-07-06 21:49:52.695454,69.2964096069336
AI0197,Summer 2026,Research Paper,1,43,1699,13,36.4352340698242,2026-06-13 21:49:52.695695,77.8239669799805
AI0198,Summer 2026,Essay,0,51,2274,11,22.5408382415771,2026-08-04 21:49:52.695946,92.0537948608398
AI0199,Spring 2026,Research Paper,0,41,1236,8,1.79380369186401,2026-05-25 21:49:52.696270,74.2884521484375
AI0200,Summer 2026,Literature Review,1,50,1114,6,16.331916809082,2026-04-22 21:49:52.696542,74.7920379638672
AI0201,Spring 2026,Literature Review,0,48,1488,3,40.4719657897949,2026-06-05 21:49:52.696799,71.7867965698242
AI0202,Spring 2026,Literature Review,1,42,1300,6,3.67679762840271,2026-07-28 21:49:52.697088,78.8769836425781
AI0203,Fall 2026,Literature Review,1,67,2162,6,23.8014144897461,2026-07-16 21:49:52.698047,84.4804306030273
AI0204,Fall 2026,Research Paper,1,51,1494,5,12.1682205200195,2026-04-19 21:49:52.699871,68.9073333740234
AI0205,Summer 2026,Essay,1,44,1265,9,22.4654216766357,2026-05-02 21:49:52.700354,73.0953674316406
AI0206,Fall 2026,Lab Report,0,45,2037,6,39.6174736022949,2026-08-23 21:49:52.701395,85.2401428222656
AI0207,Fall 2026,Literature Review,0,58,1517,8,54.7551879882813,2026-05-04 21:49:52.702785,63.8712387084961
AI0208,Fall 2026,Literature Review,0,55,995,12,20.1904678344727,2026-08-18 21:49:52.704066,70.2888793945313
AI0209,Fall 2025,Lab Report,0,17,2542,12,20.4866695404053,2026-04-16 21:49:52.704871,85.0279235839844
AI0210,Fall 2026,Literature Review,1,72,1737,6,34.7776336669922,2026-03-27 21:49:52.705394,75.8058776855469
AI0211,Fall 2026,Essay,0,59,1460,9,9.72138023376465,2026-06-14 21:49:52.705886,73.9164581298828
AI0212,Summer 2026,Lab Report,1,38,1754,5,9.02837944030762,2026-09-01 21:49:52.706348,73.8017272949219
AI0213,Fall 2026,Literature Review,0,69,1594,2,19.2469654083252,2026-06-10 21:49:52.706797,57.0909080505371
AI0214,Spring 2026,Literature Review,0,41,1067,10,72.0604705810547,2026-06-17 21:49:52.707108,100
AI0215,Summer 2026,Literature Review,0,62,1336,4,12.8751888275146,2026-04-21 21:49:52.707367,68.7364654541016
AI0216,Summer 2026,Case Study,1,43,627,10,26.8329811096191,2026-06-20 21:49:52.707817,77.944580078125
AI0217,Summer 2026,Lab Report,1,36,1254,9,59.8810997009277,2026-08-16 21:49:52.708105,81.4535064697266
AI0218,Spring 2026,Literature Review,1,48,1213,6,6.65744304656982,2026-05-19 21:49:52.708374,81.7553863525391
AI0219,Summer 2026,Essay,0,51,1488,9,31.6442108154297,2026-06-20 21:49:52.708655,91.957160949707
AI0220,Fall 2026,Essay,1,61,1071,5,11.4805755615234,2026-03-14 21:49:52.708935,75.921272277832
AI0221,Summer 2026,Literature Review,0,49,1343,8,34.1108283996582,2026-04-02 21:49:52.709246,88.2605667114258
AI0222,Fall 2026,Literature Review,0,59,739,8,40.8695983886719,2026-08-26 21:49:52.709520,92.4712371826172
AI0223,Spring 2026,Research Paper,0,34,1224,8,35.4582481384277,2026-04-28 21:49:52.709774,74.8262634277344
AI0224,Fall 2025,Literature Review,0,35,1183,5,64.4015808105469,2026-03-18 21:49:52.710053,67.0019226074219
AI0225,Spring 2026,Lab Report,0,17,1459,7,9.18026542663574,2026-04-30 21:49:52.710373,64.6854248046875
AI0226,Summer 2026,Essay,0,61,1536,9,9.69405651092529,2026-08-23 21:49:52.710619,52.6447906494141
AI0227,Fall 2025,Literature Review,0,37,1696,10,56.7587203979492,2026-06-08 21:49:52.710864,100
AI0228,Fall 2025,Case Study,0,16,1445,4,45.0797920227051,2026-07-08 21:49:52.711122,98.3887939453125
AI0229,Summer 2026,Essay,1,53,1223,8,11.1439275741577,2026-03-29 21:49:52.711375,77.9005966186523
AI0230,Fall 2026,Research Paper,0,55,1270,8,33.8374099731445,2026-03-18 21:49:52.711624,76.1327896118164
AI0231,Fall 2025,Essay,0,20,2773,5,18.4619789123535,2026-04-27 21:49:52.711864,65.6282119750977
AI0232,Fall 2026,Research Paper,0,47,1736,7,22.0034523010254,2026-07-08 21:49:52.712136,70.2632675170898
AI0233,Fall 2025,Lab Report,0,7,1508,6,32.5655670166016,2026-05-27 21:49:52.712399,78.9239501953125
AI0234,Fall 2025,Research Paper,1,30,723,9,49.2237205505371,2026-03-21 21:49:52.712645,77.3849258422852
AI0235,Summer 2026,Case Study,1,38,1744,7,1.21698403358459,2026-07-30 21:49:52.712892,80.4369125366211
AI0236,Spring 2026,Lab Report,0,18,2423,12,11.6131887435913,2026-08-11 21:49:52.713149,68.9249267578125
AI0237,Fall 2025,Case Study,0,29,1421,10,34.878963470459,2026-07-17 21:49:52.713394,92.1124496459961
AI0238,Spring 2026,Lab Report,0,31,1464,5,22.2829341888428,2026-08-02 21:49:52.713636,82.0376510620117
AI0239,Fall 2026,Case Study,0,39,1118,4,26.9163875579834,2026-09-01 21:49:52.714444,58.916576385498
AI0240,Summer 2026,Research Paper,0,47,1848,8,32.2493515014648,2026-05-10 21:49:52.717547,77.2954940795898
AI0241,Fall 2026,Literature Review,1,66,1781,5,53.0082588195801,2026-04-11 21:49:52.718426,72.0160140991211
AI0242,Fall 2026,Literature Review,0,68,1851,7,5.62461948394775,2026-09-01 21:49:52.718716,63.3918952941895
AI0243,Fall 2026,Case Study,1,55,1187,7,30.2402992248535,2026-05-08 21:49:52.719082,74.5397796630859
AI0244,Fall 2026,Lab Report,0,34,1964,10,17.2688598632813,2026-04-19 21:49:52.719708,69.0057830810547
AI0245,Fall 2026,Lab Report,1,40,1399,11,14.722204208374,2026-08-17 21:49:52.720297,87.7271347045898
AI0246,Spring 2026,Case Study,0,29,1314,8,25.0434074401855,2026-05-21 21:49:52.721241,76.1050033569336
AI0247,Spring 2026,Lab Report,1,33,1165,10,7.2671332359314,2026-07-23 21:49:52.721567,70.8300628662109
AI0248,Summer 2026,Essay,1,50,1229,12,18.9985790252686,2026-07-11 21:49:52.721831,84.9064331054688
AI0249,Summer 2026,Research Paper,0,41,1265,8,9.36417388916016,2026-06-22 21:49:52.722094,59.0463943481445
AI0250,Fall 2025,Literature Review,0,28,1549,10,24.9434623718262,2026-07-16 21:49:52.722341,83.6020431518555
AI0251,Fall 2026,Lab Report,1,40,1412,6,13.6600484848022,2026-07-13 21:49:52.722588,75.4032363891602
AI0252,Fall 2026,Research Paper,0,54,1500,5,27.6731338500977,2026-05-26 21:49:52.722960,77.5099182128906
AI0253,Fall 2026,Case Study,0,51,1490,6,54.815055847168,2026-03-23 21:49:52.724293,68.4516296386719
AI0254,Fall 2026,Lab Report,0,35,985,12,64.5102310180664,2026-05-31 21:49:52.724826,80.8893814086914
AI0255,Fall 2026,Literature Review,1,64,1029,11,44.6512565612793,2026-05-29 21:49:52.725150,78.0645599365234
AI0256,Fall 2026,Research Paper,0,52,1441,11,25.2325916290283,2026-07-23 21:49:52.725412,78.5114669799805
AI0257,Fall 2026,Essay,1,63,1614,8,10.5938920974731,2026-05-18 21:49:52.725656,76.4767074584961
AI0258,Fall 2025,Essay,1,27,1769,3,31.604606628418,2026-09-03 21:49:52.725910,75.2273101806641
AI0259,Fall 2026,Case Study,1,48,1770,7,3.2712516784668,2026-04-23 21:49:52.726191,82.6630325317383
AI0260,Spring 2026,Lab Report,0,28,1936,15,10.3084993362427,2026-05-05 21:49:52.726445,72.7774963378906
AI0261,Fall 2026,Research Paper,1,60,1815,7,7.88145923614502,2026-06-27 21:49:52.726687,77.9634857177734
AI0262,Fall 2026,Case Study,1,38,1437,6,7.7646484375,2026-08-14 21:49:52.726950,75.1311492919922
AI0263,Spring 2026,Lab Report,0,12,1438,11,21.7344493865967,2026-06-27 21:49:52.727213,61.4673690795898
AI0264,Spring 2026,Lab Report,0,20,1764,10,21.5778846740723,2026-05-03 21:49:52.727464,81.6093368530273
AI0265,Summer 2026,Lab Report,0,22,1320,8,19.4796314239502,2026-03-23 21:49:52.727708,65.1559524536133
AI0266,Spring 2026,Literature Review,0,46,1737,3,50.6945571899414,2026-03-15 21:49:52.727950,67.2264251708984
AI0267,Summer 2026,Case Study,0,33,1517,9,21.7751941680908,2026-07-11 21:49:52.728200,88.5413436889648
AI0268,Fall 2026,Essay,0,59,1222,2,11.9646759033203,2026-08-21 21:49:52.728554,81.8120040893555
AI0269,Summer 2026,Essay,1,51,1016,10,37.2593421936035,2026-09-01 21:49:52.728836,71.6078033447266
AI0270,Fall 2025,Essay,0,26,2265,10,21.5172557830811,2026-03-23 21:49:52.729097,68.3143310546875
AI0271,Fall 2026,Research Paper,1,52,1092,6,41.7861824035645,2026-05-16 21:49:52.729345,79.8233184814453
AI0272,Fall 2026,Literature Review,1,66,1725,11,18.9876098632813,2026-08-02 21:49:52.729696,81.6482086181641
AI0273,Spring 2026,Literature Review,0,50,1454,11,65.9616012573242,2026-07-10 21:49:52.738595,72.2567138671875
AI0274,Fall 2026,Case Study,1,36,961,12,7.67266225814819,2026-07-04 21:49:52.740294,85.0153503417969
AI0275,Fall 2026,Case Study,1,48,1571,8,21.9477863311768,2026-04-07 21:49:52.740802,74.7184143066406
AI0276,Summer 2026,Literature Review,0,50,1355,6,79.0230712890625,2026-05-22 21:49:52.743165,78.5948028564453
AI0277,Fall 2026,Research Paper,1,54,1644,7,49.7997703552246,2026-07-02 21:49:52.743815,78.6303253173828
AI0278,Summer 2026,Case Study,0,40,1113,8,27.2116413116455,2026-08-26 21:49:52.744313,80.0769119262695
AI0279,Fall 2026,Lab Report,1,34,2065,4,3.59166049957275,2026-06-12 21:49:52.744756,85.0506134033203
AI0280,Summer 2026,Literature Review,0,45,2067,5,38.6152305603027,2026-07-19 21:49:52.745269,89.0813827514648
AI0281,Fall 2025,Case Study,1,21,1705,9,37.4587745666504,2026-04-30 21:49:52.745667,78.7507095336914
AI0282,Fall 2026,Case Study,0,46,789,3,35.4697113037109,2026-07-12 21:49:52.745955,69.7913131713867
AI0283,Fall 2026,Literature Review,1,65,1554,14,37.5675048828125,2026-08-07 21:49:52.746271,76.2855911254883
AI0284,Summer 2026,Case Study,1,38,1405,7,16.3030548095703,2026-07-12 21:49:52.746525,79.8820877075195
AI0285,Summer 2026,Lab Report,1,26,1863,6,16.2478847503662,2026-08-29 21:49:52.746790,80.0157699584961
AI0286,Fall 2025,Essay,0,33,1242,10,43.3778343200684,2026-04-28 21:49:52.747049,100
AI0287,Spring 2026,Essay,0,45,1545,11,31.4907474517822,2026-08-25 21:49:52.747309,80.9072875976563
AI0288,Fall 2026,Literature Review,1,68,1810,7,54.3391723632813,2026-04-28 21:49:52.748493,76.8617706298828
AI0289,Fall 2025,Lab Report,0,17,1676,5,40.8527603149414,2026-07-08 21:49:52.748912,68.4576873779297
AI0290,Summer 2026,Lab Report,1,24,968,8,18.5381698608398,2026-08-19 21:49:52.749468,86.9997787475586
AI0291,Fall 2026,Research Paper,1,53,1381,7,42.1819496154785,2026-06-13 21:49:52.752498,74.9256896972656
AI0292,Fall 2026,Lab Report,0,42,1763,7,61.2742691040039,2026-08-29 21:49:52.753469,80.8974151611328
AI0293,Spring 2026,Research Paper,0,42,913,9,27.9444484710693,2026-07-09 21:49:52.755402,71.4471817016602
AI0294,Spring 2026,Literature Review,0,41,1768,8,23.4106884002686,2026-08-01 21:49:52.755814,85.6939468383789
AI0295,Summer 2026,Research Paper,1,48,1472,10,11.0547132492065,2026-07-02 21:49:52.756144,79.9709320068359
AI0296,Fall 2026,Essay,1,61,700,9,5.6518087387085,2026-08-19 21:49:52.756857,73.2309341430664
AI0297,Fall 2026,Research Paper,0,48,1095,10,29.559886932373,2026-06-27 21:49:52.757542,77.5443801879883
AI0298,Spring 2026,Lab Report,1,6,1066,9,73.5543365478516,2026-04-10 21:49:52.758290,84.4031219482422
AI0299,Summer 2026,Case Study,0,42,851,9,17.6224422454834,2026-06-28 21:49:52.758747,75.3169937133789
AI0300,Spring 2026,Essay,1,45,1877,8,58.0745429992676,2026-07-06 21:49:52.759110,83.3791122436523
AI0301,Fall 2026,Literature Review,0,64,2285,1,42.1476593017578,2026-08-21 21:49:52.759412,59.0921630859375
AI0302,Fall 2026,Research Paper,0,53,1123,3,20.0710048675537,2026-05-05 21:49:52.759671,57.2785453796387
AI0303,Spring 2026,Literature Review,0,44,1859,8,34.3046760559082,2026-04-20 21:49:52.759918,79.1147232055664
AI0304,Spring 2026,Lab Report,1,26,1154,6,35.125675201416,2026-07-08 21:49:52.760208,75.4497680664063
AI0305,Fall 2026,Research Paper,1,50,1903,9,12.4234018325806,2026-07-19 21:49:52.760481,82.8140411376953
AI0306,Fall 2026,Literature Review,0,68,1674,5,8.3549861907959,2026-04-15 21:49:52.760736,91.7644500732422
AI0307,Fall 2026,Research Paper,0,54,1077,7,22.5019664764404,2026-07-18 21:49:52.761103,87.2562408447266
AI0308,Spring 2026,Essay,0,43,1242,10,32.4897079467773,2026-07-07 21:49:52.761389,77.9627532958984
AI0309,Spring 2026,Literature Review,0,49,2062,8,21.7032985687256,2026-07-12 21:49:52.761653,53.8915672302246
AI0310,Fall 2025,Case Study,1,13,2150,6,54.5110321044922,2026-03-22 21:49:52.761928,80.9763488769531
AI0311,Fall 2026,Essay,0,55,1427,5,37.6316833496094,2026-07-27 21:49:52.762197,61.2308692932129
AI0312,Fall 2025,Lab Report,0,16,1615,7,61.2866172790527,2026-05-26 21:49:52.762447,78.4771728515625
AI0313,Spring 2026,Essay,0,42,1434,9,63.377815246582,2026-04-26 21:49:52.762696,69.9514617919922
AI0314,Fall 2026,Essay,0,54,1326,6,13.3881893157959,2026-05-17 21:49:52.762949,72.9521713256836
AI0315,Summer 2026,Case Study,0,26,1093,8,35.6657752990723,2026-07-26 21:49:52.763216,77.3168029785156
AI0316,Fall 2025,Essay,0,19,1539,13,13.2513990402222,2026-05-22 21:49:52.763513,81.8165893554688
AI0317,Fall 2026,Case Study,0,44,1476,7,30.8021812438965,2026-07-02 21:49:52.763769,64.778938293457
AI0318,Summer 2026,Literature Review,0,57,1399,12,25.4937019348145,2026-04-06 21:49:52.765329,91.0873870849609
AI0319,Spring 2026,Essay,0,36,2328,9,34.3339309692383,2026-05-12 21:49:52.765902,75.6833801269531
AI0320,Fall 2025,Literature Review,0,36,1411,9,74.4812927246094,2026-05-04 21:49:52.766594,56.3608627319336
AI0321,Summer 2026,Case Study,0,29,1801,5,54.9632263183594,2026-07-31 21:49:52.767497,58.4287109375
AI0322,Fall 2025,Case Study,1,8,1382,2,48.1506958007813,2026-07-11 21:49:52.767853,73.2592391967773
AI0323,Summer 2026,Literature Review,1,53,1059,5,40.4464950561523,2026-05-03 21:49:52.768135,75.6541976928711
AI0324,Summer 2026,Literature Review,0,47,1731,9,20.096658706665,2026-08-02 21:49:52.768387,76.6825561523438
AI0325,Spring 2026,Research Paper,1,40,2008,11,5.7793025970459,2026-07-01 21:49:52.768633,81.1892929077148
AI0326,Fall 2025,Research Paper,0,33,1108,8,12.525691986084,2026-04-17 21:49:52.768991,73.2704772949219
AI0327,Fall 2026,Literature Review,1,62,1034,15,51.2322807312012,2026-04-27 21:49:52.769839,77.0779876708984
AI0328,Fall 2026,Research Paper,0,55,1456,10,39.1767730712891,2026-05-06 21:49:52.771196,80.5242462158203
AI0329,Spring 2026,Literature Review,1,40,1078,8,21.9962139129639,2026-07-08 21:49:52.774937,75.7444381713867
AI0330,Fall 2026,Lab Report,0,29,1495,6,50.1415634155273,2026-07-21 21:49:52.776248,71.1869430541992
AI0331,Summer 2026,Essay,0,52,1661,7,49.0846061706543,2026-04-13 21:49:52.777046,77.2474517822266
AI0332,Summer 2026,Research Paper,0,54,1563,8,33.8058319091797,2026-07-06 21:49:52.777799,93.3134994506836
AI0333,Summer 2026,Lab Report,0,26,1132,8,22.0364837646484,2026-03-22 21:49:52.778271,85.0145874023438
AI0334,Fall 2025,Case Study,0,19,2015,8,50.5320701599121,2026-08-05 21:49:52.779263,76.7336807250977
AI0335,Summer 2026,Case Study,0,34,1627,8,25.1732196807861,2026-08-03 21:49:52.780021,70.084831237793
AI0336,Fall 2026,Essay,0,66,1147,10,15.4481897354126,2026-06-30 21:49:52.780433,91.5910415649414
AI0337,Summer 2026,Literature Review,1,52,729,7,49.6928291320801,2026-03-31 21:49:52.782409,72.7291717529297
AI0338,Summer 2026,Case Study,0,34,1167,7,10.9528331756592,2026-08-09 21:49:52.783249,94.3784484863281
AI0339,Fall 2025,Case Study,0,5,1393,2,26.7313423156738,2026-07-19 21:49:52.784119,55.5288848876953
AI0340,Spring 2026,Lab Report,0,25,2229,4,37.503231048584,2026-07-14 21:49:52.784718,76.7042236328125
AI0341,Fall 2025,Essay,0,45,2006,3,9.07544422149658,2026-08-18 21:49:52.785484,75.2357864379883
AI0342,Summer 2026,Literature Review,1,56,1359,7,36.8038368225098,2026-04-03 21:49:52.787951,75.8709411621094
AI0343,Spring 2026,Literature Review,0,54,1166,8,5.86104297637939,2026-04-22 21:49:52.788796,84.3121185302734
AI0344,Summer 2026,Lab Report,0,28,1493,13,37.6135101318359,2026-05-24 21:49:52.789854,63.4133377075195
AI0345,Summer 2026,Literature Review,1,60,1449,10,48.1678848266602,2026-04-06 21:49:52.791201,72.4746932983398
AI0346,Fall 2025,Case Study,0,6,1623,10,16.0076580047607,2026-08-03 21:49:52.791732,60.8399085998535
AI0347,Summer 2026,Research Paper,0,41,1730,11,31.0988674163818,2026-07-05 21:49:52.792431,63.6496696472168
AI0348,Fall 2025,Lab Report,0,6,2313,6,22.5228061676025,2026-09-07 21:49:52.793283,57.8275947570801
AI0349,Summer 2026,Literature Review,1,49,1329,6,45.8226127624512,2026-05-02 21:49:52.794261,65.8854446411133
AI0350,Fall 2026,Lab Report,0,41,1843,3,17.9169330596924,2026-06-13 21:49:52.794717,83.1270294189453
AI0351,Summer 2026,Essay,1,51,1437,13,58.0923690795898,2026-08-06 21:49:52.795449,75.7946166992188
AI0352,Fall 2026,Literature Review,0,58,1178,7,62.8587837219238,2026-07-05 21:49:52.795903,86.0231628417969
AI0353,Fall 2026,Lab Report,0,32,1906,6,35.6028442382813,2026-07-23 21:49:52.796357,63.5629615783691
AI0354,Fall 2025,Literature Review,0,38,1593,7,34.8055534362793,2026-04-10 21:49:52.796820,92.1517868041992
AI0355,Summer 2026,Essay,1,51,1451,8,27.5132083892822,2026-05-16 21:49:52.798764,79.5266647338867
AI0356,Fall 2026,Essay,1,59,1382,9,32.1464614868164,2026-04-08 21:49:52.799913,77.7719116210938
AI0357,Fall 2026,Essay,1,55,2059,11,37.2920227050781,2026-04-01 21:49:52.801201,76.2901992797852
AI0358,Fall 2026,Case Study,0,49,1120,7,31.3568077087402,2026-03-25 21:49:52.801737,72.9631195068359
AI0359,Summer 2026,Case Study,0,42,2126,9,17.0032386779785,2026-05-07 21:49:52.803280,70.8788681030273
AI0360,Fall 2026,Literature Review,0,60,1164,10,39.5592193603516,2026-03-15 21:49:52.803842,69.8744812011719
AI0361,Fall 2026,Case Study,0,36,1067,7,53.718635559082,2026-07-24 21:49:52.804212,82.4095687866211
AI0362,Fall 2025,Lab Report,0,13,1589,12,27.8245506286621,2026-06-14 21:49:52.804501,87.0439682006836
AI0363,Fall 2026,Essay,1,63,1421,8,19.1068153381348,2026-08-10 21:49:52.804749,75.3860244750977
AI0364,Fall 2026,Research Paper,1,47,1539,6,23.5669441223145,2026-03-18 21:49:52.810043,78.1847229003906
AI0365,Fall 2026,Case Study,1,41,1114,6,33.5320663452148,2026-07-27 21:49:52.811314,78.9285888671875
AI0366,Fall 2025,Essay,0,28,1488,6,37.0725898742676,2026-07-01 21:49:52.811632,76.4508666992188
AI0367,Fall 2026,Case Study,0,44,1257,11,11.0152702331543,2026-07-07 21:49:52.811986,59.7496185302734
AI0368,Fall 2025,Research Paper,0,21,968,8,38.7137985229492,2026-06-20 21:49:52.812342,85.954833984375
AI0369,Fall 2026,Essay,1,54,1470,8,39.7210807800293,2026-08-10 21:49:52.812592,75.1695938110352
AI0370,Fall 2026,Literature Review,1,69,1570,13,44.7002639770508,2026-03-31 21:49:52.812854,77.7629089355469
AI0371,Summer 2026,Essay,1,50,1284,7,4.37875604629517,2026-06-30 21:49:52.813305,89.721061706543
AI0372,Fall 2026,Essay,0,63,1675,3,23.8669300079346,2026-03-23 21:49:52.816727,82.5347595214844
AI0373,Spring 2026,Lab Report,0,22,1154,11,26.4812278747559,2026-09-04 21:49:52.826540,77.5823822021484
AI0374,Fall 2026,Research Paper,1,55,1572,6,28.1017112731934,2026-08-13 21:49:52.829922,77.6272048950195
AI0375,Fall 2025,Lab Report,0,10,1307,7,36.2820625305176,2026-09-06 21:49:52.833125,100
AI0376,Summer 2026,Literature Review,1,52,886,10,24.2609004974365,2026-03-16 21:49:52.836116,73.8785705566406
AI0377,Fall 2026,Essay,0,62,1535,8,12.0899171829224,2026-06-11 21:49:52.837591,55.7863311767578
AI0378,Spring 2026,Essay,1,43,1007,10,47.7021522521973,2026-06-05 21:49:52.838512,77.6631698608398
AI0379,Fall 2026,Case Study,0,41,1650,8,30.1087036132813,2026-05-29 21:49:52.844358,80.1548919677734
AI0380,Spring 2026,Research Paper,1,38,1568,7,8.18408298492432,2026-08-08 21:49:52.844863,76.8441467285156
AI0381,Fall 2026,Literature Review,1,63,1801,10,36.7963104248047,2026-08-01 21:49:52.845565,71.966926574707
AI0382,Spring 2026,Literature Review,1,39,1252,6,17.2633647918701,2026-07-17 21:49:52.846131,78.1967544555664
AI0383,Fall 2026,Research Paper,0,60,1734,6,24.8860111236572,2026-07-07 21:49:52.846602,80.5049285888672
AI0384,Spring 2026,Lab Report,0,18,1892,7,57.2290496826172,2026-04-09 21:49:52.847070,70.2578048706055
AI0385,Summer 2026,Research Paper,0,44,356,8,23.6084690093994,2026-08-02 21:49:52.849125,65.6335678100586
AI0386,Fall 2026,Lab Report,1,42,1378,4,42.2393112182617,2026-04-09 21:49:52.849744,79.2304992675781
AI0387,Fall 2026,Case Study,0,47,1539,8,24.7307453155518,2026-04-26 21:49:52.851340,73.6681747436523
AI0388,Spring 2026,Case Study,0,29,1535,9,61.0171813964844,2026-04-04 21:49:52.851931,71.2341232299805
AI0389,Spring 2026,Literature Review,0,40,1372,12,78.2757949829102,2026-06-24 21:49:52.852696,68.5256576538086
AI0390,Spring 2026,Literature Review,0,50,1523,7,35.6322402954102,2026-04-20 21:49:52.853149,83.5862274169922
AI0391,Spring 2026,Case Study,0,23,2127,6,32.4265213012695,2026-07-29 21:49:52.853416,66.1262283325195
AI0392,Fall 2026,Lab Report,1,45,2540,5,26.2197589874268,2026-06-02 21:49:52.853667,72.7221374511719
AI0393,Summer 2026,Lab Report,0,31,970,10,34.4450645446777,2026-07-22 21:49:52.853972,71.3608703613281
AI0394,Spring 2026,Lab Report,1,22,1578,11,15.1570196151733,2026-08-15 21:49:52.854802,81.6867065429688
AI0395,Fall 2026,Case Study,1,45,1874,4,45.2117347717285,2026-07-23 21:49:52.855590,73.2224273681641
AI0396,Fall 2026,Case Study,0,43,870,5,17.8635940551758,2026-06-28 21:49:52.856375,67.6985778808594
AI0397,Fall 2026,Lab Report,1,41,2516,6,55.815788269043,2026-05-15 21:49:52.857355,78.9301452636719
AI0398,Fall 2025,Case Study,0,15,914,8,57.2674446105957,2026-08-17 21:49:52.858707,58.2442817687988
AI0399,Fall 2025,Research Paper,1,27,1316,13,21.8601703643799,2026-05-18 21:49:52.859342,70.5309295654297
AI0400,Fall 2026,Literature Review,1,72,1461,5,15.5069532394409,2026-06-20 21:49:52.859840,80.8729476928711
AI0401,Spring 2026,Essay,0,30,1142,11,5.5715160369873,2026-05-25 21:49:52.860398,84.3779144287109
AI0402,Fall 2026,Literature Review,1,67,1381,7,25.6785354614258,2026-06-20 21:49:52.860869,74.6360397338867
AI0403,Spring 2026,Essay,0,40,1739,8,28.7554111480713,2026-03-14 21:49:52.861265,82.5421981811523
AI0404,Summer 2026,Lab Report,0,32,1226,9,63.0886611938477,2026-04-10 21:49:52.861533,91.6702423095703
AI0405,Spring 2026,Case Study,0,24,1742,5,66.9555892944336,2026-05-28 21:49:52.861930,79.4875564575195
AI0406,Summer 2026,Literature Review,0,46,1626,10,22.5474128723145,2026-04-23 21:49:52.862418,84.5450744628906
AI0407,Summer 2026,Literature Review,1,55,1745,13,12.1513795852661,2026-06-19 21:49:52.862861,74.6474609375
AI0408,Spring 2026,Lab Report,0,16,1204,8,18.8626976013184,2026-05-03 21:49:52.863560,84.801155090332
AI0409,Fall 2026,Lab Report,0,37,1486,7,42.4370498657227,2026-07-27 21:49:52.865447,67.2088623046875
AI0410,Fall 2026,Case Study,0,46,694,5,20.721321105957,2026-04-15 21:49:52.865893,46.9259033203125
AI0411,Spring 2026,Case Study,0,25,1451,6,47.5717315673828,2026-08-29 21:49:52.866729,79.2593231201172
AI0412,Summer 2026,Essay,1,40,1709,10,35.9721717834473,2026-04-04 21:49:52.867709,70.5738296508789
AI0413,Fall 2026,Literature Review,1,66,1519,11,47.33837890625,2026-03-24 21:49:52.868372,80.6770172119141
AI0414,Spring 2026,Literature Review,0,38,1554,8,28.3781261444092,2026-08-29 21:49:52.869169,77.0416946411133
AI0415,Spring 2026,Research Paper,0,44,1675,7,41.4674415588379,2026-03-12 21:49:52.869712,75.8841094970703
AI0416,Spring 2026,Case Study,0,25,1976,8,22.0369453430176,2026-07-22 21:49:52.870209,74.936279296875
AI0417,Spring 2026,Lab Report,0,18,2455,3,31.2135963439941,2026-05-22 21:49:52.870701,68.5593490600586
AI0418,Fall 2026,Case Study,0,43,939,10,18.0395030975342,2026-06-22 21:49:52.871244,88.8371810913086
AI0419,Spring 2026,Literature Review,0,49,1524,8,34.2749824523926,2026-08-23 21:49:52.871733,61.866870880127
AI0420,Spring 2026,Lab Report,0,22,1472,7,53.1344566345215,2026-07-12 21:49:52.872236,87.1946792602539
AI0421,Fall 2026,Case Study,1,44,1874,5,13.9383335113525,2026-05-12 21:49:52.872697,71.0680770874023
AI0422,Spring 2026,Research Paper,1,43,1405,9,46.3005905151367,2026-06-09 21:49:52.873193,75.186393737793
AI0423,Summer 2026,Case Study,0,29,1153,8,33.5543899536133,2026-08-05 21:49:52.873657,87.1882553100586
AI0424,Summer 2026,Literature Review,0,58,1507,6,46.2016296386719,2026-08-21 21:49:52.874662,70.6749954223633
AI0425,Fall 2026,Research Paper,1,54,1718,9,40.3761978149414,2026-08-07 21:49:52.875474,82.9140319824219
AI0426,Fall 2026,Case Study,0,50,1532,4,35.2995071411133,2026-03-23 21:49:52.876284,83.6773834228516
AI0427,Summer 2026,Literature Review,1,61,1328,4,52.6931037902832,2026-07-05 21:49:52.877971,78.2299194335938
AI0428,Summer 2026,Case Study,0,34,2404,8,13.549388885498,2026-04-17 21:49:52.878777,86.6335906982422
AI0429,Fall 2026,Lab Report,0,36,1722,8,29.9693412780762,2026-04-19 21:49:52.879139,81.6646194458008
AI0430,Spring 2026,Case Study,0,23,1325,12,42.6498374938965,2026-07-18 21:49:52.879397,68.5234527587891
AI0431,Spring 2026,Literature Review,0,45,1024,4,21.0750503540039,2026-06-24 21:49:52.879641,68.5949096679688
AI0432,Fall 2026,Case Study,1,49,1464,10,7.23590612411499,2026-05-06 21:49:52.879920,77.3255844116211
AI0433,Summer 2026,Case Study,1,34,2019,6,27.8593006134033,2026-07-30 21:49:52.880202,71.7349014282227
AI0434,Summer 2026,Literature Review,0,57,1875,7,24.331075668335,2026-08-22 21:49:52.881977,61.056827545166
AI0435,Fall 2026,Essay,0,52,2042,11,65.1887435913086,2026-07-17 21:49:52.882658,91.4517288208008
AI0436,Fall 2026,Literature Review,1,64,1086,12,13.6241731643677,2026-06-12 21:49:52.883194,74.6662902832031
AI0437,Fall 2026,Lab Report,1,34,1680,8,11.4479112625122,2026-05-24 21:49:52.883747,78.3764343261719
AI0438,Fall 2026,Essay,0,61,1346,8,22.1685695648193,2026-05-05 21:49:52.884706,93.151008605957
AI0439,Summer 2026,Literature Review,0,48,1348,5,16.7750377655029,2026-06-03 21:49:52.885495,77.5838623046875
AI0440,Fall 2026,Case Study,1,38,1784,11,9.49571228027344,2026-03-14 21:49:52.886421,71.9730758666992
AI0441,Spring 2026,Case Study,0,26,1335,7,82.0136032104492,2026-06-13 21:49:52.886793,75.3068695068359
AI0442,Spring 2026,Research Paper,0,25,2412,10,42.6096305847168,2026-05-29 21:49:52.887053,76.1300048828125
AI0443,Summer 2026,Literature Review,0,48,1664,10,11.5433921813965,2026-06-26 21:49:52.887328,79.0831069946289
AI0444,Spring 2026,Lab Report,1,22,1552,11,35.0785217285156,2026-03-19 21:49:52.887591,75.1668090820313
AI0445,Summer 2026,Research Paper,0,42,1099,12,35.660099029541,2026-06-26 21:49:52.887878,81.0580291748047
AI0446,Summer 2026,Case Study,0,31,1905,5,57.1219062805176,2026-04-26 21:49:52.888146,74.9217681884766
AI0447,Spring 2026,Case Study,0,24,1099,6,21.3508338928223,2026-08-10 21:49:52.889338,62.385913848877
AI0448,Fall 2025,Case Study,0,15,1737,7,57.9275093078613,2026-06-25 21:49:52.890178,92.2230758666992
AI0449,Summer 2026,Case Study,1,39,1458,11,41.0872230529785,2026-06-08 21:49:52.891250,80.5228958129883
AI0450,Fall 2026,Lab Report,1,50,1663,6,31.5340976715088,2026-04-07 21:49:52.892457,69.8265380859375
AI0451,Fall 2026,Literature Review,1,66,1729,13,4.25606966018677,2026-07-09 21:49:52.892789,80.1993942260742
AI0452,Fall 2026,Literature Review,1,75,1130,9,25.9668483734131,2026-04-15 21:49:52.893068,83.3185806274414
AI0453,Fall 2026,Literature Review,0,59,1270,7,33.2510757446289,2026-08-10 21:49:52.893337,59.2796211242676
AI0454,Fall 2026,Case Study,0,49,1813,9,14.4853429794312,2026-06-13 21:49:52.893608,78.5553588867188
AI0455,Summer 2026,Literature Review,1,59,1056,3,36.9426193237305,2026-07-08 21:49:52.893855,68.4250411987305
AI0456,Fall 2026,Case Study,0,46,1118,2,28.7228336334229,2026-08-04 21:49:52.894112,59.3194160461426
AI0457,Spring 2026,Research Paper,0,36,1495,10,67.5090026855469,2026-05-22 21:49:52.894384,85.8051300048828
AI0458,Summer 2026,Literature Review,1,63,1531,7,35.2627944946289,2026-04-03 21:49:52.894625,75.2842254638672
AI0459,Spring 2026,Lab Report,0,26,1087,11,42.4277496337891,2026-05-10 21:49:52.894884,74.5966110229492
AI0460,Fall 2025,Lab Report,0,10,810,7,32.7026138305664,2026-05-11 21:49:52.895220,78.7428894042969
AI0461,Fall 2025,Research Paper,0,17,1387,6,57.8230895996094,2026-07-24 21:49:52.895476,67.5379104614258
AI0462,Spring 2026,Research Paper,0,37,1447,8,21.2414970397949,2026-04-26 21:49:52.895721,75.5063934326172
AI0463,Fall 2025,Case Study,0,21,1510,8,10.945143699646,2026-07-02 21:49:52.896020,67.1359558105469
AI0464,Fall 2026,Literature Review,0,56,1218,5,62.4804573059082,2026-05-25 21:49:52.896341,79.6474533081055
AI0465,Fall 2025,Research Paper,1,24,820,8,9.96369457244873,2026-09-04 21:49:52.896594,74.3544616699219
AI0466,Fall 2026,Lab Report,0,41,2137,3,35.5531730651855,2026-03-23 21:49:52.896842,90.259895324707
AI0467,Fall 2026,Research Paper,1,61,1119,5,18.2936305999756,2026-06-12 21:49:52.899638,84.804801940918
AI0468,Summer 2026,Essay,1,49,1333,4,60.7642936706543,2026-08-19 21:49:52.901113,77.7956008911133
AI0469,Fall 2026,Research Paper,1,53,1804,7,15.6595668792725,2026-06-13 21:49:52.902800,82.3054046630859
AI0470,Fall 2025,Literature Review,0,41,1498,10,63.4118423461914,2026-05-24 21:49:52.903588,72.8778533935547
AI0471,Spring 2026,Essay,0,44,1129,9,73.3934783935547,2026-07-11 21:49:52.904155,83.660758972168
AI0472,Spring 2026,Essay,0,41,1886,14,55.2265281677246,2026-07-02 21:49:52.904647,63.6781005859375
AI0473,Fall 2026,Lab Report,1,37,977,9,29.7134704589844,2026-04-12 21:49:52.905155,80.0950469970703
AI0474,Summer 2026,Research Paper,0,45,1973,11,40.112491607666,2026-03-31 21:49:52.905608,66.6388473510742
AI0475,Fall 2026,Case Study,1,46,879,7,47.7347373962402,2026-03-14 21:49:52.906244,80.6935348510742
AI0476,Fall 2026,Lab Report,1,43,2233,9,46.9148979187012,2026-08-18 21:49:52.911996,84.8326568603516
AI0477,Fall 2026,Lab Report,1,42,1131,14,26.0325584411621,2026-05-29 21:49:52.912635,78.5068969726563
AI0478,Fall 2025,Research Paper,1,22,1393,3,26.2653331756592,2026-07-20 21:49:52.913471,75.1682586669922
AI0479,Fall 2026,Literature Review,1,68,2244,11,42.4651641845703,2026-08-06 21:49:52.918044,65.6902389526367
AI0480,Spring 2026,Lab Report,1,16,1432,10,25.2924251556396,2026-07-01 21:49:52.919801,73.5846633911133
AI0481,Fall 2026,Lab Report,1,40,1111,3,10.7232780456543,2026-03-21 21:49:52.920161,65.6375503540039
AI0482,Fall 2025,Case Study,0,14,1420,4,28.6614894866943,2026-04-19 21:49:52.920424,60.835880279541
AI0483,Fall 2026,Essay,1,59,1231,10,19.4629936218262,2026-06-05 21:49:52.920675,81.1892929077148
AI0484,Fall 2026,Essay,1,54,1171,6,11.020320892334,2026-06-26 21:49:52.920931,75.0840072631836
AI0485,Fall 2026,Case Study,0,49,1557,9,36.9548225402832,2026-08-01 21:49:52.921228,63.8638725280762
AI0486,Summer 2026,Literature Review,1,51,1340,15,7.62019109725952,2026-06-18 21:49:52.921573,83.2021026611328
AI0487,Summer 2026,Research Paper,0,44,2182,6,24.6915283203125,2026-05-17 21:49:52.926193,63.866756439209
AI0488,Spring 2026,Research Paper,0,38,1126,3,17.6290893554688,2026-08-18 21:49:52.927436,92.9348220825195
AI0489,Fall 2026,Essay,1,47,1624,9,48.7860908508301,2026-05-30 21:49:52.927982,76.0511169433594
AI0490,Summer 2026,Essay,0,54,1256,9,11.9923753738403,2026-08-06 21:49:52.928476,69.3490295410156
AI0491,Summer 2026,Essay,0,46,1510,4,4.42096900939941,2026-03-17 21:49:52.928938,46.6193733215332
AI0492,Summer 2026,Literature Review,1,52,1653,8,52.3633346557617,2026-04-27 21:49:52.929636,76.843017578125
AI0493,Fall 2025,Literature Review,1,32,1175,10,28.9568691253662,2026-09-06 21:49:52.930291,73.5664215087891
AI0494,Fall 2025,Lab Report,0,17,1338,10,12.0418949127197,2026-06-24 21:49:52.932816,75.6163482666016
AI0495,Summer 2026,Case Study,0,40,1743,9,18.5581932067871,2026-05-23 21:49:52.933898,74.9807662963867
AI0496,Fall 2026,Essay,0,53,1598,12,39.0786285400391,2026-06-25 21:49:52.934463,93.2458038330078
AI0497,Fall 2026,Case Study,1,45,1446,8,22.3011417388916,2026-05-12 21:49:52.935501,88.4153594970703
AI0498,Fall 2026,Case Study,0,47,1316,7,67.8506011962891,2026-05-17 21:49:52.936079,84.9832611083984
AI0499,Spring 2026,Literature Review,0,54,1642,9,34.102725982666,2026-06-12 21:49:52.936580,71.8991546630859
AI0500,Fall 2026,Literature Review,1,66,1836,9,47.4331436157227,2026-06-29 21:49:52.937135,74.1691970825195
AI0501,Fall 2026,Literature Review,1,57,1282,8,61.5062294006348,2026-04-17 21:49:52.937625,76.2718734741211
AI0502,Fall 2026,Literature Review,1,58,1494,9,27.7021217346191,2026-03-30 21:49:52.938133,78.2477722167969
AI0503,Spring 2026,Case Study,0,24,1687,8,48.4444274902344,2026-07-19 21:49:52.938640,84.5011672973633
AI0504,Spring 2026,Case Study,0,21,1155,5,65.8686676025391,2026-04-29 21:49:52.939143,62.4928703308105
AI0505,Summer 2026,Literature Review,1,52,1656,6,14.9530057907104,2026-05-23 21:49:52.939627,78.964729309082
AI0506,Spring 2026,Lab Report,0,20,1163,10,34.7268028259277,2026-08-26 21:49:52.940127,64.2344055175781
AI0507,Summer 2026,Research Paper,1,39,1263,5,21.8040313720703,2026-07-28 21:49:52.940570,77.2108154296875
AI0508,Summer 2026,Lab Report,1,28,1599,9,28.5767459869385,2026-04-23 21:49:52.941084,80.8492126464844
AI0509,Fall 2025,Lab Report,0,7,1745,12,28.4690189361572,2026-05-21 21:49:52.941998,56.2494010925293
AI0510,Fall 2026,Literature Review,1,66,1623,9,6.9918155670166,2026-06-30 21:49:52.942688,82.3391265869141
AI0511,Summer 2026,Essay,0,41,1682,3,18.501091003418,2026-05-11 21:49:52.943325,89.9096603393555
AI0512,Summer 2026,Essay,0,48,1709,10,61.1857719421387,2026-05-13 21:49:52.944513,73.8034210205078
AI0513,Spring 2026,Lab Report,0,18,1660,6,17.5546875,2026-03-17 21:49:52.945696,66.6497192382813
AI0514,Spring 2026,Research Paper,0,37,2213,8,24.5292949676514,2026-06-18 21:49:52.946337,80.1727066040039
AI0515,Fall 2026,Literature Review,0,60,1576,9,41.0125389099121,2026-06-23 21:49:52.946607,93.5266418457031
AI0516,Spring 2026,Essay,0,39,1728,8,5.7929835319519,2026-06-23 21:49:52.946874,72.4290008544922
AI0517,Fall 2026,Literature Review,0,63,2291,6,64.1348876953125,2026-08-14 21:49:52.948626,81.9339904785156
AI0518,Spring 2026,Essay,1,38,1594,13,19.1532154083252,2026-05-07 21:49:52.949169,68.5299682617188
AI0519,Spring 2026,Case Study,0,22,1400,7,26.5181922912598,2026-08-16 21:49:52.949935,68.1900329589844
AI0520,Spring 2026,Lab Report,0,25,1124,4,45.4555625915527,2026-08-07 21:49:52.950817,82.8067779541016
AI0521,Fall 2025,Essay,1,32,2471,9,33.3788757324219,2026-04-19 21:49:52.951459,73.2864227294922
AI0522,Spring 2026,Case Study,1,25,1766,9,35.2793197631836,2026-07-09 21:49:52.952784,72.8017807006836
AI0523,Fall 2026,Case Study,0,42,1416,4,18.5065860748291,2026-09-05 21:49:52.953566,70.3245010375977
AI0524,Spring 2026,Essay,0,41,1841,9,13.8969478607178,2026-06-21 21:49:52.954094,70.2582321166992
AI0525,Summer 2026,Lab Report,0,31,1326,14,18.9303092956543,2026-09-03 21:49:52.954557,74.5010147094727
AI0526,Spring 2026,Lab Report,0,29,1838,9,31.2505989074707,2026-04-01 21:49:52.955020,71.5546112060547
AI0527,Spring 2026,Essay,1,42,1662,8,22.3148078918457,2026-06-22 21:49:52.955471,79.0852355957031
AI0528,Fall 2026,Literature Review,1,76,1219,8,26.323148727417,2026-06-29 21:49:52.956533,80.1706619262695
AI0529,Fall 2026,Case Study,1,47,1764,11,64.0645980834961,2026-04-30 21:49:52.957259,73.5392532348633
AI0530,Summer 2026,Case Study,0,40,2115,9,20.4126663208008,2026-08-17 21:49:52.958110,71.8034896850586
AI0531,Fall 2026,Case Study,1,41,1857,13,60.6743659973145,2026-04-01 21:49:52.959736,68.9967269897461
AI0532,Summer 2026,Literature Review,1,55,1582,7,16.1663417816162,2026-07-18 21:49:52.960473,81.5117721557617
AI0533,Fall 2025,Literature Review,0,36,1864,11,15.8696823120117,2026-07-03 21:49:52.961131,72.6835021972656
AI0534,Fall 2026,Research Paper,1,53,1200,9,52.5669479370117,2026-06-23 21:49:52.961654,73.5650405883789
AI0535,Spring 2026,Lab Report,0,22,1240,9,19.3933429718018,2026-05-02 21:49:52.962011,63.8591384887695
AI0536,Spring 2026,Essay,1,41,2127,5,37.9563674926758,2026-05-17 21:49:52.962687,81.9847717285156
AI0537,Fall 2025,Case Study,0,8,1532,13,19.4790306091309,2026-04-03 21:49:52.963193,79.2816009521484
AI0538,Spring 2026,Research Paper,0,41,1235,10,15.9192428588867,2026-07-26 21:49:52.963653,82.0028839111328
AI0539,Fall 2026,Lab Report,0,41,1605,14,46.3906364440918,2026-06-12 21:49:52.965608,61.1832160949707
AI0540,Spring 2026,Case Study,0,16,2229,7,23.491907119751,2026-03-13 21:49:52.966384,61.8252601623535
AI0541,Summer 2026,Lab Report,1,35,1113,4,59.1412544250488,2026-08-31 21:49:52.966900,68.684944152832
AI0542,Fall 2026,Literature Review,1,64,1161,7,13.4416828155518,2026-05-22 21:49:52.967450,81.3891677856445
AI0543,Summer 2026,Case Study,0,30,1044,6,6.37155437469482,2026-08-30 21:49:52.967940,66.98876953125
AI0544,Fall 2026,Literature Review,1,77,941,9,20.9699172973633,2026-07-04 21:49:52.968440,78.5282440185547
AI0545,Spring 2026,Essay,0,42,1288,6,44.0917053222656,2026-07-01 21:49:52.968985,70.9187927246094
AI0546,Fall 2026,Lab Report,1,38,2716,12,38.6190795898438,2026-07-09 21:49:52.969478,74.291618347168
AI0547,Fall 2025,Case Study,1,16,2163,6,23.3628082275391,2026-07-07 21:49:52.969940,83.2310104370117
AI0548,Fall 2025,Research Paper,1,25,1084,8,44.401554107666,2026-06-26 21:49:52.970411,75.2400970458984
AI0549,Fall 2026,Literature Review,1,64,1315,7,42.7883110046387,2026-05-23 21:49:52.970874,79.3365936279297
AI0550,Spring 2026,Lab Report,0,11,2089,8,10.2677841186523,2026-03-18 21:49:52.971936,81.7223358154297
AI0551,Fall 2026,Lab Report,0,36,1400,9,11.1884307861328,2026-05-09 21:49:52.972728,78.4494934082031
AI0552,Summer 2026,Case Study,0,35,1696,7,56.0499534606934,2026-03-16 21:49:52.973782,64.7330932617188
AI0553,Spring 2026,Essay,1,45,1586,4,12.7738656997681,2026-06-24 21:49:52.974179,77.8979644775391
AI0554,Spring 2026,Research Paper,0,35,1104,3,21.6359405517578,2026-04-02 21:49:52.974451,77.0698165893555
AI0555,Summer 2026,Research Paper,0,41,1717,11,39.7641944885254,2026-06-15 21:49:52.974725,75.0038528442383
AI0556,Fall 2026,Literature Review,0,63,1887,9,7.42069530487061,2026-06-06 21:49:52.974976,80.2070541381836
AI0557,Summer 2026,Research Paper,1,52,640,7,31.1728954315186,2026-03-17 21:49:52.975231,87.1171569824219
AI0558,Fall 2026,Literature Review,1,61,1200,7,47.9141426086426,2026-03-12 21:49:52.975480,81.4598083496094
AI0559,Summer 2026,Lab Report,0,40,1876,8,8.35513401031494,2026-05-07 21:49:52.975727,56.060489654541
AI0560,Fall 2026,Literature Review,0,60,1659,9,41.1389617919922,2026-04-30 21:49:52.975975,57.8173751831055
AI0561,Fall 2026,Case Study,0,54,1633,6,24.879825592041,2026-06-02 21:49:52.976220,58.5956611633301
AI0562,Fall 2026,Case Study,0,39,1593,3,37.4787979125977,2026-03-27 21:49:52.976461,70.9243545532227
AI0563,Fall 2025,Literature Review,0,32,1293,9,38.5051231384277,2026-06-09 21:49:52.976702,85.808837890625
AI0564,Summer 2026,Case Study,0,34,1411,3,18.5517272949219,2026-04-27 21:49:52.976980,71.3692932128906
AI0565,Summer 2026,Research Paper,1,35,925,11,21.0119209289551,2026-05-22 21:49:52.977509,80.3539123535156
AI0566,Fall 2026,Literature Review,1,58,1499,12,55.1425476074219,2026-04-06 21:49:52.977800,74.5072555541992
AI0567,Spring 2026,Lab Report,0,18,1529,6,11.0090751647949,2026-04-24 21:49:52.978069,98.3430480957031
AI0568,Fall 2026,Research Paper,1,51,1414,4,29.1639575958252,2026-09-03 21:49:52.978314,69.794059753418
AI0569,Fall 2026,Case Study,1,44,1370,4,22.2726573944092,2026-04-14 21:49:52.978588,86.9770965576172
AI0570,Fall 2025,Literature Review,0,33,1725,14,11.0369129180908,2026-07-25 21:49:52.978882,67.8095703125
AI0571,Fall 2026,Literature Review,1,70,1783,9,20.0140075683594,2026-05-14 21:49:52.979170,81.6008529663086
AI0572,Fall 2026,Literature Review,1,63,1511,11,21.2004585266113,2026-04-27 21:49:52.979424,78.8963851928711
AI0573,Fall 2026,Research Paper,1,46,1535,8,15.4264030456543,2026-07-22 21:49:52.979672,71.2725067138672
AI0574,Spring 2026,Case Study,0,21,1444,7,18.2312278747559,2026-03-21 21:49:52.980096,78.2970962524414
AI0575,Fall 2026,Literature Review,1,68,771,9,81.5642242431641,2026-07-07 21:49:52.980895,78.0879211425781
AI0576,Spring 2026,Lab Report,0,20,1610,7,57.3447113037109,2026-09-01 21:49:52.981743,64.67041015625
AI0577,Fall 2026,Lab Report,0,39,1195,6,50.8982582092285,2026-04-23 21:49:52.982234,77.4552154541016
AI0578,Fall 2025,Research Paper,0,23,1867,11,46.5853614807129,2026-04-28 21:49:52.982490,53.7156829833984
AI0579,Fall 2025,Literature Review,0,32,1295,6,45.2646255493164,2026-07-22 21:49:52.982737,73.7291946411133
AI0580,Summer 2026,Literature Review,0,46,1310,7,39.9512557983398,2026-06-03 21:49:52.983000,76.641487121582
AI0581,Summer 2026,Research Paper,0,40,1323,6,21.2426605224609,2026-04-26 21:49:52.983245,94.9950332641602
AI0582,Fall 2026,Essay,1,59,500,9,9.19621086120605,2026-05-07 21:49:52.983486,75.6881103515625
AI0583,Fall 2025,Literature Review,1,32,1187,9,46.7097625732422,2026-05-13 21:49:52.983733,89.3838729858398
AI0584,Fall 2025,Literature Review,1,37,1718,8,62.465991973877,2026-04-07 21:49:52.983988,76.2797088623047
AI0585,Fall 2026,Literature Review,0,70,1481,8,33.7637557983398,2026-05-20 21:49:52.984265,87.6346893310547
AI0586,Spring 2026,Essay,0,38,1643,8,24.1052207946777,2026-08-31 21:49:52.984507,48.8201332092285
AI0587,Fall 2026,Research Paper,1,51,745,10,23.2200870513916,2026-05-12 21:49:52.984750,77.3554153442383
AI0588,Fall 2026,Essay,1,68,1566,10,69.869384765625,2026-08-08 21:49:52.985002,76.0011596679688
AI0589,Summer 2026,Literature Review,0,57,1096,12,8.98931217193604,2026-09-02 21:49:52.985252,81.47412109375
AI0590,Summer 2026,Lab Report,1,32,1277,7,36.3023414611816,2026-04-13 21:49:52.985495,73.9647750854492
AI0591,Fall 2025,Lab Report,0,14,2464,9,17.5673561096191,2026-04-01 21:49:52.985769,75.0309982299805
AI0592,Fall 2025,Lab Report,0,11,1146,4,9.90653610229492,2026-07-29 21:49:52.986072,88.7922744750977
AI0593,Fall 2026,Lab Report,0,33,1827,5,67.5353393554688,2026-08-21 21:49:52.986335,84.2546997070313
AI0594,Fall 2026,Literature Review,0,61,1604,13,34.7427520751953,2026-03-26 21:49:52.986604,62.6118316650391
AI0595,Fall 2026,Research Paper,1,59,1079,8,34.9637832641602,2026-07-17 21:49:52.986849,75.7259826660156
AI0596,Summer 2026,Lab Report,1,36,2412,5,37.4164390563965,2026-03-14 21:49:52.987103,79.4285125732422
AI0597,Summer 2026,Research Paper,1,53,2065,16,55.2438087463379,2026-03-25 21:49:52.987352,72.0237274169922
AI0598,Summer 2026,Literature Review,0,51,1318,4,11.2807712554932,2026-03-20 21:49:52.987601,79.8988189697266
AI0599,Summer 2026,Literature Review,1,58,1281,11,6.23740577697754,2026-04-19 21:49:52.987844,74.189582824707
AI0600,Summer 2026,Case Study,0,38,1880,10,51.0342025756836,2026-08-18 21:49:52.988098,58.345516204834
AI0601,Fall 2026,Lab Report,0,34,1945,5,15.1348714828491,2026-08-12 21:49:52.988341,63.2412567138672
AI0602,Spring 2026,Research Paper,1,43,1797,8,33.0742835998535,2026-08-08 21:49:52.988583,79.1759338378906
AI0603,Fall 2026,Lab Report,1,44,1675,13,30.1127510070801,2026-07-25 21:49:52.988830,76.8232650756836
AI0604,Fall 2026,Essay,1,60,1834,6,61.6286392211914,2026-06-08 21:49:52.989105,79.6167221069336
AI0605,Spring 2026,Literature Review,0,44,1565,9,30.3910369873047,2026-06-22 21:49:52.989355,78.0030975341797
AI0606,Summer 2026,Lab Report,0,27,1513,5,22.4674892425537,2026-08-20 21:49:52.989596,69.7182540893555
AI0607,Spring 2026,Lab Report,0,24,1763,7,41.6380500793457,2026-08-03 21:49:52.989838,75.203727722168
AI0608,Summer 2026,Essay,0,44,848,12,44.5881805419922,2026-08-06 21:49:52.990086,75.9769897460938
AI0609,Spring 2026,Literature Review,0,36,2363,14,42.6729736328125,2026-07-12 21:49:52.990331,74.7545852661133
AI0610,Fall 2026,Case Study,1,51,1603,10,39.6173553466797,2026-07-14 21:49:52.990570,83.4793090820313
AI0611,Fall 2026,Literature Review,1,71,2523,7,59.7077674865723,2026-08-19 21:49:52.990816,74.1130447387695
AI0612,Spring 2026,Essay,1,39,1663,4,33.5129814147949,2026-03-15 21:49:52.991066,89.7935028076172
AI0613,Spring 2026,Lab Report,0,22,1206,5,12.7960004806519,2026-05-19 21:49:52.991336,83.6874771118164
AI0614,Spring 2026,Research Paper,1,43,1516,10,30.5503673553467,2026-07-24 21:49:52.991587,76.5526351928711
AI0615,Fall 2026,Case Study,1,49,2184,3,3.45441603660583,2026-04-10 21:49:52.991838,78.4176406860352
AI0616,Fall 2025,Lab Report,1,12,843,7,33.780403137207,2026-08-08 21:49:52.992106,82.3203964233398
AI0617,Fall 2026,Case Study,0,46,1621,10,27.7125682830811,2026-08-03 21:49:52.992359,72.3201904296875
AI0618,Fall 2026,Essay,1,60,662,8,75.3285140991211,2026-06-11 21:49:52.992602,73.7217636108398
AI0619,Fall 2026,Lab Report,1,31,1385,8,18.6891765594482,2026-08-26 21:49:52.992848,77.5709075927734
AI0620,Fall 2026,Literature Review,1,67,1378,7,43.5078544616699,2026-07-13 21:49:52.993196,77.7917098999023
AI0621,Spring 2026,Research Paper,1,33,1821,13,55.1129684448242,2026-06-03 21:49:52.993595,80.7808074951172
AI0622,Summer 2026,Literature Review,1,52,1545,9,55.9882659912109,2026-07-26 21:49:52.993861,77.2803726196289
AI0623,Fall 2026,Case Study,0,51,1181,5,10.3705215454102,2026-06-20 21:49:52.994123,73.5873336791992
AI0624,Fall 2025,Case Study,1,23,925,8,44.0056838989258,2026-06-07 21:49:52.994372,87.5164260864258
AI0625,Summer 2026,Research Paper,1,45,1463,8,53.9695205688477,2026-05-14 21:49:52.994622,76.0520629882813
AI0626,Spring 2026,Research Paper,1,31,1497,13,31.5703659057617,2026-03-16 21:49:52.994875,78.0939025878906
AI0627,Spring 2026,Literature Review,1,47,1262,5,33.0016403198242,2026-03-16 21:49:52.995156,78.5668869018555
AI0628,Fall 2026,Essay,0,60,1179,8,10.8967027664185,2026-05-06 21:49:52.995407,64.2715225219727
AI0629,Summer 2026,Lab Report,1,34,2124,11,45.5441436767578,2026-05-22 21:49:52.995649,70.0056533813477
AI0630,Fall 2025,Research Paper,1,22,1943,12,41.2831077575684,2026-07-20 21:49:52.995897,80.5548095703125
AI0631,Fall 2025,Research Paper,0,18,1410,7,89.073486328125,2026-05-24 21:49:52.996162,70.8576354980469
AI0632,Fall 2026,Literature Review,0,70,813,8,39.904182434082,2026-08-06 21:49:52.996424,92.0235824584961
AI0633,Spring 2026,Literature Review,0,36,1891,6,33.5767021179199,2026-04-18 21:49:52.996687,64.4888000488281
AI0634,Summer 2026,Lab Report,1,38,1651,9,43.966064453125,2026-08-01 21:49:52.996967,82.8390121459961
AI0635,Summer 2026,Literature Review,0,54,1299,10,19.4262752532959,2026-07-17 21:49:52.998361,98.2214584350586
AI0636,Fall 2025,Literature Review,0,31,1068,5,17.7868556976318,2026-04-23 21:49:52.999062,78.3157424926758
AI0637,Spring 2026,Literature Review,0,38,1504,5,80.5142364501953,2026-05-19 21:49:52.999541,90.1114196777344
AI0638,Summer 2026,Essay,0,56,1126,11,39.1642227172852,2026-06-10 21:49:53.000084,77.4175262451172
AI0639,Fall 2025,Essay,1,41,734,9,34.4056282043457,2026-08-12 21:49:53.000541,79.042854309082
AI0640,Summer 2026,Case Study,1,38,1357,7,24.3950004577637,2026-08-25 21:49:53.001224,82.7308197021484
AI0641,Summer 2026,Research Paper,0,43,1517,6,16.298210144043,2026-08-21 21:49:53.002235,68.5132293701172
AI0642,Fall 2026,Essay,0,60,1405,5,67.7418365478516,2026-04-16 21:49:53.003223,80.3098297119141
AI0643,Fall 2025,Literature Review,0,30,1482,12,42.4932289123535,2026-09-06 21:49:53.003964,55.085319519043
AI0644,Summer 2026,Lab Report,1,31,1700,7,51.5102806091309,2026-04-18 21:49:53.004880,78.0479202270508
AI0645,Fall 2026,Lab Report,1,41,1976,13,29.4548721313477,2026-04-15 21:49:53.005587,84.7749557495117
AI0646,Fall 2026,Case Study,0,45,1295,4,16.9679088592529,2026-04-17 21:49:53.006099,67.0865936279297
AI0647,Fall 2026,Lab Report,0,30,1248,1,54.984058380127,2026-06-22 21:49:53.006567,73.1083831787109
AI0648,Fall 2025,Research Paper,0,25,1921,6,38.0095291137695,2026-04-09 21:49:53.007031,97.2626266479492
AI0649,Fall 2026,Case Study,0,53,1492,6,4.67248964309692,2026-08-11 21:49:53.007585,74.9239883422852
AI0650,Fall 2025,Research Paper,1,27,1181,3,54.8937911987305,2026-04-02 21:49:53.008719,88.1866302490234
AI0651,Spring 2026,Essay,1,44,1243,7,5.71366453170776,2026-08-04 21:49:53.009670,77.3205413818359
AI0652,Fall 2026,Lab Report,1,39,1336,10,6.2500262260437,2026-09-06 21:49:53.010432,80.2027359008789
AI0653,Summer 2026,Literature Review,0,58,917,8,16.1735858917236,2026-05-10 21:49:53.010819,81.1828079223633
AI0654,Fall 2025,Research Paper,0,27,1384,7,24.5035381317139,2026-07-01 21:49:53.011140,60.0797996520996
AI0655,Fall 2026,Research Paper,1,57,1543,13,10.2079467773438,2026-08-06 21:49:53.011397,74.0028991699219
AI0656,Fall 2026,Lab Report,1,36,2046,7,10.8160791397095,2026-04-14 21:49:53.011728,76.1669540405273
AI0657,Summer 2026,Essay,0,51,632,10,44.9562568664551,2026-05-24 21:49:53.012023,71.3200378417969
AI0658,Fall 2026,Case Study,0,44,1413,10,20.3277435302734,2026-07-10 21:49:53.012270,75.0031051635742
AI0659,Fall 2026,Case Study,0,44,1689,7,23.893217086792,2026-08-31 21:49:53.012534,69.0585861206055
AI0660,Fall 2026,Essay,0,56,1372,7,67.8262481689453,2026-07-15 21:49:53.012779,77.0032577514648
AI0661,Summer 2026,Literature Review,1,57,1357,4,20.1272945404053,2026-03-18 21:49:53.013038,76.9167709350586
AI0662,Summer 2026,Essay,0,51,1465,9,18.3708782196045,2026-06-03 21:49:53.013296,66.9021682739258
AI0663,Fall 2026,Lab Report,0,40,1664,9,33.7838706970215,2026-07-29 21:49:53.013539,93.6262741088867
AI0664,Spring 2026,Case Study,1,29,1309,10,10.9520359039307,2026-08-26 21:49:53.014885,77.8469924926758
AI0665,Fall 2026,Case Study,1,52,1588,11,38.0817756652832,2026-04-25 21:49:53.015698,76.7052612304688
AI0666,Fall 2026,Lab Report,0,46,1065,6,11.0051832199097,2026-09-04 21:49:53.016068,85.0243301391602
AI0667,Spring 2026,Research Paper,0,30,1310,5,14.8318634033203,2026-09-03 21:49:53.016910,72.5388793945313
AI0668,Summer 2026,Lab Report,0,24,1320,14,40.3939628601074,2026-08-11 21:49:53.017856,76.9766311645508
AI0669,Fall 2025,Essay,0,24,1530,5,30.0261077880859,2026-04-04 21:49:53.018496,81.9752197265625
AI0670,Fall 2026,Essay,0,56,1761,7,24.9581241607666,2026-08-16 21:49:53.019159,65.9822235107422
AI0671,Fall 2026,Lab Report,1,46,1134,7,30.6656131744385,2026-04-19 21:49:53.019753,79.9486312866211
AI0672,Spring 2026,Lab Report,0,23,1677,7,49.5430679321289,2026-03-22 21:49:53.020310,70.7668075561523
AI0673,Summer 2026,Lab Report,0,23,1542,4,25.5218391418457,2026-06-29 21:49:53.020801,83.6048965454102
AI0674,Fall 2026,Case Study,1,48,1850,11,9.23115062713623,2026-06-14 21:49:53.021316,78.0266876220703
AI0675,Spring 2026,Lab Report,0,16,1361,7,61.5137977600098,2026-07-25 21:49:53.021776,79.5085525512695
AI0676,Summer 2026,Case Study,0,33,1085,13,63.1667556762695,2026-04-07 21:49:53.022450,80.5716857910156
AI0677,Fall 2026,Essay,1,57,2667,13,59.3955383300781,2026-06-26 21:49:53.023072,77.8232116699219
AI0678,Fall 2026,Literature Review,1,61,1672,9,5.92504549026489,2026-04-25 21:49:53.023484,78.1593627929688
AI0679,Fall 2026,Case Study,1,44,1705,8,39.8526306152344,2026-08-16 21:49:53.023741,76.9830703735352
AI0680,Fall 2026,Literature Review,1,73,439,10,18.458366394043,2026-07-15 21:49:53.024009,72.1467208862305
AI0681,Spring 2026,Literature Review,0,44,1576,4,31.2545890808105,2026-07-03 21:49:53.024263,66.2970504760742
AI0682,Spring 2026,Research Paper,0,34,1449,11,35.6942481994629,2026-05-15 21:49:53.024507,54.346851348877
AI0683,Fall 2026,Literature Review,1,70,1584,9,47.5511131286621,2026-09-05 21:49:53.024753,74.4329452514648
AI0684,Summer 2026,Lab Report,1,32,1578,10,21.9752578735352,2026-05-13 21:49:53.025050,74.5068511962891
AI0685,Fall 2025,Essay,0,30,1370,5,4.58752822875977,2026-06-19 21:49:53.025377,71.9519958496094
AI0686,Spring 2026,Case Study,1,21,1198,5,39.1857948303223,2026-08-12 21:49:53.025623,76.9267044067383
AI0687,Spring 2026,Lab Report,0,23,1858,8,36.9245681762695,2026-06-05 21:49:53.025872,78.5760726928711
AI0688,Fall 2026,Research Paper,1,56,1763,5,2.22185397148132,2026-03-25 21:49:53.026138,73.088249206543
AI0689,Summer 2026,Research Paper,0,46,1735,15,11.0010738372803,2026-07-02 21:49:53.026390,90.5758666992188
AI0690,Fall 2026,Lab Report,0,38,1226,8,47.989330291748,2026-07-22 21:49:53.026634,63.5886077880859
AI0691,Fall 2025,Case Study,1,9,1124,5,6.85799312591553,2026-05-29 21:49:53.026901,70.7716598510742
AI0692,Summer 2026,Literature Review,1,61,1548,8,18.2221126556396,2026-08-28 21:49:53.027181,77.2645950317383
AI0693,Fall 2026,Lab Report,1,48,1314,9,39.047534942627,2026-03-26 21:49:53.027447,68.9147491455078
AI0694,Fall 2026,Essay,1,68,1799,5,67.4775543212891,2026-06-29 21:49:53.027700,79.9778289794922
AI0695,Summer 2026,Essay,0,54,1256,11,18.4254112243652,2026-06-10 21:49:53.027971,89.62158203125
AI0696,Spring 2026,Essay,0,41,928,6,81.7071685791016,2026-08-11 21:49:53.028218,98.8875961303711
AI0697,Summer 2026,Literature Review,1,60,1377,11,42.1669158935547,2026-05-04 21:49:53.028462,71.7228088378906
AI0698,Fall 2025,Case Study,0,23,1704,7,48.0754470825195,2026-05-26 21:49:53.028710,60.388614654541
AI0699,Summer 2026,Lab Report,0,27,907,16,17.698371887207,2026-04-14 21:49:53.028967,72.0224304199219
AI0700,Spring 2026,Literature Review,0,48,1366,9,42.5690231323242,2026-05-10 21:49:53.029219,84.1904678344727
AI0701,Spring 2026,Case Study,0,23,1480,5,14.4689245223999,2026-05-03 21:49:53.029462,60.9764404296875
AI0702,Summer 2026,Literature Review,1,56,1739,4,41.4466361999512,2026-06-13 21:49:53.029705,75.307991027832
AI0703,Fall 2026,Research Paper,0,52,1681,7,61.2191581726074,2026-04-25 21:49:53.029964,73.4360427856445
AI0704,Fall 2025,Lab Report,0,12,1519,7,69.627326965332,2026-03-21 21:49:53.030207,70.9902038574219
AI0705,Fall 2026,Lab Report,1,40,1313,9,3.95766758918762,2026-04-01 21:49:53.031082,75.6419143676758
AI0706,Fall 2026,Case Study,0,38,1629,9,59.5648612976074,2026-06-30 21:49:53.031575,68.2860107421875
AI0707,Fall 2026,Research Paper,0,60,1963,4,28.466064453125,2026-06-07 21:49:53.032057,70.3421936035156
AI0708,Fall 2026,Essay,0,65,1261,5,3.29299402236938,2026-07-22 21:49:53.032477,80.6585464477539
AI0709,Fall 2026,Essay,1,66,1605,8,28.0897235870361,2026-03-29 21:49:53.032731,65.5929489135742
AI0710,Fall 2025,Lab Report,0,13,1861,5,39.1542930603027,2026-08-22 21:49:53.033014,92.8006820678711
AI0711,Spring 2026,Case Study,0,21,760,7,31.854736328125,2026-08-06 21:49:53.033307,64.8124465942383
AI0712,Fall 2026,Research Paper,1,57,1868,7,26.7646961212158,2026-03-12 21:49:53.033566,79.9343490600586
AI0713,Fall 2026,Lab Report,0,37,1047,7,58.7098045349121,2026-04-05 21:49:53.033815,86.3045425415039
AI0714,Fall 2025,Case Study,0,12,1432,4,23.0227279663086,2026-06-03 21:49:53.034063,72.4845962524414
AI0715,Fall 2026,Literature Review,0,64,2132,9,69.1264114379883,2026-07-17 21:49:53.034308,84.7461166381836
AI0716,Fall 2026,Literature Review,1,64,2049,14,64.1080856323242,2026-07-22 21:49:53.034551,83.1040115356445
AI0717,Fall 2026,Literature Review,0,66,1055,8,8.59965896606445,2026-08-28 21:49:53.034800,68.7477493286133
AI0718,Fall 2026,Lab Report,0,39,1827,15,24.2400398254395,2026-09-07 21:49:53.035057,71.0627899169922
AI0719,Fall 2026,Research Paper,1,56,1190,6,28.8969421386719,2026-07-03 21:49:53.035302,87.5749206542969
AI0720,Fall 2026,Essay,0,60,1612,6,22.504789352417,2026-05-11 21:49:53.035550,64.0746459960938
AI0721,Fall 2025,Research Paper,0,21,1133,2,47.9783248901367,2026-06-24 21:49:53.035794,77.1108856201172
AI0722,Summer 2026,Case Study,0,32,877,8,8.72591018676758,2026-03-18 21:49:53.036042,79.7412490844727
AI0723,Fall 2026,Research Paper,1,57,2239,5,43.1564712524414,2026-08-11 21:49:53.036286,78.7929916381836
AI0724,Summer 2026,Essay,1,57,1136,7,35.8081359863281,2026-06-13 21:49:53.036534,86.3753128051758
AI0725,Fall 2026,Lab Report,0,38,1373,11,14.2252359390259,2026-06-11 21:49:53.036798,67.6989364624023
AI0726,Summer 2026,Essay,0,51,1507,8,30.9399490356445,2026-04-15 21:49:53.037047,76.2286605834961
AI0727,Fall 2026,Literature Review,1,76,1458,6,31.2046585083008,2026-05-30 21:49:53.037290,81.4877548217773
AI0728,Fall 2026,Research Paper,0,56,2073,6,48.5079574584961,2026-07-16 21:49:53.037537,73.8775787353516
AI0729,Fall 2026,Case Study,0,45,926,5,31.9371891021729,2026-03-12 21:49:53.037779,86.2580337524414
AI0730,Summer 2026,Case Study,1,35,1596,9,25.5016708374023,2026-07-15 21:49:53.038039,84.1730270385742
AI0731,Fall 2026,Research Paper,0,52,1322,6,43.0975227355957,2026-07-12 21:49:53.038291,87.1138000488281
AI0732,Summer 2026,Lab Report,0,32,2276,10,34.3080711364746,2026-08-08 21:49:53.038531,67.1735916137695
AI0733,Fall 2025,Literature Review,1,38,1205,9,28.7824649810791,2026-04-10 21:49:53.038772,75.9080581665039
AI0734,Fall 2026,Research Paper,0,48,1771,9,33.2593231201172,2026-08-09 21:49:53.039025,77.2036819458008
AI0735,Fall 2026,Lab Report,1,43,1505,10,65.3348922729492,2026-04-26 21:49:53.039268,69.0410995483398
AI0736,Summer 2026,Essay,0,57,1425,6,35.6225433349609,2026-08-21 21:49:53.039516,95.7648162841797
AI0737,Summer 2026,Literature Review,1,56,2558,12,31.4731864929199,2026-07-12 21:49:53.039759,74.3784790039063
AI0738,Summer 2026,Case Study,0,29,1319,4,31.1116695404053,2026-07-26 21:49:53.040011,90.7353210449219
AI0739,Fall 2026,Lab Report,1,51,766,8,22.5991153717041,2026-03-31 21:49:53.040254,85.2767028808594
AI0740,Spring 2026,Lab Report,0,24,2140,7,41.3070259094238,2026-08-26 21:49:53.040504,74.0863037109375
AI0741,Fall 2025,Lab Report,0,4,1215,8,17.29469871521,2026-07-08 21:49:53.040755,54.4108581542969
AI0742,Spring 2026,Essay,1,39,1364,4,33.2802200317383,2026-08-18 21:49:53.041005,71.8064346313477
AI0743,Fall 2026,Lab Report,0,48,1607,6,5.84048128128052,2026-08-14 21:49:53.041364,88.8331909179688
AI0744,Spring 2026,Literature Review,1,55,2147,12,16.1452331542969,2026-04-12 21:49:53.041712,77.1895370483398
AI0745,Fall 2025,Essay,1,37,1386,6,16.5475654602051,2026-04-22 21:49:53.042080,86.0789642333984
AI0746,Spring 2026,Lab Report,0,14,1594,7,61.9614334106445,2026-06-20 21:49:53.042396,72.4705429077148
AI0747,Spring 2026,Essay,1,45,1121,8,40.2098503112793,2026-08-15 21:49:53.042807,75.4355087280273
AI0748,Fall 2025,Essay,0,35,1824,2,12.5583486557007,2026-03-22 21:49:53.043139,71.8159332275391
AI0749,Summer 2026,Lab Report,0,36,2194,9,80.8113174438477,2026-07-05 21:49:53.043395,79.7717666625977
AI0750,Spring 2026,Literature Review,1,43,1778,13,9.45838165283203,2026-05-21 21:49:53.043683,80.8532409667969
AI0751,Summer 2026,Essay,1,47,1874,11,6.26264381408691,2026-06-17 21:49:53.043935,75.7673034667969
AI0752,Spring 2026,Case Study,0,21,751,4,26.0873241424561,2026-04-18 21:49:53.044193,91.3540115356445
AI0753,Summer 2026,Case Study,0,28,1786,7,35.5668182373047,2026-07-19 21:49:53.044437,70.3515701293945
AI0754,Fall 2026,Lab Report,1,35,1531,6,51.2310333251953,2026-07-02 21:49:53.044689,78.7646026611328
AI0755,Spring 2026,Essay,0,44,1357,5,8.64606761932373,2026-04-01 21:49:53.044987,64.7230987548828
AI0756,Summer 2026,Literature Review,1,62,1114,8,34.1888809204102,2026-04-27 21:49:53.045250,78.4702682495117
AI0757,Fall 2025,Case Study,0,20,1307,7,17.856107711792,2026-08-14 21:49:53.045500,86.3285064697266
AI0758,Fall 2026,Lab Report,1,40,1666,9,29.1963500976563,2026-08-10 21:49:53.045741,78.9597625732422
AI0759,Summer 2026,Case Study,0,31,2289,7,27.0658473968506,2026-07-16 21:49:53.046042,76.3658294677734
AI0760,Fall 2025,Literature Review,0,31,1993,8,27.9913921356201,2026-08-17 21:49:53.046297,84.6217193603516
AI0761,Fall 2026,Lab Report,0,31,1667,7,56.4273796081543,2026-07-20 21:49:53.046554,67.9972457885742
AI0762,Spring 2026,Literature Review,1,46,1499,7,10.4399557113647,2026-03-14 21:49:53.046799,69.8447189331055
AI0763,Fall 2026,Research Paper,0,51,1254,12,18.6131401062012,2026-05-16 21:49:53.047052,89.0402374267578
AI0764,Fall 2025,Case Study,0,15,1182,7,48.4594383239746,2026-04-16 21:49:53.047465,60.4678955078125
AI0765,Fall 2026,Research Paper,1,57,1222,7,65.415641784668,2026-04-04 21:49:53.047815,81.0470581054688
AI0766,Spring 2026,Research Paper,0,38,1042,7,17.5489063262939,2026-03-21 21:49:53.048093,69.738883972168
AI0767,Fall 2026,Research Paper,0,56,1705,6,51.9993095397949,2026-03-22 21:49:53.048338,81.3541564941406
AI0768,Fall 2026,Essay,1,55,1771,13,32.4425392150879,2026-08-05 21:49:53.048581,78.4286041259766
AI0769,Fall 2026,Case Study,0,46,1084,19,33.6814575195313,2026-06-24 21:49:53.048883,62.8080902099609
AI0770,Summer 2026,Case Study,0,34,1944,5,35.7308387756348,2026-06-30 21:49:53.049136,83.4478225708008
AI0771,Fall 2025,Case Study,0,20,1711,11,13.1425523757935,2026-07-29 21:49:53.049380,73.7905807495117
AI0772,Fall 2026,Case Study,1,56,1291,6,57.3698768615723,2026-04-17 21:49:53.049622,64.0369567871094
AI0773,Fall 2026,Case Study,0,45,1568,7,35.1771049499512,2026-06-20 21:49:53.049871,68.8642959594727
AI0774,Summer 2026,Research Paper,1,46,2071,7,13.5853414535522,2026-07-17 21:49:53.050229,89.9766082763672
AI0775,Spring 2026,Lab Report,0,20,979,9,21.4319248199463,2026-07-30 21:49:53.050662,80.4119491577148
AI0776,Summer 2026,Lab Report,0,26,1619,12,10.5165901184082,2026-05-04 21:49:53.051114,67.5852737426758
AI0777,Spring 2026,Research Paper,0,31,1793,6,13.9336080551147,2026-07-18 21:49:53.051830,76.4350357055664
AI0778,Fall 2026,Case Study,1,51,897,4,49.4457778930664,2026-04-30 21:49:53.052503,74.2614288330078
AI0779,Summer 2026,Research Paper,0,50,1594,10,37.2582321166992,2026-08-27 21:49:53.052974,80.1764678955078
AI0780,Summer 2026,Research Paper,1,50,1371,14,28.8972053527832,2026-05-21 21:49:53.053410,77.3345413208008
AI0781,Summer 2026,Lab Report,1,32,1945,4,18.8319683074951,2026-03-31 21:49:53.053826,80.4627075195313
AI0782,Summer 2026,Research Paper,1,53,1606,9,13.4322357177734,2026-04-01 21:49:53.054367,79.1058349609375
AI0783,Fall 2025,Research Paper,0,19,1422,7,54.502368927002,2026-04-29 21:49:53.054691,76.5569839477539
AI0784,Fall 2026,Essay,1,68,579,5,16.1842403411865,2026-05-02 21:49:53.054944,75.1218414306641
AI0785,Spring 2026,Lab Report,1,24,1383,6,19.5356140136719,2026-07-08 21:49:53.055214,83.7381210327148
AI0786,Fall 2026,Literature Review,1,70,1458,8,56.9251136779785,2026-03-20 21:49:53.055493,73.9680328369141
AI0787,Spring 2026,Research Paper,1,39,1593,7,64.3430404663086,2026-07-10 21:49:53.055748,76.6520462036133
AI0788,Summer 2026,Case Study,0,47,1347,8,20.1436443328857,2026-04-22 21:49:53.056040,75.9575881958008
AI0789,Fall 2026,Case Study,0,43,1489,11,19.5528907775879,2026-07-09 21:49:53.056355,72.6574325561523
AI0790,Fall 2026,Lab Report,0,44,1434,7,22.6691589355469,2026-07-11 21:49:53.056606,75.50830078125
AI0791,Summer 2026,Research Paper,0,54,1759,6,26.3274116516113,2026-07-14 21:49:53.056853,81.21484375
AI0792,Spring 2026,Research Paper,1,35,1795,6,59.7931785583496,2026-08-19 21:49:53.057668,81.8316345214844
AI0793,Fall 2026,Literature Review,1,64,1334,10,29.6231288909912,2026-08-20 21:49:53.058166,72.0910491943359
AI0794,Fall 2026,Research Paper,1,49,2074,8,11.0779714584351,2026-06-13 21:49:53.058449,80.0214920043945
AI0795,Fall 2026,Research Paper,0,56,1155,4,20.2644081115723,2026-05-16 21:49:53.058729,67.2127456665039
AI0796,Spring 2026,Research Paper,0,41,1892,6,23.1140670776367,2026-04-27 21:49:53.058983,65.7645416259766
AI0797,Summer 2026,Essay,1,48,1856,10,49.2337265014648,2026-03-22 21:49:53.059242,81.6067657470703
AI0798,Fall 2026,Lab Report,0,44,1694,4,23.7066440582275,2026-07-29 21:49:53.059505,82.7892761230469
AI0799,Summer 2026,Essay,1,59,1533,5,22.8264656066895,2026-05-20 21:49:53.059752,74.6601867675781
AI0800,Spring 2026,Case Study,0,31,1046,8,27.9167499542236,2026-05-08 21:49:53.060241,78.0187530517578
AI0801,Fall 2025,Case Study,0,12,985,9,19.2948684692383,2026-07-07 21:49:53.060549,86.4890518188477
AI0802,Fall 2026,Literature Review,1,65,2269,2,17.0067329406738,2026-05-21 21:49:53.060799,77.8721008300781
AI0803,Spring 2026,Case Study,1,19,1558,10,25.414867401123,2026-08-06 21:49:53.061104,77.4618377685547
AI0804,Fall 2026,Lab Report,0,39,1314,4,61.4872207641602,2026-09-01 21:49:53.061362,74.0937957763672
AI0805,Spring 2026,Essay,0,45,1534,8,26.5057353973389,2026-05-16 21:49:53.061603,85.6611404418945
AI0806,Fall 2026,Literature Review,0,71,1062,11,21.5518321990967,2026-04-02 21:49:53.061869,59.600772857666
AI0807,Fall 2026,Lab Report,1,48,1356,8,56.288158416748,2026-09-02 21:49:53.062122,68.5620346069336
AI0808,Fall 2025,Essay,0,28,1665,5,26.8725337982178,2026-08-23 21:49:53.062382,65.967399597168
AI0809,Fall 2026,Research Paper,1,51,1261,4,39.9981117248535,2026-05-11 21:49:53.062624,82.9785232543945
AI0810,Fall 2025,Lab Report,0,11,2093,5,15.280722618103,2026-05-01 21:49:53.062871,71.3726119995117
AI0811,Summer 2026,Case Study,1,37,1742,9,33.4544486999512,2026-07-03 21:49:53.063131,83.0011367797852
AI0812,Fall 2026,Literature Review,1,62,1324,5,29.0089988708496,2026-07-04 21:49:53.063391,73.1909866333008
AI0813,Summer 2026,Research Paper,0,42,1035,7,21.4212741851807,2026-08-13 21:49:53.063895,54.9672012329102
AI0814,Summer 2026,Research Paper,1,43,1844,5,35.824878692627,2026-04-06 21:49:53.064722,76.8239440917969
AI0815,Fall 2026,Lab Report,0,36,1815,10,53.2080307006836,2026-08-27 21:49:53.065608,71.7816009521484
AI0816,Spring 2026,Essay,1,40,1097,10,29.4164257049561,2026-08-15 21:49:53.066170,75.5044097900391
AI0817,Summer 2026,Essay,0,53,2086,9,32.6459693908691,2026-06-25 21:49:53.066722,67.7390060424805
AI0818,Summer 2026,Research Paper,1,45,2314,12,16.0121307373047,2026-08-15 21:49:53.067202,85.8081817626953
AI0819,Fall 2026,Literature Review,1,56,1274,7,11.179292678833,2026-04-20 21:49:53.067668,83.6346282958984
AI0820,Fall 2025,Case Study,0,14,1976,9,59.1658172607422,2026-05-20 21:49:53.068184,57.2922172546387
AI0821,Spring 2026,Essay,1,41,1515,7,26.720401763916,2026-04-03 21:49:53.068640,83.4216842651367
AI0822,Fall 2026,Essay,1,61,2044,8,16.7713565826416,2026-07-10 21:49:53.069102,74.6206436157227
AI0823,Fall 2026,Research Paper,1,58,1293,7,49.9557571411133,2026-06-09 21:49:53.069571,71.230354309082
AI0824,Fall 2026,Lab Report,0,44,1802,5,10.4025840759277,2026-04-02 21:49:53.070032,71.6535720825195
AI0825,Fall 2026,Essay,0,65,1499,12,38.8122100830078,2026-06-19 21:49:53.070497,70.6996383666992
AI0826,Fall 2026,Research Paper,0,59,1838,3,39.3325157165527,2026-06-30 21:49:53.070938,71.4700698852539
AI0827,Fall 2025,Research Paper,0,18,980,5,18.9838466644287,2026-03-23 21:49:53.071407,81.8218688964844
AI0828,Spring 2026,Case Study,0,21,1837,11,88.850456237793,2026-05-04 21:49:53.071889,84.6118927001953
AI0829,Fall 2025,Literature Review,0,40,1847,5,48.5062255859375,2026-05-12 21:49:53.072359,76.1156921386719
AI0830,Fall 2025,Literature Review,0,34,726,8,6.23005247116089,2026-03-15 21:49:53.072731,83.150749206543
AI0831,Fall 2025,Research Paper,1,22,1362,4,34.6916580200195,2026-08-28 21:49:53.072987,75.9094543457031
AI0832,Fall 2026,Literature Review,1,61,1742,6,29.9191780090332,2026-06-17 21:49:53.073320,80.9748458862305
AI0833,Fall 2026,Research Paper,1,63,918,7,5.79588794708252,2026-06-24 21:49:53.073833,77.3368835449219
AI0834,Summer 2026,Case Study,0,32,1473,2,29.0945320129395,2026-04-11 21:49:53.074346,62.7409477233887
AI0835,Fall 2026,Case Study,0,43,1375,4,36.5746192932129,2026-05-31 21:49:53.074747,56.0789337158203
AI0836,Summer 2026,Case Study,0,39,1663,7,22.1725578308105,2026-07-09 21:49:53.075123,81.9724044799805
AI0837,Spring 2026,Literature Review,0,41,2066,12,32.8596153259277,2026-07-16 21:49:53.075628,60.1369934082031
AI0838,Spring 2026,Research Paper,0,32,2046,7,76.1529388427734,2026-05-31 21:49:53.076233,61.2654037475586
AI0839,Spring 2026,Lab Report,0,10,1816,9,40.0991249084473,2026-06-17 21:49:53.076732,76.7136459350586
AI0840,Fall 2026,Literature Review,0,62,1582,5,42.4595565795898,2026-03-25 21:49:53.077266,59.3243942260742
AI0841,Fall 2025,Research Paper,0,34,936,9,31.3703441619873,2026-04-12 21:49:53.077721,76.4006729125977
AI0842,Fall 2025,Literature Review,0,33,1004,8,37.0915908813477,2026-04-04 21:49:53.078151,62.9713973999023
AI0843,Spring 2026,Lab Report,0,21,878,8,13.1691484451294,2026-07-11 21:49:53.078503,91.658317565918
AI0844,Summer 2026,Case Study,1,40,1271,7,35.8556823730469,2026-08-26 21:49:53.078822,74.2705154418945
AI0845,Spring 2026,Research Paper,1,34,2061,4,48.4930305480957,2026-03-14 21:49:53.079187,82.4050140380859
AI0846,Spring 2026,Literature Review,1,55,1663,10,47.8690147399902,2026-06-28 21:49:53.079520,79.0387496948242
AI0847,Fall 2025,Lab Report,0,7,1210,9,44.1784019470215,2026-03-20 21:49:53.079875,63.9291572570801
AI0848,Fall 2026,Case Study,1,39,1803,8,33.5866279602051,2026-06-09 21:49:53.080300,73.1164855957031
AI0849,Summer 2026,Case Study,0,42,1463,5,7.5809907913208,2026-07-29 21:49:53.081492,85.2487335205078
AI0850,Fall 2026,Case Study,0,48,1366,9,48.5515747070313,2026-06-05 21:49:53.081991,80.3303985595703
AI0851,Fall 2025,Essay,0,36,1740,10,29.3551807403564,2026-08-10 21:49:53.082472,70.301155090332
AI0852,Summer 2026,Research Paper,0,43,783,13,51.7069435119629,2026-08-28 21:49:53.082901,83.7849655151367
AI0853,Fall 2026,Case Study,0,41,1090,12,37.603572845459,2026-04-29 21:49:53.083191,79.4292984008789
AI0854,Summer 2026,Lab Report,1,27,1616,7,29.4838008880615,2026-08-03 21:49:53.083437,81.9519729614258
AI0855,Summer 2026,Case Study,0,36,1616,9,64.9622573852539,2026-05-02 21:49:53.083687,79.0478820800781
AI0856,Summer 2026,Case Study,0,33,1643,9,66.2104415893555,2026-05-20 21:49:53.083932,80.1551055908203
AI0857,Spring 2026,Essay,0,45,1648,7,20.7692394256592,2026-08-15 21:49:53.084187,54.9402084350586
AI0858,Fall 2026,Essay,0,62,762,6,33.0779876708984,2026-08-28 21:49:53.084431,100
AI0859,Spring 2026,Literature Review,0,41,1610,13,30.0891799926758,2026-08-06 21:49:53.084675,79.2982864379883
AI0860,Summer 2026,Literature Review,1,44,1444,7,85.9077682495117,2026-04-20 21:49:53.084918,76.2050476074219
AI0861,Spring 2026,Essay,1,42,762,9,14.5980386734009,2026-07-03 21:49:53.085193,74.3276596069336
AI0862,Summer 2026,Research Paper,1,51,1463,5,23.2366962432861,2026-07-19 21:49:53.085448,86.3236923217773
AI0863,Fall 2026,Essay,1,66,1810,6,68.0980224609375,2026-09-03 21:49:53.085698,84.428108215332
AI0864,Spring 2026,Research Paper,1,40,1692,11,29.7151069641113,2026-08-28 21:49:53.085947,78.8239364624023
AI0865,Summer 2026,Literature Review,0,63,525,4,8.04732704162598,2026-08-13 21:49:53.086206,62.8065719604492
AI0866,Fall 2026,Case Study,0,53,631,6,5.27489233016968,2026-05-19 21:49:53.086450,94.1728286743164
AI0867,Spring 2026,Literature Review,0,48,1861,6,41.9424209594727,2026-05-21 21:49:53.086734,67.029296875
AI0868,Summer 2026,Research Paper,0,39,1518,12,30.916316986084,2026-04-20 21:49:53.086983,79.7971725463867
AI0869,Fall 2026,Essay,1,63,1450,6,8.99552631378174,2026-05-13 21:49:53.087232,84.7605056762695
AI0870,Fall 2025,Lab Report,0,16,2259,8,50.8736953735352,2026-08-27 21:49:53.087503,74.4356536865234
AI0871,Spring 2026,Case Study,0,20,1001,5,60.9455947875977,2026-06-18 21:49:53.087763,72.8940200805664
AI0872,Fall 2026,Literature Review,1,69,2151,6,18.2064018249512,2026-07-28 21:49:53.088016,81.5843811035156
AI0873,Fall 2026,Research Paper,1,52,1982,10,61.6873092651367,2026-07-17 21:49:53.088266,78.601676940918
AI0874,Spring 2026,Literature Review,1,43,1758,6,34.5643730163574,2026-07-01 21:49:53.088513,82.4552001953125
AI0875,Fall 2026,Essay,0,61,602,7,43.9575309753418,2026-05-20 21:49:53.088759,83.2257308959961
AI0876,Summer 2026,Essay,0,52,1074,14,29.6043891906738,2026-07-23 21:49:53.089062,56.2497749328613
AI0877,Summer 2026,Case Study,0,38,1499,12,27.4337730407715,2026-04-15 21:49:53.089527,61.343994140625
AI0878,Spring 2026,Essay,1,37,1604,9,39.3227386474609,2026-08-10 21:49:53.091195,77.3633728027344
AI0879,Fall 2026,Essay,1,52,1466,9,49.3577766418457,2026-06-15 21:49:53.092396,69.8666381835938
AI0880,Fall 2026,Research Paper,1,53,894,12,25.7675838470459,2026-07-03 21:49:53.096536,78.3352355957031
AI0881,Spring 2026,Essay,0,37,1446,4,27.5943431854248,2026-05-12 21:49:53.106372,77.3825378417969
AI0882,Spring 2026,Literature Review,1,48,1186,11,19.4645442962646,2026-06-08 21:49:53.107555,74.3308944702148
AI0883,Spring 2026,Research Paper,1,45,1550,8,9.92133808135986,2026-07-10 21:49:53.108542,81.0965881347656
AI0884,Fall 2025,Literature Review,0,27,766,5,25.8885974884033,2026-05-13 21:49:53.110301,68.2095718383789
AI0885,Fall 2025,Case Study,0,15,1905,9,5.46574640274048,2026-05-28 21:49:53.110908,53.0590400695801
AI0886,Fall 2025,Case Study,1,26,1665,6,43.6031227111816,2026-06-15 21:49:53.111454,82.7555389404297
AI0887,Fall 2026,Literature Review,1,63,1274,3,27.9031810760498,2026-05-23 21:49:53.112842,83.2301025390625
AI0888,Spring 2026,Lab Report,0,34,1366,9,29.9292259216309,2026-07-28 21:49:53.113433,85.0534057617188
AI0889,Fall 2026,Essay,1,71,1331,11,26.0856037139893,2026-04-17 21:49:53.114943,80.0431442260742
AI0890,Spring 2026,Research Paper,0,39,1489,8,52.7853736877441,2026-07-09 21:49:53.115589,91.4163208007813
AI0891,Spring 2026,Essay,1,34,2393,5,62.567813873291,2026-08-08 21:49:53.116236,79.1485748291016
AI0892,Spring 2026,Literature Review,0,46,1220,5,47.7036972045898,2026-08-07 21:49:53.116883,54.3459930419922
AI0893,Spring 2026,Case Study,0,27,2169,14,38.5831146240234,2026-07-05 21:49:53.117376,74.3306579589844
AI0894,Fall 2026,Essay,0,56,1151,12,60.4117584228516,2026-06-21 21:49:53.117702,78.1863861083984
AI0895,Fall 2025,Case Study,0,23,1914,7,28.9022045135498,2026-08-17 21:49:53.117966,65.1105041503906
AI0896,Fall 2026,Case Study,0,52,1584,7,35.6454200744629,2026-04-05 21:49:53.118341,62.545482635498
AI0897,Fall 2026,Literature Review,1,68,1053,6,53.9235458374023,2026-06-17 21:49:53.118807,70.8593826293945
AI0898,Fall 2026,Research Paper,0,46,1388,13,57.3684387207031,2026-08-10 21:49:53.119247,63.898551940918
AI0899,Fall 2026,Lab Report,1,40,1110,5,59.5698318481445,2026-05-17 21:49:53.119521,81.376823425293
AI0900,Summer 2026,Lab Report,1,39,2225,8,27.9130992889404,2026-03-19 21:49:53.119797,88.2270355224609
AI0901,Spring 2026,Essay,1,32,2443,13,39.200008392334,2026-07-08 21:49:53.120216,77.1204833984375
AI0902,Fall 2026,Lab Report,1,39,2126,8,3.03495264053345,2026-05-01 21:49:53.120660,76.9515762329102
AI0903,Fall 2026,Lab Report,0,27,1923,4,50.4358291625977,2026-05-17 21:49:53.121217,64.5360641479492
AI0904,Summer 2026,Lab Report,0,24,1661,9,41.2307014465332,2026-06-25 21:49:53.122070,71.2870559692383
AI0905,Fall 2026,Research Paper,0,67,1598,10,2.91906642913818,2026-08-18 21:49:53.122556,63.8297004699707
AI0906,Fall 2026,Essay,1,58,1633,9,47.924976348877,2026-06-20 21:49:53.123253,78.219367980957
AI0907,Fall 2026,Literature Review,1,56,2081,1,46.8365364074707,2026-06-27 21:49:53.123785,74.995002746582
AI0908,Fall 2025,Literature Review,0,34,1621,5,65.8658447265625,2026-04-04 21:49:53.124090,100
AI0909,Fall 2026,Literature Review,1,61,2191,8,12.1262741088867,2026-06-18 21:49:53.124340,85.3790817260742
AI0910,Fall 2025,Lab Report,0,5,1856,5,17.5375823974609,2026-04-09 21:49:53.124589,99.3233413696289
AI0911,Summer 2026,Literature Review,0,49,1797,11,37.7974281311035,2026-03-16 21:49:53.124833,72.6043243408203
AI0912,Fall 2025,Case Study,0,11,1621,8,26.8124103546143,2026-07-02 21:49:53.125087,79.2675476074219
AI0913,Fall 2026,Lab Report,0,29,1113,8,42.6106948852539,2026-06-02 21:49:53.125335,55.9645805358887
AI0914,Fall 2026,Case Study,1,49,1464,6,37.1941986083984,2026-08-31 21:49:53.125576,79.7872772216797
AI0915,Spring 2026,Essay,1,42,1807,5,40.819393157959,2026-07-12 21:49:53.125826,74.4758911132813
AI0916,Fall 2026,Research Paper,1,58,995,7,17.4136753082275,2026-07-09 21:49:53.126082,78.2755126953125
AI0917,Fall 2026,Research Paper,1,54,1086,10,42.5437507629395,2026-03-20 21:49:53.126333,74.0844802856445
AI0918,Fall 2026,Literature Review,0,61,1517,11,30.4481506347656,2026-08-30 21:49:53.126581,80.2746963500977
AI0919,Summer 2026,Case Study,0,42,1880,6,33.2080039978027,2026-08-06 21:49:53.126823,59.9741477966309
AI0920,Fall 2026,Case Study,0,46,2081,9,32.7826385498047,2026-07-23 21:49:53.127071,73.9746170043945
AI0921,Fall 2026,Lab Report,1,43,2025,5,50.7135581970215,2026-06-19 21:49:53.127316,77.4055709838867
AI0922,Fall 2026,Case Study,0,47,2232,10,18.0466423034668,2026-08-09 21:49:53.127587,100
AI0923,Spring 2026,Essay,0,38,1382,5,63.1597557067871,2026-06-13 21:49:53.127835,91.2666702270508
AI0924,Fall 2026,Case Study,1,48,1510,6,22.9327392578125,2026-08-11 21:49:53.128083,85.795166015625
AI0925,Fall 2026,Case Study,0,54,2324,12,11.9248523712158,2026-04-24 21:49:53.128349,68.2260131835938
AI0926,Fall 2026,Case Study,1,51,1255,4,27.0526752471924,2026-05-25 21:49:53.128593,81.0427856445313
AI0927,Summer 2026,Case Study,0,43,1478,9,0.298161506652832,2026-08-18 21:49:53.128840,78.5226211547852
AI0928,Spring 2026,Literature Review,1,35,2134,4,44.4041709899902,2026-06-17 21:49:53.129088,84.4426345825195
AI0929,Summer 2026,Case Study,0,35,1722,9,57.6023559570313,2026-05-27 21:49:53.129339,61.275146484375
AI0930,Summer 2026,Essay,1,47,896,3,18.6087532043457,2026-06-14 21:49:53.129580,84.1928482055664
AI0931,Spring 2026,Research Paper,0,37,1296,4,22.4906005859375,2026-06-20 21:49:53.129826,74.9470443725586
AI0932,Spring 2026,Literature Review,0,47,1385,3,17.8342990875244,2026-05-13 21:49:53.130082,63.8940582275391
AI0933,Summer 2026,Literature Review,0,49,1802,7,17.2027969360352,2026-08-04 21:49:53.130652,76.9879455566406
AI0934,Spring 2026,Research Paper,0,42,2334,8,46.9163627624512,2026-03-15 21:49:53.131846,100
AI0935,Summer 2026,Lab Report,1,36,1316,8,62.5895576477051,2026-07-20 21:49:53.132321,76.1890411376953
AI0936,Summer 2026,Case Study,0,39,1823,8,26.3101367950439,2026-06-10 21:49:53.132758,95.7491302490234
AI0937,Spring 2026,Case Study,0,19,635,2,44.5664253234863,2026-04-21 21:49:53.133183,83.0584259033203
AI0938,Fall 2026,Essay,0,57,1403,11,19.9987163543701,2026-03-16 21:49:53.133433,76.8779754638672
AI0939,Spring 2026,Lab Report,1,27,945,5,51.0217781066895,2026-06-14 21:49:53.133713,81.9416732788086
AI0940,Spring 2026,Research Paper,0,42,2255,16,38.4742622375488,2026-07-18 21:49:53.133970,66.1558532714844
AI0941,Fall 2026,Case Study,0,49,1080,9,21.2725772857666,2026-03-28 21:49:53.134219,74.8392868041992
AI0942,Spring 2026,Literature Review,0,43,1105,8,43.2706909179688,2026-06-12 21:49:53.134476,76.0093612670898
AI0943,Summer 2026,Research Paper,1,58,1115,5,20.248706817627,2026-08-20 21:49:53.134724,81.4535522460938
AI0944,Summer 2026,Literature Review,0,59,1434,8,40.9936103820801,2026-03-31 21:49:53.134977,83.8615646362305
AI0945,Spring 2026,Lab Report,0,19,1458,9,20.5520153045654,2026-08-11 21:49:53.135234,74.7480773925781
AI0946,Summer 2026,Research Paper,0,47,1700,8,53.8419532775879,2026-05-06 21:49:53.135476,78.3857879638672
AI0947,Fall 2026,Case Study,0,47,1836,5,49.2467880249023,2026-07-22 21:49:53.135726,82.3815994262695
AI0948,Fall 2026,Research Paper,1,52,1113,12,24.8455867767334,2026-04-30 21:49:53.136026,76.1713790893555
AI0949,Fall 2026,Research Paper,1,67,1598,10,43.4834289550781,2026-06-07 21:49:53.136285,72.4194641113281
AI0950,Fall 2025,Case Study,0,19,1701,6,22.5351676940918,2026-05-23 21:49:53.136534,78.2986755371094
AI0951,Fall 2026,Case Study,1,54,1492,10,11.1776857376099,2026-03-14 21:49:53.136776,75.5419769287109
AI0952,Fall 2025,Research Paper,0,13,2080,6,52.487133026123,2026-03-14 21:49:53.137029,69.7192916870117
AI0953,Fall 2026,Literature Review,0,65,1575,8,29.5039901733398,2026-06-17 21:49:53.137370,71.3231964111328
AI0954,Spring 2026,Case Study,0,20,1711,9,42.6868858337402,2026-04-06 21:49:53.137878,89.8312149047852
AI0955,Fall 2026,Lab Report,0,41,707,6,15.1303720474243,2026-06-01 21:49:53.138417,72.0670013427734
AI0956,Fall 2025,Essay,0,22,2491,7,43.9789848327637,2026-06-14 21:49:53.138799,100
AI0957,Spring 2026,Research Paper,0,34,1202,3,12.2225513458252,2026-06-10 21:49:53.139265,64.3864440917969
AI0958,Summer 2026,Lab Report,0,35,1319,11,15.119607925415,2026-07-27 21:49:53.139786,91.6178588867188
AI0959,Summer 2026,Research Paper,0,42,1606,14,41.5810089111328,2026-03-21 21:49:53.140307,70.8400039672852
AI0960,Spring 2026,Research Paper,0,27,1338,11,31.2542095184326,2026-05-29 21:49:53.140764,74.6189193725586
AI0961,Summer 2026,Literature Review,0,65,1884,7,54.1964302062988,2026-04-18 21:49:53.141239,87.0115585327148
AI0962,Summer 2026,Lab Report,0,34,1297,8,20.0331192016602,2026-06-10 21:49:53.141674,76.5925521850586
AI0963,Spring 2026,Case Study,0,33,1878,14,25.5410213470459,2026-06-18 21:49:53.142086,95.5242080688477
AI0964,Fall 2026,Case Study,0,50,1555,12,46.3783226013184,2026-04-21 21:49:53.142448,69.9876098632813
AI0965,Fall 2026,Lab Report,1,42,2177,8,52.5821990966797,2026-03-20 21:49:53.142767,81.5957260131836
AI0966,Summer 2026,Research Paper,0,42,1343,9,13.7552900314331,2026-06-01 21:49:53.143099,85.2125778198242
AI0967,Fall 2026,Research Paper,0,50,1735,6,40.6283988952637,2026-08-25 21:49:53.143425,79.4823989868164
AI0968,Summer 2026,Research Paper,1,51,1210,9,8.12144088745117,2026-06-24 21:49:53.143748,75.4940185546875
AI0969,Fall 2026,Research Paper,1,64,2361,7,16.0903148651123,2026-06-29 21:49:53.144162,77.7088928222656
AI0970,Fall 2026,Research Paper,0,61,1548,8,50.4629440307617,2026-07-12 21:49:53.144620,93.5480728149414
AI0971,Fall 2026,Literature Review,0,59,2373,9,15.7514324188232,2026-08-22 21:49:53.145077,61.1278877258301
AI0972,Summer 2026,Essay,0,46,1804,13,24.6389980316162,2026-04-01 21:49:53.145521,100
AI0973,Summer 2026,Literature Review,1,54,2937,8,54.2147827148438,2026-06-12 21:49:53.146036,78.1069717407227
AI0974,Summer 2026,Research Paper,0,45,1643,7,12.3971920013428,2026-03-16 21:49:53.146501,70.2317886352539
AI0975,Summer 2026,Essay,1,54,1953,8,46.6497268676758,2026-07-09 21:49:53.147053,72.9240188598633
AI0976,Fall 2026,Essay,1,68,1205,5,28.1253528594971,2026-04-30 21:49:53.147822,85.5299530029297
AI0977,Fall 2025,Case Study,0,15,1646,6,19.640926361084,2026-03-23 21:49:53.148301,77.3193283081055
AI0978,Fall 2025,Research Paper,0,32,1290,6,38.8484001159668,2026-07-22 21:49:53.148669,100
AI0979,Fall 2025,Case Study,0,18,1050,12,30.9444007873535,2026-05-12 21:49:53.149128,82.3585052490234
AI0980,Spring 2026,Lab Report,0,26,1009,14,23.9710636138916,2026-05-17 21:49:53.149574,41.4203147888184
AI0981,Fall 2026,Essay,0,51,1734,12,30.6317253112793,2026-05-16 21:49:53.150010,80.7547149658203
AI0982,Spring 2026,Case Study,0,22,907,8,12.0939016342163,2026-08-01 21:49:53.150493,89.4535980224609
AI0983,Fall 2026,Case Study,0,51,1210,8,4.60575342178345,2026-06-27 21:49:53.153297,72.9528121948242
AI0984,Fall 2025,Case Study,0,14,2021,10,41.1061401367188,2026-07-01 21:49:53.154059,72.6706314086914
AI0985,Spring 2026,Research Paper,1,33,1332,6,23.6695442199707,2026-06-11 21:49:53.154864,71.1234436035156
AI0986,Summer 2026,Literature Review,0,58,1276,9,21.7281055450439,2026-05-12 21:49:53.155387,90.9953308105469
AI0987,Spring 2026,Essay,0,40,2080,7,12.9054470062256,2026-04-22 21:49:53.155857,78.1776275634766
AI0988,Fall 2026,Lab Report,1,40,1595,7,26.0739364624023,2026-08-10 21:49:53.156332,89.7299041748047
AI0989,Spring 2026,Literature Review,0,43,1283,8,9.96683120727539,2026-04-14 21:49:53.156796,60.4586296081543
AI0990,Spring 2026,Research Paper,0,38,1097,6,65.9179611206055,2026-07-18 21:49:53.157519,67.9392700195313
AI0991,Summer 2026,Research Paper,0,42,1095,6,61.6490325927734,2026-08-28 21:49:53.158438,79.9865188598633
AI0992,Fall 2026,Case Study,1,52,1825,12,41.3478050231934,2026-07-01 21:49:53.159044,80.472770690918
AI0993,Spring 2026,Literature Review,0,48,1645,8,31.4086971282959,2026-08-11 21:49:53.159548,92.0142974853516
AI0994,Spring 2026,Lab Report,0,14,1960,9,69.5507354736328,2026-06-17 21:49:53.160023,70.624885559082
AI0995,Summer 2026,Essay,0,42,1448,9,14.8767690658569,2026-08-18 21:49:53.160503,59.2544975280762
AI0996,Fall 2025,Essay,0,34,1362,13,39.7778205871582,2026-09-07 21:49:53.160999,93.267936706543
AI0997,Summer 2026,Case Study,1,34,1048,12,53.5442237854004,2026-08-02 21:49:53.161515,87.9776458740234
AI0998,Fall 2026,Case Study,1,48,1771,10,38.106502532959,2026-07-27 21:49:53.162012,75.0473175048828
AI0999,Fall 2026,Lab Report,0,39,1590,11,48.5804634094238,2026-06-29 21:49:53.162556,100
AI1000,Spring 2026,Literature Review,1,48,1756,11,56.8430061340332,2026-03-24 21:49:53.163220,73.0789642333984
AI1001,Spring 2026,Essay,0,42,1183,6,79.6536331176758,2026-07-27 21:49:53.164404,86.8621673583984
AI1002,Fall 2025,Research Paper,0,29,2008,8,57.1504135131836,2026-03-20 21:49:53.165027,82.0286865234375
AI1003,Fall 2026,Case Study,0,52,1482,7,8.80752658843994,2026-05-21 21:49:53.165566,58.9806251525879
AI1004,Fall 2025,Literature Review,1,33,621,9,32.2350807189941,2026-04-11 21:49:53.166055,77.2947082519531
AI1005,Summer 2026,Research Paper,1,44,1120,15,31.572244644165,2026-07-06 21:49:53.166520,81.6337509155273
AI1006,Summer 2026,Case Study,1,34,1821,8,60.2385139465332,2026-07-13 21:49:53.166958,89.6335144042969
AI1007,Spring 2026,Literature Review,1,42,1404,9,5.27404546737671,2026-07-17 21:49:53.167535,79.8590850830078
AI1008,Fall 2026,Essay,0,67,1495,7,58.8063201904297,2026-07-03 21:49:53.168001,66.5012054443359
AI1009,Fall 2025,Research Paper,0,26,2001,6,78.7483596801758,2026-08-11 21:49:53.168444,65.2890625
AI1010,Summer 2026,Essay,1,55,1642,11,5.95793771743774,2026-09-05 21:49:53.168913,85.4170837402344
AI1011,Fall 2026,Essay,0,59,2484,9,41.1265449523926,2026-06-05 21:49:53.169602,75.6733551025391
AI1012,Fall 2026,Essay,0,63,1755,9,28.5839595794678,2026-09-07 21:49:53.170109,64.0800552368164
AI1013,Summer 2026,Lab Report,0,28,1384,6,85.2282333374023,2026-06-14 21:49:53.170599,86.4501113891602
AI1014,Spring 2026,Literature Review,1,58,1710,6,35.9439697265625,2026-03-12 21:49:53.171083,78.2972640991211
AI1015,Fall 2026,Literature Review,1,71,884,4,49.4779663085938,2026-08-01 21:49:53.171560,72.1702270507813
AI1016,Fall 2026,Literature Review,0,67,1160,7,6.87345361709595,2026-08-06 21:49:53.172018,85.8408126831055
AI1017,Spring 2026,Literature Review,1,42,2165,9,57.6528663635254,2026-05-29 21:49:53.172468,82.1094131469727
AI1018,Fall 2025,Research Paper,1,29,1948,11,42.0282745361328,2026-06-12 21:49:53.172927,85.7284774780273
AI1019,Summer 2026,Essay,1,55,987,4,47.8230094909668,2026-06-13 21:49:53.173419,77.302490234375
AI1020,Summer 2026,Research Paper,1,55,1217,9,15.534107208252,2026-09-02 21:49:53.173896,70.6790237426758
AI1021,Summer 2026,Case Study,0,40,1356,5,28.6326351165771,2026-07-30 21:49:53.174361,64.9702682495117
AI1022,Summer 2026,Literature Review,0,48,1384,3,32.432502746582,2026-06-12 21:49:53.174685,91.3508834838867
AI1023,Spring 2026,Lab Report,0,14,911,6,40.8528671264648,2026-06-26 21:49:53.174991,58.2733116149902
AI1024,Fall 2026,Research Paper,0,63,1973,7,32.7481002807617,2026-08-08 21:49:53.175251,75.0666961669922
AI1025,Fall 2026,Essay,1,54,1476,10,25.2638072967529,2026-09-04 21:49:53.175498,72.746452331543
AI1026,Spring 2026,Research Paper,1,32,1819,16,22.5815391540527,2026-04-09 21:49:53.175744,77.872428894043
AI1027,Summer 2026,Research Paper,0,36,1529,5,22.607048034668,2026-04-12 21:49:53.175995,85.1902694702148
AI1028,Spring 2026,Essay,1,33,1461,10,16.5654449462891,2026-03-15 21:49:53.176238,81.6288681030273
AI1029,Fall 2026,Case Study,1,47,1317,7,24.7876071929932,2026-05-05 21:49:53.176484,76.1680908203125
AI1030,Fall 2026,Literature Review,0,59,1368,3,42.606330871582,2026-05-23 21:49:53.176735,75.9054183959961
AI1031,Fall 2026,Research Paper,0,57,2140,12,63.5075035095215,2026-05-11 21:49:53.176996,70.044189453125
AI1032,Summer 2026,Research Paper,1,43,1284,4,27.0395698547363,2026-08-24 21:49:53.177243,72.8089752197266
AI1033,Spring 2026,Case Study,1,33,1799,9,72.8841552734375,2026-07-08 21:49:53.177493,71.6858215332031
AI1034,Fall 2026,Lab Report,0,37,2448,8,19.5498561859131,2026-06-30 21:49:53.177739,69.0986099243164
AI1035,Fall 2025,Lab Report,0,14,1483,10,43.9894332885742,2026-04-06 21:49:53.177987,78.6261367797852
AI1036,Fall 2025,Essay,0,28,1588,5,24.6583881378174,2026-03-23 21:49:53.178230,83.003173828125
AI1037,Summer 2026,Research Paper,1,46,1212,8,38.5218849182129,2026-09-05 21:49:53.178473,73.7912750244141
AI1038,Summer 2026,Essay,0,44,1865,5,24.3859710693359,2026-05-19 21:49:53.178718,76.1484680175781
AI1039,Spring 2026,Research Paper,0,35,1318,3,70.4636077880859,2026-05-02 21:49:53.178962,56.7338218688965
AI1040,Fall 2026,Literature Review,1,68,1262,10,29.8274059295654,2026-06-03 21:49:53.179205,66.5729370117188
AI1041,Fall 2025,Case Study,0,16,995,14,22.3684844970703,2026-05-23 21:49:53.179457,69.4584732055664
AI1042,Summer 2026,Essay,1,44,1885,9,15.3698024749756,2026-08-14 21:49:53.179712,78.7014617919922
AI1043,Fall 2026,Essay,0,63,1251,10,18.4773540496826,2026-08-01 21:49:53.179966,71.4971084594727
AI1044,Spring 2026,Research Paper,0,38,1393,6,34.7639999389648,2026-08-04 21:49:53.180210,57.4742546081543
AI1045,Fall 2026,Research Paper,1,57,1097,9,54.0305366516113,2026-04-02 21:49:53.180917,78.3473968505859
AI1046,Summer 2026,Literature Review,1,55,1660,14,20.4816627502441,2026-03-31 21:49:53.181744,71.5198516845703
AI1047,Summer 2026,Research Paper,1,41,2376,10,11.1978607177734,2026-08-23 21:49:53.182602,81.2627563476563
AI1048,Fall 2026,Literature Review,0,73,1490,5,21.1004009246826,2026-07-18 21:49:53.183144,86.4472732543945
AI1049,Fall 2026,Case Study,0,42,1556,8,31.0754528045654,2026-05-23 21:49:53.183523,81.528938293457
AI1050,Spring 2026,Essay,0,34,989,13,34.0735054016113,2026-04-07 21:49:53.183774,76.6676483154297
AI1051,Fall 2025,Research Paper,1,27,1603,13,26.0132465362549,2026-03-22 21:49:53.184564,76.56787109375
AI1052,Summer 2026,Literature Review,1,59,1213,5,59.0002593994141,2026-08-18 21:49:53.185441,79.2797164916992
AI1053,Fall 2025,Essay,1,28,741,7,61.9317398071289,2026-06-18 21:49:53.186264,75.7783203125
AI1054,Summer 2026,Lab Report,0,22,1475,4,66.1313705444336,2026-08-09 21:49:53.186723,59.506591796875
AI1055,Fall 2026,Lab Report,1,54,975,4,38.6482353210449,2026-05-06 21:49:53.187021,75.812126159668
AI1056,Fall 2026,Research Paper,1,52,2013,10,40.6989212036133,2026-07-13 21:49:53.187349,74.9178695678711
AI1057,Fall 2026,Literature Review,0,63,1582,8,50.9808769226074,2026-08-02 21:49:53.187775,78.7004470825195
AI1058,Summer 2026,Research Paper,1,51,1451,6,50.8405456542969,2026-07-29 21:49:53.188053,76.7026977539063
AI1059,Spring 2026,Essay,0,45,1385,7,6.95907783508301,2026-07-28 21:49:53.188313,89.2460250854492
AI1060,Spring 2026,Essay,0,31,1748,8,21.6162281036377,2026-05-07 21:49:53.188700,66.2770385742188
AI1061,Summer 2026,Essay,0,45,1159,5,57.8234786987305,2026-08-30 21:49:53.189151,92.02490234375
AI1062,Fall 2026,Case Study,0,45,973,7,10.4639005661011,2026-05-17 21:49:53.189502,74.1535873413086
AI1063,Spring 2026,Essay,1,41,1464,7,15.8317680358887,2026-06-16 21:49:53.190022,79.904541015625
AI1064,Summer 2026,Case Study,0,33,1849,4,58.1624450683594,2026-03-27 21:49:53.190389,81.7907562255859
AI1065,Fall 2026,Essay,0,58,481,8,50.2348937988281,2026-08-18 21:49:53.190935,66.2188568115234
AI1066,Fall 2026,Essay,1,68,1573,11,19.3686389923096,2026-07-13 21:49:53.191658,77.2453918457031
AI1067,Spring 2026,Literature Review,1,45,1048,11,33.228645324707,2026-06-07 21:49:53.192164,79.9403076171875
AI1068,Fall 2025,Essay,0,29,1519,8,14.0564632415771,2026-08-15 21:49:53.192637,80.5287399291992
AI1069,Fall 2025,Literature Review,1,41,1348,8,54.587818145752,2026-06-12 21:49:53.193129,78.2295684814453
AI1070,Summer 2026,Lab Report,1,33,1583,5,61.3889198303223,2026-05-02 21:49:53.193599,76.6747817993164
AI1071,Fall 2026,Essay,1,58,1387,4,4.91841697692871,2026-03-24 21:49:53.194107,87.4199295043945
AI1072,Fall 2026,Lab Report,0,39,1322,3,25.8633117675781,2026-04-16 21:49:53.194580,61.4754257202148
AI1073,Fall 2025,Research Paper,0,28,1676,7,8.67407035827637,2026-07-10 21:49:53.195055,91.5399932861328
AI1074,Fall 2025,Case Study,0,8,900,9,59.3767395019531,2026-08-31 21:49:53.195698,65.7854385375977
AI1075,Fall 2025,Essay,0,28,1311,10,66.9968719482422,2026-04-13 21:49:53.196263,98.2269058227539
AI1076,Summer 2026,Essay,0,55,1814,3,36.2033081054688,2026-08-04 21:49:53.196897,86.1886291503906
AI1077,Spring 2026,Lab Report,0,21,1282,11,31.8500804901123,2026-05-18 21:49:53.198226,70.9781341552734
AI1078,Fall 2026,Lab Report,0,44,1040,6,26.684440612793,2026-03-23 21:49:53.199093,77.5280075073242
AI1079,Summer 2026,Essay,1,50,1161,9,6.51567363739014,2026-04-21 21:49:53.199396,79.0421600341797
AI1080,Spring 2026,Research Paper,0,33,1614,11,20.7179088592529,2026-06-18 21:49:53.199671,88.5834045410156
AI1081,Summer 2026,Essay,0,45,1245,5,14.1060161590576,2026-08-31 21:49:53.200103,70.0178527832031
AI1082,Summer 2026,Lab Report,1,26,1430,4,22.9111919403076,2026-08-05 21:49:53.200628,75.8054809570313
AI1083,Spring 2026,Literature Review,1,47,2199,7,19.3244304656982,2026-05-19 21:49:53.201270,73.2895812988281
AI1084,Fall 2026,Literature Review,1,68,1973,9,64.3000640869141,2026-04-15 21:49:53.202613,75.1679306030273
AI1085,Fall 2026,Case Study,1,36,1142,5,38.819507598877,2026-08-03 21:49:53.203226,85.3365783691406
AI1086,Summer 2026,Essay,0,54,1023,6,65.7352447509766,2026-05-30 21:49:53.203726,81.7962265014648
AI1087,Spring 2026,Essay,1,40,932,7,64.4792861938477,2026-05-13 21:49:53.204465,82.4200592041016
AI1088,Spring 2026,Literature Review,0,44,1470,6,40.4624862670898,2026-04-06 21:49:53.204872,100
AI1089,Summer 2026,Case Study,0,41,1587,5,34.9654731750488,2026-05-28 21:49:53.205173,82.1584014892578
AI1090,Summer 2026,Literature Review,0,52,1272,3,15.6527853012085,2026-05-07 21:49:53.205422,77.2905426025391
AI1091,Fall 2026,Essay,1,58,1570,7,13.1483392715454,2026-05-12 21:49:53.205667,78.1538391113281
AI1092,Fall 2026,Case Study,0,48,1686,14,13.6299047470093,2026-03-15 21:49:53.205917,74.8243103027344
AI1093,Fall 2026,Essay,0,63,1367,13,36.1691360473633,2026-06-06 21:49:53.206204,59.8828544616699
AI1094,Fall 2026,Research Paper,0,59,852,11,68.4958801269531,2026-08-13 21:49:53.206449,62.992259979248
AI1095,Fall 2025,Case Study,0,13,1398,12,33.7459144592285,2026-09-07 21:49:53.206761,94.9657592773438
AI1096,Fall 2026,Essay,1,68,1685,6,36.5162811279297,2026-03-20 21:49:53.207136,79.1328353881836
AI1097,Fall 2026,Lab Report,0,45,1819,10,35.7306060791016,2026-07-05 21:49:53.207765,59.5864105224609
AI1098,Fall 2025,Research Paper,1,24,1100,6,9.92072486877441,2026-06-24 21:49:53.208280,83.7355041503906
AI1099,Spring 2026,Research Paper,0,42,2254,10,11.4228353500366,2026-04-11 21:49:53.208729,94.3140640258789
AI1100,Fall 2026,Literature Review,1,86,1598,5,37.552375793457,2026-04-15 21:49:53.209075,77.2400283813477
AI1101,Fall 2026,Case Study,1,48,2078,6,16.3781661987305,2026-05-28 21:49:53.209515,78.7034759521484
AI1102,Fall 2026,Lab Report,0,43,1732,10,20.2744979858398,2026-06-01 21:49:53.209790,64.7192916870117
AI1103,Fall 2026,Essay,0,61,1369,8,57.0804328918457,2026-05-28 21:49:53.210041,57.6988563537598
AI1104,Fall 2026,Case Study,0,49,1728,7,62.4897384643555,2026-03-23 21:49:53.210286,57.7357559204102
AI1105,Summer 2026,Research Paper,1,43,1842,8,52.3501663208008,2026-05-30 21:49:53.210558,81.76416015625
AI1106,Summer 2026,Research Paper,0,46,1556,7,3.24929451942444,2026-03-31 21:49:53.210818,66.507209777832
AI1107,Fall 2026,Research Paper,0,55,1528,13,17.7737274169922,2026-06-24 21:49:53.211116,75.3846054077148
AI1108,Fall 2025,Essay,0,38,1552,7,25.5580101013184,2026-04-14 21:49:53.211364,82.7616500854492
AI1109,Fall 2025,Research Paper,1,30,1202,8,14.5013055801392,2026-05-13 21:49:53.211605,83.3068237304688
AI1110,Spring 2026,Case Study,1,38,2142,8,45.5321807861328,2026-06-23 21:49:53.211852,85.3029251098633
AI1111,Fall 2026,Literature Review,1,59,2056,4,45.0066146850586,2026-08-04 21:49:53.212109,72.8969650268555
AI1112,Fall 2026,Case Study,0,51,1506,6,40.1930198669434,2026-09-05 21:49:53.212362,84.0692901611328
AI1113,Summer 2026,Research Paper,0,39,1920,7,16.8440380096436,2026-05-10 21:49:53.212603,77.8917388916016
AI1114,Spring 2026,Research Paper,0,21,1727,9,13.3313140869141,2026-07-05 21:49:53.212845,59.3216323852539
AI1115,Summer 2026,Research Paper,1,47,1153,13,17.4816856384277,2026-08-10 21:49:53.213096,79.3457107543945
AI1116,Spring 2026,Literature Review,1,42,1948,6,31.7442188262939,2026-03-17 21:49:53.213356,78.9097671508789
AI1117,Fall 2026,Case Study,0,46,1172,13,35.8060607910156,2026-06-14 21:49:53.214016,81.5192489624023
AI1118,Summer 2026,Case Study,0,35,1037,10,63.3392868041992,2026-04-03 21:49:53.214543,80.7516250610352
AI1119,Fall 2025,Lab Report,1,13,1877,5,4.19125843048096,2026-05-01 21:49:53.215292,74.9613265991211
AI1120,Spring 2026,Lab Report,0,25,1652,9,74.0421829223633,2026-08-12 21:49:53.215834,78.9126892089844
AI1121,Fall 2025,Essay,1,34,740,6,69.3764495849609,2026-06-16 21:49:53.216735,86.8813171386719
AI1122,Fall 2026,Literature Review,0,55,1381,7,39.2322196960449,2026-07-09 21:49:53.217585,59.7226600646973
AI1123,Fall 2026,Case Study,0,51,1895,10,46.1701507568359,2026-06-19 21:49:53.218065,62.4490509033203
AI1124,Spring 2026,Literature Review,0,48,1526,5,16.4204559326172,2026-08-25 21:49:53.218616,68.0521087646484
AI1125,Fall 2026,Case Study,0,33,1672,1,41.7848052978516,2026-04-30 21:49:53.219405,89.161003112793
AI1126,Spring 2026,Literature Review,1,40,1818,5,7.63532447814941,2026-05-25 21:49:53.219939,79.1114349365234
AI1127,Fall 2026,Case Study,0,36,2200,8,17.3227634429932,2026-08-25 21:49:53.220697,59.6421890258789
AI1128,Fall 2026,Literature Review,1,61,1335,6,46.9890670776367,2026-04-27 21:49:53.221380,80.7758636474609
AI1129,Fall 2025,Research Paper,0,25,1562,6,36.6558113098145,2026-05-02 21:49:53.222144,80.2471008300781
AI1130,Fall 2025,Lab Report,0,6,1832,5,44.7905883789063,2026-08-31 21:49:53.222546,77.7251586914063
AI1131,Fall 2026,Essay,0,60,518,7,58.4515419006348,2026-04-04 21:49:53.222863,66.5796508789063
AI1132,Fall 2026,Lab Report,0,42,2275,11,11.7898187637329,2026-03-18 21:49:53.223742,94.4441146850586
AI1133,Spring 2026,Lab Report,0,7,1080,6,33.3396072387695,2026-03-21 21:49:53.224263,74.9394302368164
AI1134,Summer 2026,Research Paper,0,41,1376,4,37.7751998901367,2026-04-20 21:49:53.224722,68.1856460571289
AI1135,Fall 2026,Essay,1,61,1222,11,37.0042495727539,2026-04-18 21:49:53.225187,72.6149215698242
AI1136,Summer 2026,Literature Review,1,53,1239,4,8.74563884735107,2026-06-16 21:49:53.225644,74.8751525878906
AI1137,Spring 2026,Essay,0,29,1822,13,44.413013458252,2026-04-06 21:49:53.226213,90.9312744140625
AI1138,Spring 2026,Essay,0,36,1530,6,24.8108444213867,2026-07-31 21:49:53.226684,87.1370315551758
AI1139,Spring 2026,Lab Report,0,21,1455,10,2.11945056915283,2026-04-01 21:49:53.227145,82.3615875244141
AI1140,Spring 2026,Essay,0,43,1248,5,44.2318496704102,2026-05-20 21:49:53.227618,95.6024856567383
AI1141,Spring 2026,Research Paper,0,48,1402,4,4.88605880737305,2026-03-25 21:49:53.228067,83.7482528686523
AI1142,Fall 2026,Lab Report,0,51,1713,7,39.6199645996094,2026-04-23 21:49:53.228516,67.5049209594727
AI1143,Summer 2026,Essay,0,48,2393,11,57.5033264160156,2026-05-16 21:49:53.228965,73.2239761352539
AI1144,Summer 2026,Case Study,1,41,858,11,37.6260185241699,2026-05-22 21:49:53.229420,75.9806060791016
AI1145,Fall 2026,Lab Report,0,45,1211,9,45.7545127868652,2026-03-27 21:49:53.229865,69.1778411865234
AI1146,Fall 2025,Lab Report,0,10,1241,6,11.1062440872192,2026-04-18 21:49:53.230840,69.3899307250977
AI1147,Spring 2026,Essay,0,32,1239,10,33.6847724914551,2026-03-23 21:49:53.231839,63.623477935791
AI1148,Spring 2026,Research Paper,1,30,1665,9,35.4232482910156,2026-07-04 21:49:53.232351,85.4285125732422
AI1149,Summer 2026,Research Paper,1,49,1521,10,45.5384063720703,2026-05-09 21:49:53.232808,73.2447052001953
AI1150,Fall 2025,Essay,0,30,1690,14,35.2232437133789,2026-08-03 21:49:53.233283,70.098991394043
AI1151,Fall 2026,Research Paper,0,48,1847,8,47.2419319152832,2026-06-02 21:49:53.233602,63.3417015075684
AI1152,Spring 2026,Literature Review,1,46,1298,8,44.2443428039551,2026-08-17 21:49:53.233851,82.0955200195313
AI1153,Fall 2026,Essay,0,62,1033,4,67.2535247802734,2026-03-13 21:49:53.234453,57.3828201293945
AI1154,Summer 2026,Essay,1,58,1448,6,36.9384346008301,2026-08-31 21:49:53.234800,74.4582138061523
AI1155,Fall 2026,Lab Report,0,41,1568,6,3.02190256118774,2026-07-24 21:49:53.235074,65.054328918457
AI1156,Fall 2026,Essay,1,66,865,12,41.3921318054199,2026-05-31 21:49:53.235432,86.6658401489258
AI1157,Fall 2025,Lab Report,0,11,1648,7,11.7310657501221,2026-06-05 21:49:53.236028,68.8806076049805
AI1158,Summer 2026,Case Study,1,39,1340,6,12.853235244751,2026-06-03 21:49:53.236362,81.0781021118164
AI1159,Fall 2026,Research Paper,1,60,1331,9,47.5598754882813,2026-09-01 21:49:53.236649,77.0663223266602
AI1160,Fall 2026,Research Paper,1,58,1608,7,38.9317054748535,2026-07-15 21:49:53.236908,74.5234756469727
AI1161,Fall 2026,Essay,0,62,1763,7,39.391918182373,2026-03-26 21:49:53.237263,87.9421539306641
AI1162,Fall 2026,Case Study,0,43,1642,11,62.1938591003418,2026-04-24 21:49:53.237695,62.5726089477539
AI1163,Spring 2026,Case Study,0,29,974,10,21.8334293365479,2026-06-03 21:49:53.238172,55.8955535888672
AI1164,Summer 2026,Lab Report,0,35,1325,7,63.1937828063965,2026-04-17 21:49:53.238619,72.9438095092773
AI1165,Fall 2026,Case Study,0,31,1589,10,48.0603981018066,2026-04-26 21:49:53.239070,81.9073791503906
AI1166,Summer 2026,Literature Review,1,58,1522,11,31.5042495727539,2026-08-01 21:49:53.239507,67.635368347168
AI1167,Fall 2026,Case Study,0,41,1686,12,13.4888134002686,2026-06-10 21:49:53.239980,63.5971946716309
AI1168,Summer 2026,Lab Report,0,27,1899,3,23.5565204620361,2026-08-21 21:49:53.240457,81.249382019043
AI1169,Fall 2026,Literature Review,1,66,1756,5,34.0545768737793,2026-04-30 21:49:53.240922,80.5304107666016
AI1170,Fall 2026,Lab Report,0,43,1223,8,24.5783672332764,2026-06-15 21:49:53.241426,89.0173416137695
AI1171,Fall 2026,Literature Review,1,73,1680,10,18.5181217193604,2026-06-18 21:49:53.241777,75.2845001220703
AI1172,Spring 2026,Literature Review,0,44,1591,7,34.0322074890137,2026-08-27 21:49:53.242041,79.3023452758789
AI1173,Fall 2026,Lab Report,0,40,791,7,44.1421890258789,2026-03-31 21:49:53.242291,85.1686935424805
AI1174,Fall 2026,Research Paper,1,54,1502,6,21.4833087921143,2026-07-01 21:49:53.242535,85.0894775390625
AI1175,Summer 2026,Research Paper,0,53,1454,12,22.9017333984375,2026-08-28 21:49:53.242785,91.1586532592773
AI1176,Summer 2026,Case Study,0,45,1263,6,33.2030830383301,2026-08-10 21:49:53.243033,53.2589912414551
AI1177,Fall 2026,Lab Report,0,32,1160,5,19.6759185791016,2026-08-18 21:49:53.243303,61.1415710449219
AI1178,Fall 2026,Essay,1,64,804,8,47.7856979370117,2026-07-26 21:49:53.243547,76.6689071655273
AI1179,Fall 2026,Literature Review,1,68,1920,10,31.9592723846436,2026-06-17 21:49:53.243805,87.4911117553711
AI1180,Fall 2025,Lab Report,1,11,1640,4,32.501838684082,2026-08-02 21:49:53.244137,76.4666061401367
AI1181,Spring 2026,Essay,0,46,1394,6,14.6608858108521,2026-03-23 21:49:53.244470,79.3060302734375
AI1182,Fall 2026,Literature Review,0,65,1818,11,36.3794174194336,2026-07-30 21:49:53.244718,93.8683776855469
AI1183,Fall 2026,Case Study,0,44,2072,7,42.9398002624512,2026-05-30 21:49:53.244973,87.3215942382813
AI1184,Spring 2026,Case Study,0,24,1614,9,54.0582084655762,2026-06-15 21:49:53.245244,64.9369964599609
AI1185,Fall 2026,Case Study,0,49,1892,7,49.4671974182129,2026-05-16 21:49:53.245487,100
AI1186,Fall 2025,Lab Report,0,19,1231,9,29.6256446838379,2026-07-28 21:49:53.245729,56.6114082336426
AI1187,Fall 2025,Essay,1,24,1360,8,13.3264951705933,2026-04-19 21:49:53.245976,83.3343505859375
AI1188,Fall 2026,Literature Review,1,72,1796,7,13.3462543487549,2026-06-21 21:49:53.246232,75.4211196899414
AI1189,Spring 2026,Essay,0,43,1662,6,35.7953948974609,2026-04-27 21:49:53.246483,77.0366516113281
AI1190,Fall 2026,Research Paper,0,47,1137,10,22.6366233825684,2026-03-27 21:49:53.246727,69.7064361572266
AI1191,Spring 2026,Essay,1,41,1481,8,27.7377414703369,2026-03-18 21:49:53.247640,80.4709091186523
AI1192,Fall 2026,Lab Report,0,36,1711,4,48.7517623901367,2026-07-10 21:49:53.248184,82.0070495605469
AI1193,Summer 2026,Case Study,1,38,1511,6,33.845142364502,2026-04-13 21:49:53.248937,76.2454147338867
AI1194,Fall 2026,Essay,1,61,2051,0,31.3980255126953,2026-08-14 21:49:53.249492,82.723762512207
AI1195,Summer 2026,Literature Review,0,46,1381,7,50.6882781982422,2026-03-15 21:49:53.250157,79.4255218505859
AI1196,Spring 2026,Lab Report,1,25,1689,4,2.57943940162659,2026-03-24 21:49:53.250690,81.7824172973633
AI1197,Fall 2026,Lab Report,1,43,1529,5,33.7118949890137,2026-04-10 21:49:53.252818,81.1394805908203
AI1198,Spring 2026,Lab Report,1,14,1525,4,28.79172706604,2026-05-07 21:49:53.253432,80.4684219360352
AI1199,Fall 2026,Case Study,0,50,1400,9,67.30078125,2026-03-28 21:49:53.254049,68.5035018920898
AI1200,Fall 2026,Literature Review,0,69,1859,7,18.3070735931396,2026-08-31 21:49:53.254537,86.668586730957
AI1201,Fall 2025,Research Paper,0,26,1287,6,43.3630485534668,2026-06-02 21:49:53.254795,58.1068458557129
AI1202,Spring 2026,Case Study,0,37,1563,12,13.5292978286743,2026-08-31 21:49:53.255379,90.6332931518555
AI1203,Summer 2026,Research Paper,1,49,1440,4,19.3226566314697,2026-08-21 21:49:53.255999,73.4255447387695
AI1204,Fall 2026,Lab Report,1,36,1997,7,29.337272644043,2026-07-26 21:49:53.256711,79.4078598022461
AI1205,Fall 2026,Essay,1,56,1524,4,48.7789459228516,2026-06-17 21:49:53.257334,72.9494323730469
AI1206,Fall 2026,Lab Report,1,53,2081,10,50.0231285095215,2026-06-25 21:49:53.258199,75.8903121948242
AI1207,Summer 2026,Case Study,0,37,1733,9,37.7685279846191,2026-08-07 21:49:53.258740,78.0446014404297
AI1208,Fall 2026,Research Paper,1,61,1164,8,26.7932395935059,2026-07-10 21:49:53.259397,73.5267639160156
AI1209,Summer 2026,Lab Report,0,31,1876,8,16.8189697265625,2026-06-26 21:49:53.260059,83.0513763427734
AI1210,Fall 2025,Literature Review,0,38,1317,8,33.3842964172363,2026-09-07 21:49:53.260330,66.1091003417969
AI1211,Spring 2026,Research Paper,0,31,1821,7,1.30053102970123,2026-06-01 21:49:53.260584,82.0827331542969
AI1212,Fall 2026,Case Study,0,40,1323,9,36.931037902832,2026-05-11 21:49:53.260840,75.2783660888672
AI1213,Fall 2026,Essay,1,48,913,7,24.7693996429443,2026-05-01 21:49:53.261098,70.0363159179688
AI1214,Fall 2026,Literature Review,0,60,1919,12,34.8382759094238,2026-08-28 21:49:53.261355,83.9846420288086
AI1215,Fall 2026,Research Paper,1,63,591,4,39.9665565490723,2026-06-19 21:49:53.261661,73.9257125854492
AI1216,Fall 2026,Research Paper,0,58,874,8,26.9276924133301,2026-03-25 21:49:53.261915,62.6953353881836
AI1217,Spring 2026,Literature Review,0,43,1198,4,32.4779396057129,2026-03-17 21:49:53.262166,64.444206237793
AI1218,Fall 2026,Literature Review,0,59,2547,3,47.0162544250488,2026-04-24 21:49:53.262422,69.0689544677734
AI1219,Fall 2025,Lab Report,0,15,963,4,35.7787628173828,2026-05-17 21:49:53.262666,57.2629508972168
AI1220,Fall 2026,Lab Report,0,45,1598,9,48.962776184082,2026-05-08 21:49:53.262908,54.1616249084473
AI1221,Fall 2026,Research Paper,0,57,1250,8,22.8773059844971,2026-04-13 21:49:53.263779,84.5299606323242
AI1222,Fall 2026,Essay,0,58,1234,11,72.8667449951172,2026-07-01 21:49:53.265389,85.2876586914063
AI1223,Summer 2026,Essay,1,44,1502,9,15.2124156951904,2026-05-05 21:49:53.266734,81.0180511474609
AI1224,Spring 2026,Research Paper,0,30,1422,5,11.1374540328979,2026-08-16 21:49:53.267535,61.7833213806152
AI1225,Fall 2026,Case Study,1,45,1036,9,4.21780776977539,2026-08-21 21:49:53.268149,70.4760513305664
AI1226,Fall 2026,Literature Review,1,75,1210,6,4.72896528244019,2026-08-04 21:49:53.268637,78.7246398925781
AI1227,Summer 2026,Case Study,0,26,963,10,70.7763748168945,2026-05-10 21:49:53.269354,59.2092933654785
AI1228,Fall 2025,Lab Report,0,19,1555,8,53.8935470581055,2026-04-24 21:49:53.269900,52.9159545898438
AI1229,Spring 2026,Literature Review,0,35,1410,5,15.4704341888428,2026-07-02 21:49:53.270202,88.273078918457
AI1230,Fall 2026,Research Paper,0,56,1836,7,31.2885112762451,2026-06-27 21:49:53.270454,71.4829635620117
AI1231,Fall 2026,Lab Report,0,41,684,10,7.95687198638916,2026-06-24 21:49:53.270722,58.023323059082
AI1232,Summer 2026,Research Paper,1,43,764,13,20.3865299224854,2026-05-31 21:49:53.271153,80.1613006591797
AI1233,Summer 2026,Literature Review,0,59,1674,3,25.5841503143311,2026-07-23 21:49:53.271557,87.085578918457
AI1234,Fall 2026,Case Study,0,41,1593,8,24.0758781433105,2026-03-12 21:49:53.271917,59.472541809082
AI1235,Spring 2026,Literature Review,0,39,1276,10,21.2457027435303,2026-07-23 21:49:53.273301,87.5287170410156
AI1236,Fall 2025,Literature Review,0,29,1747,7,16.2486743927002,2026-07-15 21:49:53.274564,99.9108047485352
AI1237,Fall 2025,Research Paper,0,32,1534,12,28.2482280731201,2026-03-16 21:49:53.275478,80.4599151611328
AI1238,Fall 2025,Essay,0,26,968,13,21.063570022583,2026-07-08 21:49:53.275951,72.944953918457
AI1239,Fall 2026,Lab Report,1,36,1510,7,76.4207305908203,2026-07-10 21:49:53.276276,79.5260543823242
AI1240,Spring 2026,Literature Review,1,49,1451,6,11.4929504394531,2026-07-22 21:49:53.276529,73.6642761230469
AI1241,Summer 2026,Research Paper,0,44,1772,11,7.94548082351685,2026-04-10 21:49:53.276791,62.8759231567383
AI1242,Summer 2026,Research Paper,1,55,1526,7,26.4356899261475,2026-06-02 21:49:53.277147,73.9372863769531
AI1243,Summer 2026,Case Study,0,34,1827,7,8.88136100769043,2026-05-14 21:49:53.277433,90.9910278320313
AI1244,Summer 2026,Lab Report,0,36,1656,3,39.1699256896973,2026-06-03 21:49:53.278541,78.2981567382813
AI1245,Spring 2026,Literature Review,0,40,1642,8,39.5600242614746,2026-07-25 21:49:53.280098,61.9221382141113
AI1246,Summer 2026,Essay,1,54,2077,7,48.9071426391602,2026-05-30 21:49:53.282062,70.782585144043
AI1247,Fall 2026,Lab Report,1,44,1966,5,16.5586776733398,2026-07-13 21:49:53.282575,77.0927886962891
AI1248,Fall 2026,Essay,1,72,1626,5,6.55896234512329,2026-06-30 21:49:53.282962,77.3918533325195
AI1249,Summer 2026,Research Paper,0,39,1595,6,8.56851768493652,2026-09-05 21:49:53.283347,86.4738616943359
AI1250,Summer 2026,Literature Review,1,49,971,11,12.3255977630615,2026-04-30 21:49:53.283761,75.3048782348633
AI1251,Fall 2026,Research Paper,0,60,2334,9,23.3642139434814,2026-06-17 21:49:53.284357,86.6018142700195
AI1252,Fall 2025,Literature Review,0,32,1354,7,40.6518974304199,2026-08-10 21:49:53.285143,100
AI1253,Summer 2026,Lab Report,0,26,1176,7,29.5866584777832,2026-03-21 21:49:53.286945,76.4820022583008
AI1254,Spring 2026,Essay,1,46,1750,9,12.1767625808716,2026-06-16 21:49:53.287552,80.1718521118164
AI1255,Fall 2025,Research Paper,0,26,1214,9,38.3850288391113,2026-03-14 21:49:53.289066,95.8554916381836
AI1256,Spring 2026,Lab Report,0,14,1786,6,31.4095668792725,2026-06-12 21:49:53.289401,89.4592666625977
AI1257,Spring 2026,Literature Review,1,47,1706,5,22.6894302368164,2026-07-21 21:49:53.289740,75.7521133422852
AI1258,Spring 2026,Essay,0,43,1761,12,64.1641082763672,2026-04-14 21:49:53.290088,79.4625473022461
AI1259,Spring 2026,Research Paper,0,29,1623,4,38.2230186462402,2026-08-13 21:49:53.290381,76.0791549682617
AI1260,Fall 2026,Literature Review,0,69,1144,17,47.8792304992676,2026-04-25 21:49:53.291068,91.3851089477539
AI1261,Spring 2026,Research Paper,1,32,912,9,27.3435554504395,2026-05-23 21:49:53.291346,82.0720062255859
AI1262,Summer 2026,Literature Review,0,63,1974,8,37.5525245666504,2026-04-01 21:49:53.291596,78.642463684082
AI1263,Spring 2026,Case Study,0,20,1999,8,26.916296005249,2026-04-21 21:49:53.291840,89.2221069335938
AI1264,Fall 2025,Essay,0,25,2011,8,47.8022270202637,2026-07-15 21:49:53.292098,53.812744140625
AI1265,Fall 2025,Lab Report,0,11,1988,12,8.32426166534424,2026-06-21 21:49:53.292786,89.1452484130859
AI1266,Fall 2026,Lab Report,0,44,2244,6,19.6692543029785,2026-06-06 21:49:53.293320,72.8567199707031
AI1267,Fall 2025,Research Paper,0,30,833,8,12.9920530319214,2026-04-12 21:49:53.293850,92.4031600952148
AI1268,Fall 2025,Essay,0,23,1732,4,2.29160737991333,2026-08-27 21:49:53.294214,58.447338104248
AI1269,Spring 2026,Case Study,0,19,1803,8,13.9992017745972,2026-08-27 21:49:53.294685,100
AI1270,Fall 2026,Essay,0,58,1554,8,30.9050521850586,2026-08-01 21:49:53.295446,100
AI1271,Fall 2026,Case Study,0,42,2239,11,12.456371307373,2026-06-27 21:49:53.295887,83.0130386352539
AI1272,Fall 2025,Research Paper,0,17,1404,13,18.1703300476074,2026-06-09 21:49:53.296196,75.1482086181641
AI1273,Fall 2026,Case Study,1,44,810,6,10.9497585296631,2026-06-19 21:49:53.296452,84.9316711425781
AI1274,Fall 2026,Essay,1,64,1816,8,33.8946762084961,2026-07-04 21:49:53.296710,78.5144577026367
AI1275,Spring 2026,Essay,0,35,1325,14,16.8564491271973,2026-03-23 21:49:53.298154,73.9830932617188
AI1276,Fall 2026,Literature Review,1,66,1938,9,12.5537843704224,2026-07-16 21:49:53.302304,77.6946487426758
AI1277,Summer 2026,Case Study,0,33,1896,7,54.9122352600098,2026-08-09 21:49:53.302862,79.9396286010742
AI1278,Spring 2026,Literature Review,1,51,1206,8,7.58697938919067,2026-04-07 21:49:53.303441,80.8576202392578
AI1279,Fall 2026,Case Study,1,48,805,14,52.7376861572266,2026-05-20 21:49:53.304776,72.291389465332
AI1280,Spring 2026,Case Study,0,20,1839,9,20.1781597137451,2026-05-10 21:49:53.312831,80.9498596191406
AI1281,Summer 2026,Case Study,0,34,858,4,10.0100584030151,2026-05-25 21:49:53.315808,90.748291015625
AI1282,Fall 2025,Case Study,0,15,1669,11,19.2222576141357,2026-04-02 21:49:53.317888,82.5442581176758
AI1283,Spring 2026,Literature Review,1,46,1294,5,8.70191097259521,2026-05-17 21:49:53.318687,86.2955169677734
AI1284,Fall 2025,Lab Report,0,2,1015,14,26.3293437957764,2026-06-26 21:49:53.320075,81.6978073120117
AI1285,Spring 2026,Literature Review,0,40,1432,9,22.3477115631104,2026-07-08 21:49:53.322516,69.8868255615234
AI1286,Fall 2026,Case Study,0,45,1361,11,25.1697635650635,2026-07-26 21:49:53.322876,59.9585723876953
AI1287,Summer 2026,Essay,1,57,1432,9,8.43031978607178,2026-04-26 21:49:53.323181,83.8882827758789
AI1288,Fall 2026,Essay,0,59,1850,7,21.6475048065186,2026-08-16 21:49:53.323438,95.751708984375
AI1289,Fall 2025,Research Paper,0,26,1942,11,55.9642028808594,2026-05-28 21:49:53.323681,66.9575729370117
AI1290,Summer 2026,Essay,0,48,1185,6,20.4027919769287,2026-09-03 21:49:53.323923,82.9937286376953
AI1291,Summer 2026,Case Study,0,32,1280,11,13.2711563110352,2026-09-04 21:49:53.324178,99.4963912963867
AI1292,Fall 2026,Research Paper,0,45,1194,4,35.7809829711914,2026-05-11 21:49:53.324424,68.0119094848633
AI1293,Fall 2025,Research Paper,0,24,1316,6,33.7443313598633,2026-07-08 21:49:53.324680,81.0842514038086
AI1294,Spring 2026,Research Paper,0,41,2174,7,53.1500205993652,2026-03-13 21:49:53.324978,74.9455718994141
AI1295,Fall 2026,Literature Review,0,63,1854,5,29.2651252746582,2026-07-26 21:49:53.325972,92.9448013305664
AI1296,Fall 2026,Literature Review,1,60,2004,2,8.80126857757568,2026-03-18 21:49:53.327413,72.9631576538086
AI1297,Spring 2026,Case Study,0,18,2424,12,11.792459487915,2026-04-04 21:49:53.329805,67.7680206298828
AI1298,Fall 2026,Research Paper,0,70,1508,6,30.2195796966553,2026-08-04 21:49:53.332217,78.0658493041992
AI1299,Fall 2026,Lab Report,0,39,2258,8,9.94334030151367,2026-09-03 21:49:53.332524,62.6302261352539
AI1300,Fall 2025,Research Paper,0,27,1911,7,40.931324005127,2026-06-03 21:49:53.332777,68.0761489868164
AI1301,Fall 2025,Literature Review,0,35,1049,8,49.9276390075684,2026-03-25 21:49:53.333510,80.8941040039063
AI1302,Fall 2026,Essay,1,62,1786,13,45.7663497924805,2026-06-29 21:49:53.334110,76.7592544555664
AI1303,Fall 2026,Literature Review,0,65,2404,10,40.6417198181152,2026-05-17 21:49:53.334590,66.6172180175781
AI1304,Fall 2026,Essay,0,69,1379,10,52.6797180175781,2026-08-13 21:49:53.336832,51.1317176818848
AI1305,Fall 2026,Literature Review,1,63,1444,6,16.8116664886475,2026-06-23 21:49:53.337381,80.6665878295898
AI1306,Fall 2026,Case Study,0,47,1619,5,31.4842681884766,2026-07-16 21:49:53.338028,91.0719985961914
AI1307,Fall 2026,Case Study,1,51,1221,6,51.8090362548828,2026-08-24 21:49:53.338924,76.4212341308594
AI1308,Fall 2026,Essay,0,59,1997,7,64.5136108398438,2026-08-06 21:49:53.339469,68.0243148803711
AI1309,Fall 2025,Case Study,0,17,854,8,15.9274845123291,2026-08-15 21:49:53.339967,63.9409790039063
AI1310,Spring 2026,Research Paper,0,42,1432,8,12.7372713088989,2026-06-04 21:49:53.340455,68.9590301513672
AI1311,Summer 2026,Research Paper,1,41,1521,12,46.7408676147461,2026-09-07 21:49:53.340938,81.6765518188477
AI1312,Fall 2026,Lab Report,0,35,1079,8,39.6849670410156,2026-03-14 21:49:53.341448,69.9612655639648
AI1313,Fall 2026,Literature Review,1,68,1359,10,18.5773296356201,2026-08-02 21:49:53.342120,77.6379928588867
AI1314,Fall 2025,Lab Report,0,9,1335,6,27.4206523895264,2026-05-09 21:49:53.343164,97.8614273071289
AI1315,Fall 2026,Case Study,0,54,1421,8,40.4765586853027,2026-09-05 21:49:53.351310,94.0421600341797
AI1316,Summer 2026,Essay,1,53,1419,8,28.6498031616211,2026-08-26 21:49:53.352450,81.5394592285156
AI1317,Spring 2026,Research Paper,0,38,2032,5,34.7605743408203,2026-06-02 21:49:53.354765,71.0147552490234
AI1318,Fall 2025,Essay,1,30,1873,8,34.8393745422363,2026-08-10 21:49:53.358520,76.6137161254883
AI1319,Fall 2025,Case Study,0,16,1805,9,33.5202026367188,2026-06-09 21:49:53.360351,90.7168426513672
AI1320,Fall 2026,Lab Report,0,39,1404,12,5.09205102920532,2026-06-02 21:49:53.360852,84.2718200683594
AI1321,Fall 2026,Research Paper,0,49,1417,4,30.393533706665,2026-04-29 21:49:53.367642,84.8933715820313
AI1322,Fall 2025,Essay,1,27,1451,10,6.51755952835083,2026-09-01 21:49:53.368592,85.6620712280273
AI1323,Spring 2026,Case Study,0,16,1218,9,37.1011047363281,2026-08-19 21:49:53.369387,73.7298812866211
AI1324,Spring 2026,Essay,0,43,917,11,4.52577781677246,2026-07-25 21:49:53.371385,75.914680480957
AI1325,Spring 2026,Case Study,0,24,866,10,10.8260593414307,2026-07-29 21:49:53.372116,96.0354309082031
AI1326,Fall 2026,Lab Report,0,35,1293,6,40.9834823608398,2026-08-01 21:49:53.372745,60.6766166687012
AI1327,Fall 2025,Research Paper,0,25,1726,9,8.21981906890869,2026-08-19 21:49:53.373313,88.045051574707
AI1328,Fall 2026,Essay,0,60,994,6,49.9817085266113,2026-04-28 21:49:53.373584,82.3026428222656
AI1329,Summer 2026,Literature Review,1,57,1512,11,80.5216903686523,2026-08-16 21:49:53.373829,70.8154525756836
AI1330,Fall 2025,Lab Report,0,26,951,7,19.340784072876,2026-04-23 21:49:53.374561,61.695011138916
AI1331,Fall 2025,Case Study,0,16,442,6,68.8751068115234,2026-09-04 21:49:53.375052,83.4440155029297
AI1332,Spring 2026,Case Study,0,29,1605,9,15.3077154159546,2026-06-08 21:49:53.375801,90.5620803833008
AI1333,Spring 2026,Literature Review,0,44,924,5,43.0348854064941,2026-04-18 21:49:53.376346,81.2493896484375
AI1334,Summer 2026,Research Paper,0,38,1415,8,13.2610502243042,2026-05-03 21:49:53.378344,98.9862289428711
AI1335,Fall 2025,Literature Review,1,34,1475,7,52.2946891784668,2026-07-24 21:49:53.379101,76.7540664672852
AI1336,Fall 2025,Lab Report,0,15,2308,9,31.2286796569824,2026-04-09 21:49:53.379662,61.6566352844238
AI1337,Spring 2026,Literature Review,0,52,1707,11,45.0095138549805,2026-08-16 21:49:53.380723,73.3926162719727
AI1338,Summer 2026,Case Study,0,35,1281,8,60.3187980651855,2026-03-31 21:49:53.381266,73.9384918212891
AI1339,Summer 2026,Literature Review,1,65,636,12,12.0804986953735,2026-05-28 21:49:53.388257,74.9103012084961
AI1340,Fall 2026,Research Paper,1,53,487,7,46.8975982666016,2026-03-16 21:49:53.389094,76.9889602661133
AI1341,Fall 2026,Literature Review,0,65,1490,4,50.1065711975098,2026-07-13 21:49:53.392569,90.1662673950195
AI1342,Summer 2026,Literature Review,1,58,1539,8,7.02583885192871,2026-06-10 21:49:53.393488,82.1119079589844
AI1343,Fall 2025,Case Study,0,25,1103,8,61.6165008544922,2026-06-07 21:49:53.394403,78.9789505004883
AI1344,Summer 2026,Literature Review,1,61,937,9,23.7666053771973,2026-08-08 21:49:53.395291,75.097541809082
AI1345,Fall 2026,Lab Report,1,34,2013,9,29.278392791748,2026-04-14 21:49:53.396425,81.5170974731445
AI1346,Summer 2026,Lab Report,0,24,1897,8,5.415846824646,2026-04-21 21:49:53.421193,74.8425827026367
AI1347,Fall 2026,Literature Review,1,64,1515,5,33.5671272277832,2026-03-24 21:49:53.424345,75.3457717895508
AI1348,Fall 2026,Literature Review,1,62,1608,14,49.0441055297852,2026-03-31 21:49:53.424896,82.1264801025391
AI1349,Summer 2026,Research Paper,1,41,1329,7,31.1332740783691,2026-06-06 21:49:53.427571,72.6562118530273
AI1350,Fall 2025,Case Study,0,13,908,8,5.37218523025513,2026-04-15 21:49:53.429547,82.842529296875
AI1351,Fall 2026,Essay,1,58,1307,8,35.2652549743652,2026-06-26 21:49:53.431528,79.2417373657227
AI1352,Fall 2026,Literature Review,1,69,1480,9,14.8256692886353,2026-03-23 21:49:53.434949,86.2223892211914
AI1353,Summer 2026,Literature Review,1,63,1643,14,17.231014251709,2026-04-09 21:49:53.443701,82.3822555541992
AI1354,Fall 2026,Research Paper,1,56,2379,10,11.6402006149292,2026-08-05 21:49:53.445643,82.292121887207
AI1355,Fall 2025,Essay,0,31,1433,8,25.0557842254639,2026-05-06 21:49:53.449715,60.783145904541
AI1356,Summer 2026,Lab Report,0,42,1424,8,5.12860250473022,2026-05-07 21:49:53.450783,57.323299407959
AI1357,Fall 2025,Essay,0,37,1540,3,63.9764366149902,2026-08-15 21:49:53.451390,49.6123580932617
AI1358,Summer 2026,Essay,1,42,1311,5,23.8697834014893,2026-05-03 21:49:53.460728,80.0176544189453
AI1359,Spring 2026,Literature Review,1,55,1266,6,27.5437335968018,2026-08-21 21:49:53.462785,71.8301696777344
AI1360,Summer 2026,Essay,1,60,1214,9,30.8705406188965,2026-04-10 21:49:53.463905,75.741325378418
AI1361,Fall 2026,Literature Review,0,69,2117,13,37.6862182617188,2026-05-02 21:49:53.464989,58.0385360717773
AI1362,Spring 2026,Research Paper,1,36,1653,6,18.4334907531738,2026-03-26 21:49:53.465521,72.6391220092773
AI1363,Summer 2026,Lab Report,0,37,1830,9,21.6033878326416,2026-06-14 21:49:53.466075,73.3466110229492
AI1364,Fall 2026,Research Paper,0,49,1811,4,54.0443572998047,2026-05-19 21:49:53.466562,85.469856262207
AI1365,Spring 2026,Research Paper,1,32,1662,9,7.0023250579834,2026-05-23 21:49:53.468778,78.5327072143555
AI1366,Fall 2025,Lab Report,0,14,1329,8,12.3106870651245,2026-07-08 21:49:53.469638,71.2656555175781
AI1367,Fall 2025,Literature Review,0,30,1362,10,31.3986587524414,2026-06-11 21:49:53.470673,88.5765075683594
AI1368,Fall 2025,Case Study,0,14,1599,12,9.62078857421875,2026-07-12 21:49:53.471263,79.9131469726563
AI1369,Fall 2026,Research Paper,1,60,2020,8,22.2521629333496,2026-06-01 21:49:53.471731,72.9226150512695
AI1370,Fall 2026,Lab Report,0,44,1577,9,64.3088912963867,2026-07-27 21:49:53.472337,54.7937698364258
AI1371,Summer 2026,Literature Review,1,58,2321,5,35.9734077453613,2026-04-06 21:49:53.478386,74.5725936889648
AI1372,Summer 2026,Case Study,0,32,1569,10,20.8406200408936,2026-06-27 21:49:53.478898,63.6322174072266
AI1373,Fall 2025,Literature Review,0,43,1938,9,28.9164085388184,2026-07-22 21:49:53.479575,65.5785369873047
AI1374,Summer 2026,Lab Report,0,34,1412,6,43.1856651306152,2026-03-14 21:49:53.482604,85.8501205444336
AI1375,Fall 2026,Lab Report,1,36,1278,4,24.4143218994141,2026-08-27 21:49:53.483214,72.5721282958984
AI1376,Summer 2026,Essay,1,53,1072,6,66.7236251831055,2026-04-26 21:49:53.483718,81.8324966430664
AI1377,Summer 2026,Lab Report,1,26,1476,7,30.5775451660156,2026-03-27 21:49:53.484543,80.5936279296875
AI1378,Summer 2026,Essay,1,51,1277,10,52.2532997131348,2026-04-23 21:49:53.485315,82.8208389282227
AI1379,Fall 2026,Lab Report,0,41,1746,9,34.8902168273926,2026-06-21 21:49:53.485847,85.8367919921875
AI1380,Spring 2026,Literature Review,1,41,1945,5,21.6140041351318,2026-08-30 21:49:53.487052,75.3412551879883
AI1381,Fall 2026,Literature Review,0,57,1595,6,56.1961135864258,2026-08-18 21:49:53.487608,78.7811737060547
AI1382,Fall 2026,Literature Review,0,64,1810,10,19.1892490386963,2026-04-25 21:49:53.488095,67.4940338134766
AI1383,Fall 2026,Essay,0,61,1426,4,56.386833190918,2026-03-28 21:49:53.488529,76.9370346069336
AI1384,Fall 2026,Lab Report,0,38,1410,10,62.1831932067871,2026-05-27 21:49:53.488925,50.2338905334473
AI1385,Fall 2025,Lab Report,0,8,1734,8,54.760066986084,2026-08-07 21:49:53.489433,76.2265930175781
AI1386,Fall 2026,Lab Report,0,42,1342,6,35.0602607727051,2026-05-26 21:49:53.489907,95.6017684936523
AI1387,Spring 2026,Literature Review,1,44,1695,8,43.9412841796875,2026-05-25 21:49:53.490443,80.9797897338867
AI1388,Spring 2026,Research Paper,0,34,2000,10,53.1107368469238,2026-07-21 21:49:53.491200,90.5837860107422
AI1389,Spring 2026,Lab Report,0,20,1651,6,18.5314502716064,2026-04-01 21:49:53.491707,77.2292251586914
AI1390,Fall 2026,Essay,0,59,1826,5,23.7011756896973,2026-03-28 21:49:53.492241,69.7713241577148
AI1391,Fall 2026,Case Study,0,41,1572,11,25.2010116577148,2026-06-04 21:49:53.492722,93.0972061157227
AI1392,Fall 2026,Case Study,0,48,1533,10,31.4339714050293,2026-06-13 21:49:53.493294,80.1708450317383
AI1393,Fall 2025,Essay,0,29,1637,9,56.8639602661133,2026-08-22 21:49:53.493824,71.2016830444336
AI1394,Spring 2026,Lab Report,0,19,1964,4,22.5890998840332,2026-05-25 21:49:53.494348,91.2623748779297
AI1395,Summer 2026,Essay,1,46,1709,7,54.9486999511719,2026-05-28 21:49:53.494826,84.4545822143555
AI1396,Spring 2026,Lab Report,0,16,1102,14,38.025016784668,2026-08-13 21:49:53.495548,83.5348281860352
AI1397,Spring 2026,Case Study,0,26,2067,9,35.7710113525391,2026-06-22 21:49:53.496272,63.3230667114258
AI1398,Fall 2026,Case Study,0,41,1874,8,46.7872352600098,2026-05-08 21:49:53.499675,58.3560829162598
AI1399,Fall 2026,Essay,0,51,1877,9,75.5254058837891,2026-05-28 21:49:53.501427,84.0232162475586
AI1400,Summer 2026,Lab Report,0,33,1114,6,40.6239166259766,2026-06-20 21:49:53.501783,54.2087287902832
AI1401,Summer 2026,Literature Review,0,53,981,6,60.9395599365234,2026-09-06 21:49:53.502262,86.1576461791992
AI1402,Fall 2026,Case Study,1,53,881,10,16.4371280670166,2026-08-24 21:49:53.502727,79.2266387939453
AI1403,Fall 2026,Literature Review,1,69,978,7,37.3584213256836,2026-05-10 21:49:53.503197,76.7416534423828
AI1404,Summer 2026,Lab Report,0,31,1643,11,49.0792198181152,2026-08-04 21:49:53.504024,79.2418670654297
AI1405,Spring 2026,Research Paper,0,28,1624,10,9.00470638275146,2026-08-01 21:49:53.504902,50.6392555236816
AI1406,Fall 2026,Research Paper,1,55,1706,6,50.3570251464844,2026-05-16 21:49:53.505564,76.2639083862305
AI1407,Fall 2025,Lab Report,0,18,1243,5,60.3520812988281,2026-07-19 21:49:53.505869,73.5934982299805
AI1408,Spring 2026,Research Paper,1,39,2214,5,21.2045650482178,2026-05-31 21:49:53.506135,85.994743347168
AI1409,Fall 2026,Lab Report,0,39,1641,7,35.7015609741211,2026-05-25 21:49:53.506392,70.9647216796875
AI1410,Spring 2026,Case Study,0,27,1518,3,23.8010330200195,2026-07-14 21:49:53.506641,77.1311950683594
AI1411,Summer 2026,Case Study,0,28,1221,5,33.7935028076172,2026-05-11 21:49:53.506888,76.6269989013672
AI1412,Spring 2026,Essay,0,43,1104,10,42.5990104675293,2026-05-30 21:49:53.507149,76.00634765625
AI1413,Fall 2026,Research Paper,1,57,1696,6,12.010573387146,2026-07-25 21:49:53.507457,76.9385452270508
AI1414,Spring 2026,Case Study,0,27,1829,3,31.750560760498,2026-04-30 21:49:53.507716,61.868522644043
AI1415,Fall 2026,Literature Review,1,67,1250,8,62.3136787414551,2026-07-09 21:49:53.507966,79.9696502685547
AI1416,Summer 2026,Essay,0,52,833,11,65.9641799926758,2026-04-17 21:49:53.508221,74.3034896850586
AI1417,Fall 2026,Case Study,0,44,1165,8,49.802433013916,2026-07-14 21:49:53.508546,87.5258865356445
AI1418,Spring 2026,Lab Report,0,23,1346,8,30.5141410827637,2026-05-27 21:49:53.509594,81.526611328125
AI1419,Fall 2026,Lab Report,1,43,1640,6,67.6986083984375,2026-05-06 21:49:53.510563,76.5211486816406
AI1420,Summer 2026,Essay,1,40,1237,6,65.8034515380859,2026-04-30 21:49:53.511188,78.6513977050781
AI1421,Fall 2026,Lab Report,0,45,1295,5,21.9376163482666,2026-06-14 21:49:53.511701,75.1632537841797
AI1422,Spring 2026,Case Study,0,35,1860,3,3.31101441383362,2026-07-20 21:49:53.512209,75.4207382202148
AI1423,Fall 2025,Case Study,0,19,1663,10,33.4382476806641,2026-06-11 21:49:53.513009,43.9760589599609
AI1424,Summer 2026,Lab Report,0,36,1435,10,29.5861587524414,2026-05-19 21:49:53.514999,71.4295425415039
AI1425,Fall 2026,Case Study,0,49,1924,7,13.1152925491333,2026-07-12 21:49:53.515530,55.8144340515137
AI1426,Spring 2026,Lab Report,1,16,1216,12,44.2440528869629,2026-03-18 21:49:53.515848,70.7299957275391
AI1427,Fall 2025,Research Paper,0,28,1547,9,62.7862586975098,2026-05-11 21:49:53.516403,93.7474670410156
AI1428,Summer 2026,Research Paper,1,47,1277,6,44.3838157653809,2026-08-09 21:49:53.517444,82.1035842895508
AI1429,Summer 2026,Research Paper,1,56,1904,12,33.7290267944336,2026-07-15 21:49:53.517860,76.7361831665039
AI1430,Spring 2026,Essay,1,45,1391,10,25.4018421173096,2026-04-27 21:49:53.518305,82.4391708374023
AI1431,Fall 2026,Case Study,1,50,1921,7,61.5955276489258,2026-08-02 21:49:53.518872,75.3382568359375
AI1432,Fall 2026,Lab Report,1,41,1539,5,6.50076389312744,2026-05-05 21:49:53.519472,76.795768737793
AI1433,Summer 2026,Research Paper,0,43,1991,15,34.1474494934082,2026-07-05 21:49:53.519924,73.5650863647461
AI1434,Fall 2026,Lab Report,0,39,1312,6,30.5129051208496,2026-07-15 21:49:53.520457,73.7162170410156
AI1435,Spring 2026,Case Study,0,26,1315,8,7.28370571136475,2026-07-03 21:49:53.521087,74.3906478881836
AI1436,Fall 2025,Case Study,0,10,756,9,27.9819660186768,2026-08-06 21:49:53.521616,68.9151306152344
AI1437,Fall 2026,Case Study,0,39,2268,12,10.0779237747192,2026-07-09 21:49:53.522113,69.4238128662109
AI1438,Spring 2026,Case Study,0,23,1453,4,59.4919357299805,2026-05-12 21:49:53.522553,77.3790664672852
AI1439,Fall 2025,Case Study,1,17,1478,7,17.185079574585,2026-08-12 21:49:53.522918,82.4182891845703
AI1440,Fall 2026,Case Study,0,50,1120,9,17.6124591827393,2026-07-29 21:49:53.523636,84.7185974121094
AI1441,Fall 2026,Research Paper,1,53,1779,4,50.4421272277832,2026-07-22 21:49:53.524172,71.2940826416016
AI1442,Fall 2026,Literature Review,0,61,1749,2,26.3139266967773,2026-08-30 21:49:53.524701,86.1301422119141
AI1443,Summer 2026,Case Study,1,38,1920,12,48.0624847412109,2026-08-01 21:49:53.525401,87.8874053955078
AI1444,Summer 2026,Literature Review,0,41,1178,10,16.3217906951904,2026-09-02 21:49:53.525906,77.59765625
AI1445,Fall 2026,Lab Report,0,39,2412,10,31.5734558105469,2026-06-22 21:49:53.526403,59.8302841186523
AI1446,Summer 2026,Essay,0,45,946,11,31.1394557952881,2026-08-04 21:49:53.526963,82.3146133422852
AI1447,Fall 2025,Essay,0,27,1597,5,41.2628021240234,2026-04-29 21:49:53.527607,78.9046325683594
AI1448,Fall 2026,Case Study,0,42,1701,12,34.2793464660645,2026-07-10 21:49:53.528096,86.5679779052734
AI1449,Fall 2026,Case Study,1,47,1616,8,34.3340301513672,2026-08-09 21:49:53.528823,70.636604309082
AI1450,Fall 2026,Lab Report,1,33,1702,12,18.1956768035889,2026-05-05 21:49:53.529337,79.9046096801758
AI1451,Spring 2026,Literature Review,0,39,1068,11,46.9618263244629,2026-05-23 21:49:53.529802,61.6678886413574
AI1452,Summer 2026,Literature Review,1,56,1470,8,58.3844261169434,2026-05-18 21:49:53.532220,82.2744522094727
AI1453,Summer 2026,Literature Review,1,51,1081,9,31.2663421630859,2026-08-17 21:49:53.533206,76.8167190551758
AI1454,Summer 2026,Literature Review,0,60,714,9,44.5831260681152,2026-06-24 21:49:53.534654,57.5108604431152
AI1455,Summer 2026,Research Paper,0,45,1908,4,56.8058471679688,2026-05-17 21:49:53.535510,100
AI1456,Fall 2025,Research Paper,0,20,1311,9,79.281005859375,2026-06-13 21:49:53.535937,67.8228988647461
AI1457,Summer 2026,Case Study,0,34,2469,7,63.5033760070801,2026-06-20 21:49:53.536441,67.4529418945313
AI1458,Fall 2026,Literature Review,1,62,753,13,28.6685333251953,2026-06-19 21:49:53.537192,84.4102020263672
AI1459,Spring 2026,Literature Review,1,44,1282,10,44.8882293701172,2026-06-29 21:49:53.537695,80.7895431518555
AI1460,Fall 2026,Lab Report,1,37,1040,14,15.8358459472656,2026-03-27 21:49:53.538188,72.3620300292969
AI1461,Spring 2026,Essay,0,37,1018,8,40.2081680297852,2026-06-07 21:49:53.538656,59.4236183166504
AI1462,Fall 2025,Research Paper,0,30,1882,9,35.5396614074707,2026-05-13 21:49:53.539127,83.7544479370117
AI1463,Summer 2026,Lab Report,1,36,1025,4,31.0440845489502,2026-08-16 21:49:53.539585,76.6567916870117
AI1464,Summer 2026,Lab Report,0,28,1664,11,1.82202208042145,2026-05-31 21:49:53.540034,79.8856430053711
AI1465,Fall 2026,Literature Review,1,66,1172,7,31.1204433441162,2026-08-15 21:49:53.540483,75.9881744384766
AI1466,Summer 2026,Lab Report,0,32,1156,9,51.7390632629395,2026-08-02 21:49:53.540950,70.8967208862305
AI1467,Fall 2026,Lab Report,0,41,2125,8,46.6134643554688,2026-03-26 21:49:53.541451,73.3831481933594
AI1468,Fall 2026,Case Study,1,44,1506,12,22.5006160736084,2026-06-14 21:49:53.541916,73.0898818969727
AI1469,Spring 2026,Essay,0,32,1207,9,50.1083221435547,2026-07-19 21:49:53.542571,100
AI1470,Spring 2026,Case Study,0,24,1870,8,25.8272171020508,2026-04-07 21:49:53.543099,79.9382553100586
AI1471,Fall 2026,Case Study,0,47,1044,9,20.7683696746826,2026-07-27 21:49:53.543600,60.590633392334
AI1472,Summer 2026,Research Paper,0,49,1626,10,52.3929901123047,2026-06-03 21:49:53.544067,91.968147277832
AI1473,Summer 2026,Essay,1,55,792,5,49.7464065551758,2026-05-08 21:49:53.544514,83.5638427734375
AI1474,Fall 2025,Research Paper,0,22,1810,13,48.6803855895996,2026-08-29 21:49:53.544969,87.8965377807617
AI1475,Summer 2026,Research Paper,0,47,1496,4,42.5373916625977,2026-08-04 21:49:53.545420,84.0628280639648
AI1476,Fall 2026,Lab Report,1,41,1876,9,7.65039300918579,2026-07-12 21:49:53.545859,71.8884963989258
AI1477,Spring 2026,Research Paper,1,33,1364,9,45.2022094726563,2026-05-08 21:49:53.546360,76.2839889526367
AI1478,Spring 2026,Case Study,0,33,1861,6,31.2898635864258,2026-06-02 21:49:53.547735,76.4356231689453
AI1479,Fall 2026,Literature Review,0,62,1105,6,46.811222076416,2026-03-28 21:49:53.548295,59.7830619812012
AI1480,Summer 2026,Literature Review,0,53,1502,10,33.5205841064453,2026-06-26 21:49:53.548554,64.5597839355469
AI1481,Summer 2026,Literature Review,1,56,2202,10,33.1851005554199,2026-04-04 21:49:53.548797,77.3905868530273
AI1482,Fall 2026,Case Study,1,39,1102,11,35.5895309448242,2026-07-07 21:49:53.549387,85.9491958618164
AI1483,Spring 2026,Case Study,0,19,1689,7,41.3127517700195,2026-06-05 21:49:53.549678,65.6206207275391
AI1484,Summer 2026,Case Study,0,32,1604,14,12.2970123291016,2026-07-25 21:49:53.549926,66.0942840576172
AI1485,Fall 2026,Lab Report,0,43,2299,11,22.2634201049805,2026-03-17 21:49:53.550404,59.6583862304688
AI1486,Summer 2026,Case Study,0,30,1239,8,49.5370101928711,2026-05-16 21:49:53.550675,76.0589981079102
AI1487,Fall 2026,Research Paper,1,57,1156,3,43.8921127319336,2026-08-12 21:49:53.551419,75.4883804321289
AI1488,Spring 2026,Research Paper,0,34,1470,11,18.1996326446533,2026-04-25 21:49:53.552033,77.7627410888672
AI1489,Spring 2026,Essay,1,43,1698,6,75.5842666625977,2026-07-12 21:49:53.552546,79.9501190185547
AI1490,Summer 2026,Essay,0,49,1701,9,41.7150955200195,2026-06-10 21:49:53.553025,78.9213333129883
AI1491,Fall 2025,Literature Review,1,36,634,6,28.4820327758789,2026-07-01 21:49:53.553676,80.6195220947266
AI1492,Fall 2026,Literature Review,1,60,2133,9,17.9587001800537,2026-08-21 21:49:53.553977,66.4154052734375
AI1493,Spring 2026,Essay,1,40,1373,7,42.2554512023926,2026-05-15 21:49:53.554235,76.6114501953125
AI1494,Fall 2026,Case Study,1,40,1764,6,24.0897312164307,2026-07-01 21:49:53.554488,80.7122421264648
AI1495,Fall 2026,Research Paper,0,53,1838,12,51.3734092712402,2026-05-18 21:49:53.554735,81.5693893432617
AI1496,Fall 2026,Case Study,0,46,1283,7,32.2060737609863,2026-04-07 21:49:53.554996,72.3965759277344
AI1497,Fall 2025,Literature Review,0,42,1208,13,23.0771827697754,2026-03-31 21:49:53.555253,90.5351867675781
AI1498,Spring 2026,Lab Report,0,22,1020,4,5.11716985702515,2026-04-23 21:49:53.555494,85.7375106811523
AI1499,Fall 2026,Essay,0,51,1369,4,60.5505256652832,2026-03-17 21:49:53.555735,82.1330490112305
AI1500,Spring 2026,Lab Report,1,25,1695,7,56.7265739440918,2026-05-16 21:49:53.556062,84.2043762207031
AI1501,Fall 2026,Case Study,0,43,1480,5,21.2607707977295,2026-06-09 21:49:53.556455,69.6354064941406
AI1502,Summer 2026,Research Paper,1,46,1203,14,38.6087684631348,2026-09-04 21:49:53.556703,83.5354232788086
AI1503,Fall 2025,Literature Review,0,28,1444,14,60.5742645263672,2026-04-14 21:49:53.556977,63.3163795471191
AI1504,Spring 2026,Case Study,1,31,1091,8,39.1347465515137,2026-04-03 21:49:53.557233,79.9816665649414
AI1505,Fall 2026,Literature Review,0,65,1630,8,42.078052520752,2026-05-25 21:49:53.557482,83.7244110107422
AI1506,Fall 2025,Research Paper,0,20,914,6,10.949333190918,2026-05-02 21:49:53.557783,63.8894424438477
AI1507,Summer 2026,Essay,1,53,1452,9,36.6781616210938,2026-06-11 21:49:53.558049,75.669189453125
AI1508,Fall 2026,Lab Report,1,36,1614,4,14.7455911636353,2026-07-05 21:49:53.558299,80.9281387329102
AI1509,Summer 2026,Essay,1,51,2051,9,20.2104167938232,2026-07-17 21:49:53.558569,78.4636840820313
AI1510,Summer 2026,Literature Review,0,60,940,9,42.6335983276367,2026-03-30 21:49:53.558827,45.6154899597168
AI1511,Fall 2026,Lab Report,0,35,1115,10,21.7559204101563,2026-05-29 21:49:53.559228,56.4948501586914
AI1512,Summer 2026,Essay,0,48,1667,9,54.2601318359375,2026-05-12 21:49:53.559494,75.6156311035156
AI1513,Summer 2026,Research Paper,1,47,1076,3,19.9778213500977,2026-04-23 21:49:53.559735,68.7747421264648
AI1514,Fall 2026,Essay,0,52,1258,11,62.2707290649414,2026-04-22 21:49:53.560090,88.5170211791992
AI1515,Fall 2026,Research Paper,0,52,932,9,37.5753364562988,2026-03-24 21:49:53.560351,82.6415863037109
AI1516,Fall 2025,Lab Report,0,0,945,7,74.6904067993164,2026-05-02 21:49:53.560595,87.2768936157227
AI1517,Summer 2026,Essay,0,50,2002,8,27.2417182922363,2026-06-29 21:49:53.560838,62.7019462585449
AI1518,Fall 2025,Literature Review,0,41,1569,8,24.2051658630371,2026-06-12 21:49:53.561100,73.1121826171875
AI1519,Summer 2026,Lab Report,0,22,1203,15,20.9878425598145,2026-08-02 21:49:53.561372,100
AI1520,Spring 2026,Essay,0,35,1672,13,57.4442443847656,2026-05-26 21:49:53.561629,82.2644729614258
AI1521,Fall 2025,Lab Report,0,14,1110,5,65.9627532958984,2026-07-07 21:49:53.561872,54.9349174499512
AI1522,Fall 2025,Lab Report,0,8,1761,4,40.5123710632324,2026-05-24 21:49:53.562125,93.104736328125
AI1523,Summer 2026,Case Study,0,32,1032,3,42.5059204101563,2026-06-26 21:49:53.562373,91.0362319946289
AI1524,Summer 2026,Literature Review,1,58,1358,8,6.56411552429199,2026-07-07 21:49:53.562616,90.8273544311523
AI1525,Spring 2026,Essay,0,46,1752,8,24.0445232391357,2026-08-04 21:49:53.562864,75.9951553344727
AI1526,Fall 2025,Literature Review,1,41,1966,7,36.1584434509277,2026-03-18 21:49:53.563526,78.2882843017578
AI1527,Spring 2026,Literature Review,1,50,1620,13,28.0614852905273,2026-07-04 21:49:53.564073,76.7026748657227
AI1528,Summer 2026,Case Study,1,34,1293,8,28.312744140625,2026-06-09 21:49:53.564572,85.7321014404297
AI1529,Fall 2025,Essay,0,34,1497,9,32.2784690856934,2026-07-07 21:49:53.564936,65.9050521850586
AI1530,Fall 2025,Case Study,0,13,1911,6,12.7135438919067,2026-07-25 21:49:53.565227,81.8065643310547
AI1531,Spring 2026,Research Paper,0,31,1589,5,37.8479766845703,2026-08-01 21:49:53.565473,64.4757919311523
AI1532,Summer 2026,Research Paper,0,45,1471,4,44.3837852478027,2026-07-31 21:49:53.565719,86.2902755737305
AI1533,Summer 2026,Research Paper,0,51,1421,3,44.1833801269531,2026-03-19 21:49:53.565966,79.7866287231445
AI1534,Fall 2026,Research Paper,0,58,1502,11,10.9989233016968,2026-08-02 21:49:53.566271,64.974609375
AI1535,Fall 2025,Lab Report,0,16,2263,13,1.27583193778992,2026-06-25 21:49:53.566835,71.0362396240234
AI1536,Summer 2026,Research Paper,1,48,1399,6,50.122200012207,2026-08-23 21:49:53.567297,74.5244827270508
AI1537,Summer 2026,Essay,0,53,1508,9,28.3071022033691,2026-03-19 21:49:53.567607,100
AI1538,Spring 2026,Case Study,1,25,1903,12,13.9874296188354,2026-05-19 21:49:53.567862,79.6761016845703
AI1539,Fall 2026,Lab Report,1,43,1207,8,58.144645690918,2026-08-10 21:49:53.568133,84.3210678100586
AI1540,Fall 2026,Literature Review,1,73,1891,14,28.4980773925781,2026-04-28 21:49:53.568395,82.8590393066406
AI1541,Fall 2026,Case Study,0,36,1643,6,62.0771751403809,2026-07-04 21:49:53.568650,68.6765441894531
AI1542,Fall 2025,Essay,0,39,1817,13,17.0686340332031,2026-08-22 21:49:53.568893,75.8937149047852
AI1543,Summer 2026,Literature Review,1,56,1409,10,61.5915565490723,2026-03-30 21:49:53.569465,76.3497924804688
AI1544,Fall 2025,Lab Report,0,11,1655,4,12.9663009643555,2026-07-05 21:49:53.570005,74.1152572631836
AI1545,Fall 2026,Research Paper,1,67,1512,11,85.4362487792969,2026-06-12 21:49:53.570492,75.6126861572266
AI1546,Fall 2025,Lab Report,0,7,1164,4,50.6615562438965,2026-06-30 21:49:53.570988,91.1470947265625
AI1547,Summer 2026,Case Study,0,27,2222,7,31.9641513824463,2026-06-16 21:49:53.571459,68.6304626464844
AI1548,Fall 2025,Essay,0,33,1224,10,32.5891380310059,2026-05-08 21:49:53.571915,77.4197845458984
AI1549,Summer 2026,Case Study,0,33,1793,8,11.6062097549438,2026-07-01 21:49:53.572447,65.1041488647461
AI1550,Summer 2026,Essay,0,45,1897,12,84.6973342895508,2026-08-13 21:49:53.572982,55.8084449768066
AI1551,Fall 2026,Case Study,0,48,1168,5,37.5509033203125,2026-06-25 21:49:53.573446,62.4790420532227
AI1552,Summer 2026,Essay,1,46,1670,10,26.9578247070313,2026-07-05 21:49:53.573844,84.184211730957
AI1553,Fall 2025,Literature Review,0,27,1662,5,25.28564453125,2026-05-12 21:49:53.574174,84.2982330322266
AI1554,Spring 2026,Essay,1,37,1155,10,42.1769027709961,2026-05-17 21:49:53.574425,87.0723419189453
AI1555,Summer 2026,Lab Report,1,24,2138,4,30.5389041900635,2026-07-09 21:49:53.574674,75.970458984375
AI1556,Fall 2026,Lab Report,1,42,1152,19,32.6545333862305,2026-07-29 21:49:53.574924,72.3383026123047
AI1557,Summer 2026,Case Study,1,32,1524,8,30.5176696777344,2026-06-26 21:49:53.575180,71.7351684570313
AI1558,Summer 2026,Essay,1,42,1578,10,56.2003440856934,2026-06-28 21:49:53.575429,76.3870849609375
AI1559,Fall 2026,Research Paper,0,52,2120,9,3.26311755180359,2026-06-24 21:49:53.575700,81.3494186401367
AI1560,Fall 2026,Research Paper,1,54,1380,6,50.7107620239258,2026-07-18 21:49:53.575943,81.8445892333984
AI1561,Fall 2026,Research Paper,1,57,1554,7,54.6011085510254,2026-08-03 21:49:53.576200,75.7635879516602
AI1562,Fall 2025,Research Paper,0,24,1111,6,32.4390296936035,2026-07-25 21:49:53.576463,74.2022018432617
AI1563,Summer 2026,Essay,1,53,1181,9,35.2249336242676,2026-07-03 21:49:53.576706,73.4143753051758
AI1564,Fall 2026,Essay,1,59,1833,6,25.1943511962891,2026-06-02 21:49:53.576960,85.1107559204102
AI1565,Summer 2026,Literature Review,1,51,1769,6,11.2776098251343,2026-06-20 21:49:53.577212,83.2567749023438
AI1566,Fall 2025,Literature Review,0,34,1949,10,16.9867134094238,2026-07-19 21:49:53.577463,89.9506301879883
AI1567,Spring 2026,Lab Report,0,21,1273,5,34.0098342895508,2026-06-23 21:49:53.577707,89.7657623291016
AI1568,Summer 2026,Case Study,0,36,1681,12,61.0998611450195,2026-05-10 21:49:53.577951,75.5192947387695
AI1569,Fall 2026,Lab Report,0,40,1291,9,34.1876487731934,2026-03-28 21:49:53.578212,89.3278198242188
AI1570,Fall 2026,Case Study,1,45,1641,5,29.8433742523193,2026-04-25 21:49:53.578466,74.9948120117188
AI1571,Spring 2026,Research Paper,0,43,1542,8,16.5424194335938,2026-07-17 21:49:53.578718,82.2577209472656
AI1572,Fall 2026,Essay,0,61,1939,6,15.1442975997925,2026-08-24 21:49:53.578965,84.908317565918
AI1573,Fall 2025,Research Paper,0,22,1949,10,15.8675374984741,2026-08-07 21:49:53.579211,71.4822769165039
AI1574,Fall 2026,Research Paper,1,54,2266,9,43.8246307373047,2026-09-01 21:49:53.579452,79.9709548950195
AI1575,Fall 2026,Research Paper,0,56,1921,10,30.731840133667,2026-09-06 21:49:53.579698,76.3827743530273
AI1576,Fall 2025,Case Study,0,21,1141,9,16.938081741333,2026-07-13 21:49:53.580171,85.0234146118164
AI1577,Spring 2026,Research Paper,1,36,1630,9,21.5050144195557,2026-06-13 21:49:53.580529,78.9130783081055
AI1578,Fall 2026,Case Study,0,52,2339,15,47.571216583252,2026-08-02 21:49:53.580799,83.6211395263672
AI1579,Fall 2026,Lab Report,0,29,1615,11,15.9997777938843,2026-07-21 21:49:53.581415,84.3951721191406
AI1580,Fall 2026,Research Paper,1,62,1687,6,29.9015045166016,2026-08-06 21:49:53.581900,83.9552383422852
AI1581,Fall 2025,Essay,1,34,1232,13,19.4823246002197,2026-05-05 21:49:53.582419,89.0833129882813
AI1582,Summer 2026,Lab Report,0,33,2047,8,6.47153186798096,2026-04-01 21:49:53.582834,61.2740135192871
AI1583,Spring 2026,Case Study,0,23,412,5,27.7688598632813,2026-04-27 21:49:53.583109,82.8644790649414
AI1584,Summer 2026,Research Paper,0,51,1442,10,23.140323638916,2026-07-06 21:49:53.583358,77.9819412231445
AI1585,Fall 2026,Literature Review,1,68,1257,3,11.9333524703979,2026-03-25 21:49:53.584025,69.5690689086914
AI1586,Summer 2026,Essay,1,47,918,6,27.4688415527344,2026-03-29 21:49:53.584366,71.7077178955078
AI1587,Summer 2026,Essay,0,50,1783,8,45.8357772827148,2026-05-27 21:49:53.584624,68.1257629394531
AI1588,Spring 2026,Literature Review,1,47,1243,6,28.3275890350342,2026-08-20 21:49:53.584895,83.0090637207031
AI1589,Spring 2026,Lab Report,0,27,1319,11,24.1014995574951,2026-07-14 21:49:53.585184,63.0843467712402
AI1590,Fall 2026,Lab Report,1,33,1754,6,65.1188659667969,2026-03-27 21:49:53.585439,83.6675338745117
AI1591,Fall 2026,Lab Report,0,39,1346,10,60.9906730651855,2026-06-13 21:49:53.585689,73.8588943481445
AI1592,Summer 2026,Essay,1,53,1920,4,55.3265037536621,2026-05-17 21:49:53.585937,76.161262512207
AI1593,Fall 2026,Case Study,1,48,1442,8,70.1178741455078,2026-06-10 21:49:53.586217,72.5045700073242
AI1594,Summer 2026,Lab Report,0,38,1025,16,79.2095565795898,2026-07-07 21:49:53.586477,60.981761932373
AI1595,Fall 2025,Lab Report,0,7,1963,8,35.8211822509766,2026-08-25 21:49:53.586729,73.528450012207
AI1596,Fall 2026,Case Study,0,48,1475,9,22.4103870391846,2026-04-20 21:49:53.586984,65.8866882324219
AI1597,Summer 2026,Research Paper,0,41,2124,6,35.8782958984375,2026-03-13 21:49:53.587240,76.4010391235352
AI1598,Summer 2026,Case Study,1,28,1845,6,46.9806175231934,2026-08-30 21:49:53.587538,83.3067016601563
AI1599,Fall 2026,Lab Report,0,37,760,9,13.9420280456543,2026-06-12 21:49:53.587823,83.1389999389648
AI1600,Spring 2026,Case Study,1,31,1439,12,58.2309761047363,2026-03-20 21:49:53.588121,82.1579895019531
AI1601,Fall 2026,Lab Report,0,38,1470,12,14.4729595184326,2026-07-02 21:49:53.588385,74.3110961914063
AI1602,Fall 2026,Research Paper,1,63,1741,9,8.6671257019043,2026-06-14 21:49:53.588634,81.5572891235352
AI1603,Fall 2026,Literature Review,1,71,1229,10,47.3909187316895,2026-09-07 21:49:53.588917,72.7290420532227
AI1604,Summer 2026,Case Study,0,34,798,8,39.2076683044434,2026-04-01 21:49:53.589200,72.2981719970703
AI1605,Spring 2026,Case Study,0,25,2179,9,30.2699127197266,2026-03-18 21:49:53.589516,86.0495758056641
AI1606,Fall 2025,Lab Report,0,10,1160,10,15.6039934158325,2026-08-31 21:49:53.589763,59.1971817016602
AI1607,Fall 2026,Research Paper,0,58,1049,10,68.669792175293,2026-06-18 21:49:53.590016,59.5381889343262
AI1608,Fall 2026,Essay,0,62,2139,9,14.3269472122192,2026-08-19 21:49:53.590286,68.0146408081055
AI1609,Summer 2026,Literature Review,0,64,489,4,42.0736770629883,2026-06-10 21:49:53.590535,100
AI1610,Spring 2026,Lab Report,1,28,1528,13,47.6783409118652,2026-08-08 21:49:53.590778,81.66357421875
AI1611,Fall 2025,Research Paper,0,28,1428,16,27.5377597808838,2026-08-19 21:49:53.591046,73.9515533447266
AI1612,Fall 2026,Research Paper,0,53,1138,14,31.5384769439697,2026-08-06 21:49:53.591316,87.3373870849609
AI1613,Spring 2026,Essay,0,40,1611,12,35.9655303955078,2026-05-11 21:49:53.591561,83.9811477661133
AI1614,Spring 2026,Essay,1,55,1755,10,23.5180892944336,2026-05-12 21:49:53.591805,73.9188003540039
AI1615,Spring 2026,Case Study,0,14,1882,9,33.5770874023438,2026-07-30 21:49:53.592066,75.057014465332
AI1616,Summer 2026,Case Study,1,38,963,2,58.9522171020508,2026-04-16 21:49:53.592323,83.4576721191406
AI1617,Fall 2026,Lab Report,1,34,1756,9,41.5877227783203,2026-09-01 21:49:53.592571,82.662483215332
AI1618,Fall 2026,Literature Review,1,51,1274,3,50.7350044250488,2026-05-19 21:49:53.592820,67.9116058349609
AI1619,Summer 2026,Research Paper,0,53,1241,7,10.199031829834,2026-04-18 21:49:53.593078,80.2675323486328
AI1620,Spring 2026,Research Paper,0,40,2238,15,52.7148361206055,2026-03-12 21:49:53.593327,61.5334091186523
AI1621,Summer 2026,Literature Review,0,53,2334,5,28.1383190155029,2026-04-13 21:49:53.593570,60.7804298400879
AI1622,Summer 2026,Case Study,0,38,1695,9,34.127758026123,2026-07-17 21:49:53.593811,73.1152496337891
AI1623,Summer 2026,Case Study,0,31,2217,10,15.7635879516602,2026-09-06 21:49:53.594060,69.120491027832
AI1624,Fall 2026,Literature Review,1,61,1329,6,19.1680316925049,2026-08-06 21:49:53.594303,84.0793991088867
AI1625,Fall 2026,Literature Review,0,70,1230,7,64.7520751953125,2026-08-05 21:49:53.594551,66.8829193115234
AI1626,Fall 2025,Literature Review,0,23,1991,10,16.3729553222656,2026-03-16 21:49:53.594792,83.8991241455078
AI1627,Fall 2026,Essay,1,58,1503,9,92.5623245239258,2026-04-24 21:49:53.595062,76.2986297607422
AI1628,Fall 2026,Case Study,0,47,1602,10,48.606071472168,2026-03-18 21:49:53.595314,66.0356140136719
AI1629,Fall 2025,Essay,0,35,1419,5,29.7285785675049,2026-05-11 21:49:53.595557,72.162841796875
AI1630,Summer 2026,Research Paper,1,47,802,8,23.0577907562256,2026-05-11 21:49:53.595800,77.5267944335938
AI1631,Fall 2025,Literature Review,0,34,1097,10,48.4351539611816,2026-07-06 21:49:53.596056,75.8300323486328
AI1632,Fall 2026,Literature Review,0,60,2138,7,54.3812866210938,2026-07-22 21:49:53.596301,92.4663772583008
AI1633,Fall 2026,Lab Report,1,36,828,9,20.8948955535889,2026-03-16 21:49:53.596839,72.2930679321289
AI1634,Fall 2026,Essay,1,64,1855,4,33.6951217651367,2026-05-30 21:49:53.597948,74.3766479492188
AI1635,Fall 2025,Essay,0,30,1052,6,31.1677341461182,2026-07-17 21:49:53.598725,76.4907608032227
AI1636,Spring 2026,Case Study,0,24,2051,5,23.4210453033447,2026-06-13 21:49:53.599263,46.796516418457
AI1637,Fall 2026,Literature Review,0,64,1387,3,31.6783809661865,2026-04-05 21:49:53.599712,60.1708602905273
AI1638,Fall 2026,Essay,1,65,2368,8,16.6263637542725,2026-03-21 21:49:53.600201,84.8655166625977
AI1639,Summer 2026,Case Study,0,29,1664,7,17.3718090057373,2026-07-25 21:49:53.600660,100
AI1640,Spring 2026,Case Study,0,28,2062,11,37.2684211730957,2026-06-27 21:49:53.601305,80.3770751953125
AI1641,Fall 2026,Case Study,1,51,1492,6,17.4369602203369,2026-05-16 21:49:53.602237,86.3183441162109
AI1642,Fall 2026,Lab Report,1,45,635,6,63.6986656188965,2026-08-07 21:49:53.603358,72.4706573486328
AI1643,Fall 2026,Essay,0,51,859,11,58.5732803344727,2026-06-14 21:49:53.604015,82.9768524169922
AI1644,Summer 2026,Case Study,0,31,1230,9,17.4443759918213,2026-04-20 21:49:53.604822,94.8940505981445
AI1645,Spring 2026,Case Study,0,27,1361,13,55.9679527282715,2026-07-13 21:49:53.605302,69.302604675293
AI1646,Fall 2026,Essay,1,65,1135,5,34.9054794311523,2026-07-19 21:49:53.605775,74.1970520019531
AI1647,Summer 2026,Essay,0,43,1452,10,38.6635437011719,2026-03-13 21:49:53.606275,100
AI1648,Spring 2026,Essay,0,46,745,11,16.454761505127,2026-05-14 21:49:53.606715,80.5666961669922
AI1649,Fall 2025,Case Study,0,19,1352,9,66.1540145874023,2026-07-30 21:49:53.607169,43.3613891601563
AI1650,Fall 2025,Case Study,0,16,1491,15,69.2867050170898,2026-06-01 21:49:53.607607,69.9830474853516
AI1651,Summer 2026,Lab Report,0,33,1301,7,48.0745468139648,2026-05-01 21:49:53.608056,59.4734077453613
AI1652,Fall 2026,Lab Report,0,37,1690,9,65.6007308959961,2026-06-18 21:49:53.608629,63.0361137390137
AI1653,Spring 2026,Case Study,0,17,1672,8,12.762565612793,2026-08-30 21:49:53.609091,76.2583465576172
AI1654,Spring 2026,Essay,1,39,1778,10,45.7965965270996,2026-04-18 21:49:53.609532,71.6761093139648
AI1655,Spring 2026,Research Paper,1,27,1547,7,21.3367347717285,2026-08-28 21:49:53.609985,76.6222610473633
AI1656,Summer 2026,Research Paper,0,42,1452,1,36.2684440612793,2026-03-16 21:49:53.610438,76.5004196166992
AI1657,Fall 2025,Case Study,0,8,1347,10,32.3026390075684,2026-05-10 21:49:53.610882,71.7185440063477
AI1658,Summer 2026,Lab Report,0,26,989,5,20.7739295959473,2026-05-05 21:49:53.611333,67.5960464477539
AI1659,Spring 2026,Literature Review,0,48,861,7,3.67788624763489,2026-05-25 21:49:53.611771,66.0222702026367
AI1660,Fall 2026,Research Paper,1,56,1355,8,70.7119369506836,2026-07-27 21:49:53.612205,85.174674987793
AI1661,Fall 2026,Research Paper,1,56,1426,5,60.7534484863281,2026-03-15 21:49:53.612505,79.9804000854492
AI1662,Summer 2026,Lab Report,1,38,1461,3,37.1780624389648,2026-09-02 21:49:53.612760,72.0323104858398
AI1663,Fall 2026,Research Paper,0,52,2502,14,16.9723854064941,2026-06-10 21:49:53.613020,63.7508697509766
AI1664,Fall 2025,Lab Report,0,2,2023,8,20.4763278961182,2026-06-19 21:49:53.613968,75.523323059082
AI1665,Fall 2026,Lab Report,0,34,1363,8,32.3497161865234,2026-03-24 21:49:53.614896,78.1310501098633
AI1666,Fall 2026,Literature Review,1,69,951,3,31.3349494934082,2026-05-16 21:49:53.615309,83.5983123779297
AI1667,Fall 2025,Essay,0,24,1386,12,48.4412574768066,2026-08-11 21:49:53.615571,55.4514198303223
AI1668,Fall 2025,Research Paper,1,25,1611,6,15.4031028747559,2026-06-22 21:49:53.615818,84.3472290039063
AI1669,Fall 2026,Case Study,1,46,1415,12,18.5730991363525,2026-09-02 21:49:53.616085,80.1670761108398
AI1670,Summer 2026,Case Study,0,34,1533,6,54.9520301818848,2026-06-09 21:49:53.616402,85.2366256713867
AI1671,Fall 2026,Essay,1,65,1658,8,17.4340572357178,2026-05-13 21:49:53.616796,79.8399505615234
AI1672,Fall 2026,Research Paper,0,61,1442,5,27.0265522003174,2026-05-04 21:49:53.617610,56.6232147216797
AI1673,Fall 2026,Essay,1,59,2279,14,28.6944713592529,2026-04-04 21:49:53.618050,70.7579498291016
AI1674,Summer 2026,Lab Report,0,28,1827,6,12.6350841522217,2026-08-03 21:49:53.618424,71.8295516967773
AI1675,Fall 2026,Lab Report,0,43,1846,6,80.9132614135742,2026-06-09 21:49:53.619319,78.0026245117188
AI1676,Fall 2026,Essay,1,53,465,5,27.3411140441895,2026-04-05 21:49:53.619867,79.3376541137695
AI1677,Fall 2026,Literature Review,1,64,1246,14,12.0749597549438,2026-08-12 21:49:53.620361,73.9076461791992
AI1678,Spring 2026,Research Paper,0,39,1432,7,48.5962066650391,2026-04-10 21:49:53.620833,54.0653610229492
AI1679,Summer 2026,Case Study,0,34,1970,5,28.1287136077881,2026-06-19 21:49:53.621313,86.3973236083984
AI1680,Fall 2025,Literature Review,0,29,1576,7,11.2714033126831,2026-06-02 21:49:53.621772,81.9706192016602
AI1681,Fall 2026,Lab Report,0,36,1315,11,44.6965217590332,2026-07-10 21:49:53.622238,91.0695495605469
AI1682,Fall 2025,Lab Report,0,6,1286,13,49.279541015625,2026-05-11 21:49:53.622689,63.1156845092773
AI1683,Fall 2026,Research Paper,1,57,1865,5,52.5171546936035,2026-06-24 21:49:53.623168,77.3522109985352
AI1684,Summer 2026,Research Paper,1,53,1487,11,60.9842529296875,2026-05-26 21:49:53.623649,73.8612213134766
AI1685,Summer 2026,Essay,0,44,1286,8,53.6581764221191,2026-08-15 21:49:53.624230,86.1240310668945
AI1686,Fall 2026,Case Study,0,38,982,12,24.6561527252197,2026-06-24 21:49:53.625060,80.1650085449219
AI1687,Fall 2026,Case Study,0,39,1556,5,28.6283569335938,2026-04-10 21:49:53.625558,61.9588737487793
AI1688,Fall 2025,Lab Report,0,22,1460,10,26.4076995849609,2026-09-05 21:49:53.625816,77.2038269042969
AI1689,Fall 2026,Research Paper,1,54,1766,12,25.6895523071289,2026-06-08 21:49:53.626083,78.3948745727539
AI1690,Fall 2026,Literature Review,1,64,1970,7,31.6333274841309,2026-05-23 21:49:53.626352,77.7309265136719
AI1691,Summer 2026,Lab Report,0,33,964,6,23.2665958404541,2026-08-05 21:49:53.626604,56.4563140869141
AI1692,Fall 2026,Case Study,0,50,1915,4,29.8464221954346,2026-05-28 21:49:53.626847,69.8952102661133
AI1693,Spring 2026,Case Study,1,25,1776,8,52.0668296813965,2026-03-26 21:49:53.627119,83.4289855957031
AI1694,Spring 2026,Essay,0,52,1512,13,64.3786315917969,2026-05-01 21:49:53.627381,90.8425445556641
AI1695,Fall 2026,Case Study,0,45,825,9,42.2165374755859,2026-06-26 21:49:53.627624,85.742561340332
AI1696,Fall 2026,Case Study,0,47,1759,15,13.52126121521,2026-04-11 21:49:53.627864,79.6364288330078
AI1697,Fall 2026,Research Paper,0,52,1122,6,23.5436515808105,2026-09-03 21:49:53.628129,67.8942947387695
AI1698,Fall 2025,Research Paper,1,17,2018,5,55.9274215698242,2026-07-04 21:49:53.628377,70.6224975585938
AI1699,Fall 2026,Research Paper,0,54,1657,12,25.9804840087891,2026-06-07 21:49:53.628624,80.7851104736328
AI1700,Fall 2026,Essay,1,60,1453,9,8.998122215271,2026-06-05 21:49:53.628864,79.3029403686523
AI1701,Spring 2026,Essay,0,48,2108,6,27.1558895111084,2026-08-15 21:49:53.629159,76.4068145751953
AI1702,Fall 2026,Lab Report,1,37,1077,7,17.3139629364014,2026-06-18 21:49:53.629406,69.5252456665039
AI1703,Fall 2025,Case Study,0,19,1534,14,10.9850206375122,2026-07-10 21:49:53.629808,77.6559143066406
AI1704,Spring 2026,Research Paper,0,35,1774,11,52.3607025146484,2026-08-17 21:49:53.630537,84.2506713867188
AI1705,Summer 2026,Lab Report,0,22,711,9,50.5667572021484,2026-05-13 21:49:53.631215,87.5055160522461
AI1706,Fall 2026,Lab Report,0,43,2103,9,31.480712890625,2026-08-01 21:49:53.632120,69.1775436401367
AI1707,Fall 2026,Lab Report,1,48,1130,11,61.7012138366699,2026-06-23 21:49:53.632543,75.193244934082
AI1708,Fall 2026,Lab Report,1,52,763,4,16.7198047637939,2026-09-07 21:49:53.632805,77.2661743164063
AI1709,Fall 2026,Research Paper,1,60,1481,9,27.6867065429688,2026-06-21 21:49:53.633156,83.6560363769531
AI1710,Fall 2026,Literature Review,1,60,2026,6,48.1155052185059,2026-07-15 21:49:53.633657,72.6252365112305
AI1711,Fall 2026,Research Paper,0,56,1022,6,33.9036102294922,2026-08-14 21:49:53.634126,74.3305892944336
AI1712,Fall 2026,Research Paper,0,50,998,7,24.9602870941162,2026-08-04 21:49:53.634565,73.4303817749023
AI1713,Spring 2026,Research Paper,0,38,1488,13,24.6445198059082,2026-08-13 21:49:53.635149,82.5415420532227
AI1714,Fall 2026,Case Study,0,55,1388,8,13.912561416626,2026-08-23 21:49:53.635740,73.4640655517578
AI1715,Fall 2026,Case Study,0,44,1971,3,15.0733652114868,2026-04-01 21:49:53.636245,89.0480194091797
AI1716,Fall 2026,Lab Report,1,39,1568,14,42.3455810546875,2026-08-05 21:49:53.636721,75.2711410522461
AI1717,Spring 2026,Essay,1,40,2082,6,32.1341552734375,2026-03-17 21:49:53.637205,70.6957015991211
AI1718,Summer 2026,Research Paper,1,49,1429,8,11.0345249176025,2026-06-26 21:49:53.637665,73.7547302246094
AI1719,Summer 2026,Literature Review,1,61,1895,11,33.285530090332,2026-06-18 21:49:53.638136,78.143928527832
AI1720,Spring 2026,Essay,0,35,2167,5,63.2861061096191,2026-06-10 21:49:53.638601,56.436393737793
AI1721,Fall 2026,Lab Report,1,37,2151,6,8.23154830932617,2026-09-03 21:49:53.639090,74.2259140014648
AI1722,Fall 2026,Case Study,1,46,1443,12,59.7667121887207,2026-08-21 21:49:53.639573,76.4142379760742
AI1723,Spring 2026,Literature Review,0,41,1214,4,52.3369636535645,2026-08-13 21:49:53.640052,87.5044708251953
AI1724,Fall 2026,Case Study,0,50,1253,5,31.4649105072021,2026-07-18 21:49:53.640448,61.5883331298828
AI1725,Fall 2026,Case Study,0,46,1419,8,37.5288543701172,2026-08-25 21:49:53.640735,59.9640808105469
AI1726,Fall 2026,Lab Report,0,40,1441,6,6.10759115219116,2026-07-17 21:49:53.640991,63.7892303466797
AI1727,Spring 2026,Literature Review,0,38,1614,12,40.0871162414551,2026-08-15 21:49:53.641239,64.8596801757813
AI1728,Fall 2026,Research Paper,1,54,2270,10,55.6365737915039,2026-03-30 21:49:53.641484,79.8054351806641
AI1729,Fall 2026,Research Paper,1,53,1151,12,57.7265586853027,2026-04-20 21:49:53.641733,80.3685607910156
AI1730,Spring 2026,Case Study,1,29,1093,8,19.7397499084473,2026-05-10 21:49:53.641985,75.6153945922852
AI1731,Summer 2026,Research Paper,1,34,1800,10,28.6964511871338,2026-09-05 21:49:53.642236,73.9169387817383
AI1732,Spring 2026,Case Study,0,24,1466,3,21.712043762207,2026-04-25 21:49:53.642497,54.0082969665527
AI1733,Spring 2026,Research Paper,1,40,1239,9,25.6109428405762,2026-08-13 21:49:53.642741,83.6788101196289
AI1734,Fall 2025,Research Paper,1,18,1064,8,35.6454086303711,2026-07-14 21:49:53.642995,76.1030578613281
AI1735,Spring 2026,Research Paper,1,33,767,6,21.658561706543,2026-05-05 21:49:53.643245,89.0207214355469
AI1736,Fall 2026,Essay,0,63,1879,8,9.96314334869385,2026-04-02 21:49:53.643506,77.8871231079102
AI1737,Spring 2026,Literature Review,0,43,673,9,67.4328384399414,2026-07-15 21:49:53.643750,61.0004615783691
AI1738,Spring 2026,Literature Review,0,29,1812,11,39.4745407104492,2026-06-12 21:49:53.644008,79.7444076538086
AI1739,Fall 2026,Lab Report,0,38,2133,7,24.0790233612061,2026-07-09 21:49:53.644254,74.3213348388672
AI1740,Fall 2026,Research Paper,0,62,2190,5,38.261661529541,2026-05-14 21:49:53.644496,73.7390518188477
AI1741,Fall 2025,Essay,1,31,1377,13,37.0698394775391,2026-07-26 21:49:53.644737,68.398811340332
AI1742,Fall 2025,Research Paper,1,36,2095,9,50.2338638305664,2026-08-17 21:49:53.644988,72.7312393188477
AI1743,Spring 2026,Literature Review,1,43,1225,11,7.31707668304443,2026-06-27 21:49:53.645347,84.5762939453125
AI1744,Summer 2026,Essay,0,51,1600,7,32.9673728942871,2026-06-07 21:49:53.645760,79.165397644043
AI1745,Summer 2026,Essay,1,52,893,9,40.2953338623047,2026-07-10 21:49:53.646140,79.3983840942383
AI1746,Spring 2026,Lab Report,0,17,1769,7,8.71883296966553,2026-04-03 21:49:53.646862,69.2687530517578
AI1747,Fall 2026,Essay,0,63,1822,6,34.874080657959,2026-06-26 21:49:53.647389,84.6835327148438
AI1748,Spring 2026,Essay,0,42,1543,10,18.8558959960938,2026-06-05 21:49:53.647757,71.3424530029297
AI1749,Fall 2026,Literature Review,0,67,896,7,39.7549781799316,2026-08-02 21:49:53.648211,99.6482925415039
AI1750,Summer 2026,Literature Review,1,58,1851,12,14.7209730148315,2026-03-20 21:49:53.648669,62.8217124938965
AI1751,Fall 2025,Lab Report,0,3,1814,6,26.7355422973633,2026-04-23 21:49:53.649123,81.5427474975586
AI1752,Spring 2026,Research Paper,0,38,1198,5,30.0699005126953,2026-03-16 21:49:53.649589,64.539192199707
AI1753,Fall 2026,Essay,1,61,1135,7,28.4471702575684,2026-03-23 21:49:53.650018,83.3430709838867
AI1754,Fall 2025,Case Study,0,8,1267,13,50.8507118225098,2026-05-02 21:49:53.650359,77.8355484008789
AI1755,Summer 2026,Research Paper,0,46,1483,13,53.4277458190918,2026-06-29 21:49:53.650612,61.2765121459961
AI1756,Fall 2025,Literature Review,0,39,1366,3,58.6956672668457,2026-03-17 21:49:53.651166,89.9205703735352
AI1757,Fall 2026,Lab Report,1,34,1287,6,52.3164443969727,2026-06-04 21:49:53.651845,88.0803909301758
AI1758,Fall 2025,Case Study,0,14,1499,8,24.1447715759277,2026-07-06 21:49:53.652370,65.4669494628906
AI1759,Spring 2026,Research Paper,1,42,1205,9,43.8751449584961,2026-03-17 21:49:53.652830,81.4440689086914
AI1760,Spring 2026,Essay,0,33,1501,8,30.2853088378906,2026-05-15 21:49:53.653531,80.1483612060547
AI1761,Summer 2026,Essay,1,52,1833,8,21.1327056884766,2026-07-24 21:49:53.653868,74.5911636352539
AI1762,Summer 2026,Research Paper,1,46,1470,6,58.5809669494629,2026-06-08 21:49:53.654173,77.9118499755859
AI1763,Summer 2026,Literature Review,0,49,1821,5,40.2571411132813,2026-03-17 21:49:53.654449,73.0469284057617
AI1764,Spring 2026,Literature Review,1,40,1526,8,41.3247604370117,2026-05-17 21:49:53.654712,87.7106170654297
AI1765,Spring 2026,Literature Review,1,53,1602,9,54.5250205993652,2026-08-22 21:49:53.654987,69.8272323608398
AI1766,Spring 2026,Research Paper,0,34,1717,7,30.2065467834473,2026-08-12 21:49:53.655253,68.0973129272461
AI1767,Fall 2026,Essay,1,72,1498,6,23.6602916717529,2026-07-22 21:49:53.655502,77.9298095703125
AI1768,Summer 2026,Literature Review,0,55,935,6,45.6275863647461,2026-04-20 21:49:53.655754,60.7571601867676
AI1769,Summer 2026,Research Paper,1,42,1245,7,65.0170288085938,2026-05-07 21:49:53.656003,82.1154479980469
AI1770,Spring 2026,Lab Report,0,22,1333,10,21.2897605895996,2026-03-14 21:49:53.656261,62.6746444702148
AI1771,Spring 2026,Lab Report,0,19,951,8,79.5610580444336,2026-08-10 21:49:53.656512,94.895751953125
AI1772,Summer 2026,Case Study,0,32,1006,8,3.51197838783264,2026-05-11 21:49:53.656764,68.541633605957
AI1773,Fall 2026,Lab Report,0,49,2196,8,27.5208377838135,2026-04-18 21:49:53.657019,71.9644088745117
AI1774,Fall 2026,Essay,0,59,1457,5,21.8712882995605,2026-07-01 21:49:53.657268,84.8842697143555
AI1775,Spring 2026,Lab Report,0,16,1802,5,45.5874557495117,2026-03-23 21:49:53.657533,84.5430603027344
AI1776,Fall 2025,Essay,0,28,1457,9,41.4670028686523,2026-04-02 21:49:53.657807,59.9023284912109
AI1777,Fall 2026,Research Paper,1,53,661,8,19.1230430603027,2026-03-30 21:49:53.658060,86.6292343139648
AI1778,Spring 2026,Essay,0,36,2171,13,28.1105880737305,2026-05-28 21:49:53.658308,76.3864517211914
AI1779,Spring 2026,Essay,0,36,1042,5,24.1017951965332,2026-06-14 21:49:53.658547,82.5233612060547
AI1780,Fall 2025,Essay,1,31,936,8,9.66641044616699,2026-04-27 21:49:53.658788,76.3450622558594
AI1781,Fall 2026,Research Paper,1,53,1740,6,50.3806190490723,2026-04-09 21:49:53.659040,77.4956970214844
AI1782,Fall 2026,Case Study,0,46,1750,8,31.7618446350098,2026-04-13 21:49:53.659287,64.2234191894531
AI1783,Fall 2025,Literature Review,1,42,759,10,30.3335094451904,2026-04-20 21:49:53.659548,77.7811126708984
AI1784,Summer 2026,Lab Report,1,38,1788,7,37.813117980957,2026-07-12 21:49:53.659804,73.4832534790039
AI1785,Fall 2026,Case Study,1,44,1206,13,34.7294044494629,2026-04-05 21:49:53.660064,80.1548156738281
AI1786,Fall 2025,Research Paper,0,26,1875,7,14.8764572143555,2026-07-22 21:49:53.660314,73.0165100097656
AI1787,Summer 2026,Lab Report,1,31,1771,7,41.4766120910645,2026-05-03 21:49:53.660556,76.4977874755859
AI1788,Summer 2026,Lab Report,0,32,1042,7,29.5338916778564,2026-06-26 21:49:53.660803,79.595573425293
AI1789,Fall 2026,Research Paper,0,48,1655,10,2.19290280342102,2026-06-06 21:49:53.661119,84.9026565551758
AI1790,Fall 2026,Research Paper,1,62,1238,9,33.6134490966797,2026-08-24 21:49:53.661496,69.0508346557617
AI1791,Spring 2026,Case Study,0,25,945,5,33.1003723144531,2026-07-26 21:49:53.661776,70.7396621704102
AI1792,Summer 2026,Research Paper,1,43,955,7,36.0828094482422,2026-04-13 21:49:53.662028,74.46337890625
AI1793,Spring 2026,Case Study,1,27,1382,8,27.8281345367432,2026-06-30 21:49:53.662284,72.4117431640625
AI1794,Fall 2026,Lab Report,0,39,1456,7,36.9373474121094,2026-06-09 21:49:53.662534,70.8952789306641
AI1795,Fall 2025,Research Paper,1,28,690,5,21.6234512329102,2026-05-02 21:49:53.662776,79.252311706543
AI1796,Summer 2026,Case Study,0,36,1268,8,17.3286781311035,2026-07-06 21:49:53.663032,71.6550521850586
AI1797,Summer 2026,Research Paper,1,53,1139,10,41.7937812805176,2026-08-13 21:49:53.663585,74.569580078125
AI1798,Fall 2026,Essay,0,65,1281,9,46.239631652832,2026-06-10 21:49:53.663910,79.5266571044922
AI1799,Fall 2026,Research Paper,1,62,1389,7,55.8813018798828,2026-07-26 21:49:53.664219,74.4158477783203
AI1800,Fall 2025,Research Paper,0,29,783,6,31.5247669219971,2026-05-09 21:49:53.664502,90.763053894043
AI1801,Summer 2026,Research Paper,0,42,901,12,13.8524656295776,2026-07-28 21:49:53.664746,57.5279273986816
AI1802,Fall 2026,Lab Report,1,44,1681,3,20.3025150299072,2026-04-04 21:49:53.664996,80.1238174438477
AI1803,Fall 2026,Research Paper,1,52,2068,8,17.7466430664063,2026-06-03 21:49:53.665279,82.5504837036133
AI1804,Summer 2026,Case Study,0,35,1474,8,37.6808471679688,2026-06-11 21:49:53.665531,77.9832153320313
AI1805,Summer 2026,Lab Report,0,33,1948,10,16.9561634063721,2026-05-16 21:49:53.665777,97.4110107421875
AI1806,Fall 2026,Essay,0,56,2094,6,23.4090023040771,2026-09-04 21:49:53.666139,81.4661483764648
AI1807,Spring 2026,Research Paper,1,39,1137,8,33.0964508056641,2026-05-20 21:49:53.666546,78.3912200927734
AI1808,Fall 2026,Lab Report,0,46,1304,7,46.3829727172852,2026-08-14 21:49:53.667132,84.6122589111328
AI1809,Fall 2026,Case Study,0,48,2312,7,38.3193359375,2026-08-22 21:49:53.667420,85.0064544677734
AI1810,Spring 2026,Research Paper,0,36,1695,8,37.4680099487305,2026-04-24 21:49:53.667672,83.6272354125977
AI1811,Fall 2026,Lab Report,0,38,1451,5,58.6209754943848,2026-06-26 21:49:53.668001,62.2016792297363
AI1812,Fall 2025,Lab Report,0,11,1004,3,14.1682462692261,2026-07-03 21:49:53.668434,61.783203125
AI1813,Summer 2026,Literature Review,1,58,977,9,2.18459868431091,2026-07-30 21:49:53.668886,79.1542816162109
AI1814,Fall 2026,Literature Review,0,65,931,5,61.3103828430176,2026-03-30 21:49:53.669365,76.5575408935547
AI1815,Summer 2026,Research Paper,1,51,1874,9,41.4821395874023,2026-03-29 21:49:53.669862,80.5345840454102
AI1816,Fall 2025,Case Study,0,17,987,9,69.4866180419922,2026-03-18 21:49:53.670356,71.8746795654297
AI1817,Fall 2026,Research Paper,0,60,1548,14,23.3027305603027,2026-04-11 21:49:53.670854,60.498218536377
AI1818,Fall 2026,Literature Review,0,64,1355,6,46.4714813232422,2026-04-03 21:49:53.671325,59.9408264160156
AI1819,Fall 2026,Case Study,1,52,1357,12,39.066837310791,2026-05-08 21:49:53.671764,82.2135238647461
AI1820,Summer 2026,Research Paper,1,45,1854,7,30.9260311126709,2026-05-27 21:49:53.672237,83.4600448608398
AI1821,Summer 2026,Lab Report,0,40,1312,12,35.3637161254883,2026-09-02 21:49:53.672710,84.3097763061523
AI1822,Fall 2026,Lab Report,1,45,1352,8,44.9039459228516,2026-06-09 21:49:53.673238,78.913703918457
AI1823,Summer 2026,Case Study,0,30,853,8,54.8187255859375,2026-06-21 21:49:53.673705,86.0719375610352
AI1824,Spring 2026,Lab Report,0,15,2150,8,53.721565246582,2026-04-28 21:49:53.674151,64.5388412475586
AI1825,Fall 2025,Research Paper,0,28,1831,6,22.691499710083,2026-05-22 21:49:53.674455,86.9648971557617
AI1826,Fall 2026,Case Study,1,51,1603,5,26.4765071868896,2026-06-19 21:49:53.674706,74.8603286743164
AI1827,Fall 2026,Research Paper,0,65,1954,7,54.5997924804688,2026-05-09 21:49:53.674962,63.0248031616211
AI1828,Spring 2026,Case Study,1,23,1778,7,11.5324516296387,2026-06-26 21:49:53.675222,76.9704284667969
AI1829,Fall 2026,Lab Report,1,43,1555,7,15.1124601364136,2026-08-30 21:49:53.675472,75.9771881103516
AI1830,Summer 2026,Research Paper,0,43,1363,10,27.7900352478027,2026-07-23 21:49:53.675721,73.4140090942383
AI1831,Fall 2026,Lab Report,1,45,1722,13,49.120304107666,2026-08-07 21:49:53.676019,71.4965972900391
AI1832,Spring 2026,Case Study,0,24,788,14,31.5734405517578,2026-07-31 21:49:53.676281,66.8561477661133
AI1833,Spring 2026,Research Paper,0,41,1577,7,21.3707695007324,2026-07-03 21:49:53.676523,64.8074111938477
AI1834,Spring 2026,Research Paper,0,40,1417,6,57.3992500305176,2026-07-22 21:49:53.676769,65.1085205078125
AI1835,Fall 2025,Research Paper,1,26,1472,10,42.9576835632324,2026-07-11 21:49:53.677019,79.3637161254883
AI1836,Fall 2025,Case Study,0,16,1314,7,15.5435037612915,2026-04-27 21:49:53.677345,75.6839141845703
AI1837,Spring 2026,Essay,1,49,1208,10,19.4755916595459,2026-05-08 21:49:53.677641,74.5386428833008
AI1838,Fall 2026,Research Paper,0,67,1830,11,23.290397644043,2026-03-26 21:49:53.677896,72.7016906738281
AI1839,Fall 2026,Case Study,0,47,1905,8,15.1717596054077,2026-07-23 21:49:53.678152,52.9364318847656
AI1840,Spring 2026,Lab Report,1,22,1559,6,51.798755645752,2026-04-20 21:49:53.678424,73.1027374267578
AI1841,Fall 2025,Research Paper,1,15,1557,7,32.9641723632813,2026-03-23 21:49:53.678680,72.2446899414063
AI1842,Fall 2026,Essay,1,53,870,6,12.0527763366699,2026-03-26 21:49:53.678942,83.2365036010742
AI1843,Spring 2026,Essay,1,47,1902,8,46.8966331481934,2026-03-12 21:49:53.679199,82.9634780883789
AI1844,Summer 2026,Lab Report,0,30,1260,8,45.7029991149902,2026-08-15 21:49:53.679448,58.4745635986328
AI1845,Fall 2026,Case Study,1,54,2098,4,52.4116287231445,2026-06-24 21:49:53.679692,75.8554611206055
AI1846,Fall 2026,Literature Review,1,72,943,10,45.7104225158691,2026-05-25 21:49:53.681158,74.4229736328125
AI1847,Fall 2026,Case Study,1,48,1329,5,57.0492973327637,2026-06-10 21:49:53.681793,82.6855850219727
AI1848,Summer 2026,Essay,1,53,1523,13,26.7787895202637,2026-05-24 21:49:53.682392,76.1140365600586
AI1849,Fall 2026,Literature Review,0,66,2258,10,21.8414554595947,2026-08-20 21:49:53.682749,71.4574432373047
AI1850,Spring 2026,Lab Report,0,15,1945,3,47.6645164489746,2026-03-27 21:49:53.683712,76.2041931152344
AI1851,Summer 2026,Lab Report,0,34,843,8,49.2467918395996,2026-06-19 21:49:53.684253,84.3270492553711
AI1852,Summer 2026,Lab Report,1,33,1503,2,20.3062553405762,2026-03-16 21:49:53.684571,80.005989074707
AI1853,Fall 2026,Lab Report,1,43,1616,11,18.0222797393799,2026-06-10 21:49:53.685123,80.4480361938477
AI1854,Summer 2026,Lab Report,0,23,1756,5,43.2251129150391,2026-05-23 21:49:53.685802,78.9120407104492
AI1855,Fall 2025,Case Study,1,19,1630,10,23.697057723999,2026-06-26 21:49:53.686319,73.932502746582
AI1856,Fall 2025,Literature Review,0,25,1676,7,12.2903213500977,2026-08-24 21:49:53.686995,75.9849700927734
AI1857,Fall 2025,Lab Report,0,2,2072,7,35.4827346801758,2026-03-14 21:49:53.687600,93.6381912231445
AI1858,Fall 2025,Research Paper,0,30,1405,9,42.9917030334473,2026-05-15 21:49:53.688106,66.1540451049805
AI1859,Spring 2026,Essay,0,34,2016,7,28.5706119537354,2026-05-11 21:49:53.688614,61.872673034668
AI1860,Fall 2026,Lab Report,0,37,1971,4,41.4039611816406,2026-08-11 21:49:53.689466,57.642520904541
AI1861,Spring 2026,Lab Report,0,25,850,9,35.4298553466797,2026-05-10 21:49:53.689976,46.0886917114258
AI1862,Summer 2026,Research Paper,0,48,1602,12,17.7297115325928,2026-07-06 21:49:53.690443,72.6404571533203
AI1863,Spring 2026,Literature Review,0,40,2308,5,20.2340278625488,2026-07-15 21:49:53.690762,68.1105117797852
AI1864,Fall 2026,Research Paper,0,57,977,6,16.3430042266846,2026-07-28 21:49:53.691085,76.3895492553711
AI1865,Fall 2026,Lab Report,1,39,883,10,35.3699150085449,2026-03-15 21:49:53.691368,82.8972015380859
AI1866,Fall 2026,Essay,1,58,2014,7,15.1794128417969,2026-07-29 21:49:53.691621,80.0727081298828
AI1867,Fall 2026,Case Study,0,41,1597,15,29.3992881774902,2026-06-13 21:49:53.691876,60.640567779541
AI1868,Fall 2026,Lab Report,1,41,1352,5,23.6666507720947,2026-05-14 21:49:53.692127,73.9928588867188
AI1869,Fall 2025,Essay,0,32,1753,7,49.9707069396973,2026-08-19 21:49:53.692377,71.1819686889648
AI1870,Summer 2026,Research Paper,1,47,1702,6,38.2507400512695,2026-08-04 21:49:53.692624,77.7863464355469
AI1871,Fall 2025,Literature Review,0,28,723,6,9.6595573425293,2026-06-03 21:49:53.692872,57.3622741699219
AI1872,Summer 2026,Case Study,0,38,1042,3,27.6445274353027,2026-07-01 21:49:53.693137,77.7221221923828
AI1873,Fall 2026,Lab Report,0,42,1506,6,29.1240406036377,2026-05-04 21:49:53.693483,77.5947265625
AI1874,Fall 2026,Lab Report,0,40,904,8,18.2635803222656,2026-06-04 21:49:53.693770,90.7916564941406
AI1875,Summer 2026,Essay,0,48,962,8,52.160400390625,2026-08-30 21:49:53.694032,68.5831146240234
AI1876,Summer 2026,Literature Review,0,57,1285,7,78.2187881469727,2026-08-19 21:49:53.694278,78.1902618408203
AI1877,Fall 2026,Lab Report,0,38,1378,7,34.135082244873,2026-08-31 21:49:53.694521,74.1854248046875
AI1878,Fall 2025,Essay,0,27,2061,7,8.34030628204346,2026-06-19 21:49:53.694765,82.6957092285156
AI1879,Fall 2025,Research Paper,0,15,935,7,63.7156105041504,2026-06-16 21:49:53.695014,77.258186340332
AI1880,Spring 2026,Essay,1,42,1477,10,7.79917621612549,2026-08-30 21:49:53.695259,76.8866577148438
AI1881,Summer 2026,Lab Report,0,31,1037,10,20.6421451568604,2026-05-20 21:49:53.695536,73.4611511230469
AI1882,Summer 2026,Literature Review,1,56,1561,7,48.9185066223145,2026-06-11 21:49:53.695781,73.3112564086914
AI1883,Fall 2026,Case Study,1,54,1221,11,30.1916732788086,2026-04-22 21:49:53.696036,78.4681777954102
AI1884,Summer 2026,Lab Report,0,29,1088,8,24.9467163085938,2026-03-26 21:49:53.696287,87.9130172729492
AI1885,Fall 2026,Research Paper,0,56,1736,8,24.0005912780762,2026-03-27 21:49:53.697221,60.4959373474121
AI1886,Fall 2026,Essay,0,57,1884,7,14.9625558853149,2026-06-30 21:49:53.698315,84.7938766479492
AI1887,Fall 2026,Essay,0,61,1046,6,59.7283363342285,2026-06-11 21:49:53.698882,55.8967819213867
AI1888,Fall 2026,Essay,0,62,1013,13,18.1774806976318,2026-03-24 21:49:53.699408,63.6257514953613
AI1889,Fall 2026,Research Paper,1,56,1605,7,38.8314933776855,2026-07-17 21:49:53.700208,76.6415328979492
AI1890,Spring 2026,Lab Report,0,22,1037,7,13.4681797027588,2026-05-23 21:49:53.700774,78.5575866699219
AI1891,Spring 2026,Research Paper,0,36,1537,9,11.1614303588867,2026-03-18 21:49:53.702143,67.4751434326172
AI1892,Fall 2026,Literature Review,0,73,1618,7,3.77684760093689,2026-08-22 21:49:53.702825,66.7537078857422
AI1893,Fall 2025,Lab Report,0,17,1114,11,51.6836624145508,2026-09-07 21:49:53.703893,79.7140579223633
AI1894,Spring 2026,Case Study,0,21,1387,6,7.24893093109131,2026-06-15 21:49:53.704566,80.701042175293
AI1895,Summer 2026,Research Paper,0,34,1649,7,17.0455341339111,2026-06-02 21:49:53.705030,57.741153717041
AI1896,Fall 2026,Case Study,0,50,1121,8,16.8326187133789,2026-03-30 21:49:53.705471,65.6464767456055
AI1897,Fall 2025,Essay,0,26,1219,11,19.305570602417,2026-06-18 21:49:53.705903,66.7693710327148
AI1898,Summer 2026,Case Study,0,36,1428,9,45.0567893981934,2026-08-29 21:49:53.706464,73.8575820922852
AI1899,Fall 2025,Lab Report,0,10,883,5,2.23307514190674,2026-08-08 21:49:53.706727,69.5764846801758
AI1900,Fall 2026,Essay,1,62,786,10,33.8345108032227,2026-06-07 21:49:53.707010,78.6684646606445
AI1901,Fall 2025,Research Paper,1,31,1142,4,60.9172554016113,2026-06-03 21:49:53.707265,78.7424468994141
AI1902,Fall 2025,Essay,0,32,1787,10,50.8936233520508,2026-08-30 21:49:53.707526,64.3379287719727
AI1903,Fall 2025,Literature Review,1,31,1741,12,19.4804000854492,2026-05-14 21:49:53.707770,73.9790878295898
AI1904,Fall 2026,Literature Review,0,74,1559,7,15.7574033737183,2026-07-14 21:49:53.708023,72.5467071533203
AI1905,Fall 2026,Case Study,0,49,1179,11,15.9754695892334,2026-07-23 21:49:53.708288,94.9857940673828
AI1906,Fall 2026,Essay,1,66,2324,4,17.2603397369385,2026-08-25 21:49:53.708551,78.1418533325195
AI1907,Spring 2026,Lab Report,0,17,1408,10,41.7907028198242,2026-05-15 21:49:53.708800,61.7206344604492
AI1908,Fall 2025,Essay,0,37,1094,6,44.7557067871094,2026-04-25 21:49:53.709047,75.2937469482422
AI1909,Summer 2026,Lab Report,0,30,895,8,61.5514488220215,2026-07-21 21:49:53.709293,53.8230628967285
AI1910,Fall 2026,Research Paper,1,57,1352,9,11.8856248855591,2026-06-23 21:49:53.709532,76.7527008056641
AI1911,Summer 2026,Research Paper,0,36,1619,7,51.5738792419434,2026-09-04 21:49:53.709778,83.651237487793
AI1912,Fall 2026,Lab Report,0,42,1522,13,45.892162322998,2026-08-03 21:49:53.710023,81.9298858642578
AI1913,Summer 2026,Research Paper,0,50,1099,6,19.213565826416,2026-04-04 21:49:53.710305,78.6317520141602
AI1914,Fall 2026,Research Paper,0,54,1290,14,15.6831979751587,2026-06-02 21:49:53.710565,59.5650062561035
AI1915,Summer 2026,Essay,1,45,1734,10,44.6671981811523,2026-06-22 21:49:53.710808,74.9428405761719
AI1916,Fall 2026,Lab Report,1,36,1702,4,63.4387702941895,2026-07-24 21:49:53.711066,77.0866394042969
AI1917,Fall 2026,Case Study,0,42,1470,4,38.4865455627441,2026-07-16 21:49:53.711342,86.5277786254883
AI1918,Fall 2026,Lab Report,1,27,1484,5,11.4093427658081,2026-07-21 21:49:53.711590,74.1630096435547
AI1919,Fall 2026,Essay,1,62,1600,12,43.6181831359863,2026-05-01 21:49:53.711846,71.0230865478516
AI1920,Summer 2026,Essay,1,56,1350,14,60.0918159484863,2026-07-28 21:49:53.712113,80.5317535400391
AI1921,Fall 2026,Research Paper,1,56,1667,9,58.9267272949219,2026-08-31 21:49:53.712377,79.8749847412109
AI1922,Summer 2026,Essay,1,52,1536,10,23.8689460754395,2026-06-08 21:49:53.712627,79.8095626831055
AI1923,Fall 2026,Literature Review,1,63,1189,7,24.4263858795166,2026-07-01 21:49:53.712880,77.8634490966797
AI1924,Fall 2026,Literature Review,0,64,799,5,27.1791915893555,2026-07-01 21:49:53.713344,75.1850128173828
AI1925,Summer 2026,Case Study,0,38,1420,6,44.9208679199219,2026-03-17 21:49:53.713716,68.4359817504883
AI1926,Summer 2026,Essay,1,52,1817,11,44.825984954834,2026-04-30 21:49:53.713990,84.0689544677734
AI1927,Fall 2026,Research Paper,1,63,1380,7,27.0478820800781,2026-03-26 21:49:53.714280,77.2569961547852
AI1928,Spring 2026,Lab Report,1,22,1111,8,25.6268882751465,2026-05-25 21:49:53.714560,77.7323989868164
AI1929,Fall 2026,Case Study,1,46,1630,6,19.596736907959,2026-07-20 21:49:53.714812,78.6394729614258
AI1930,Summer 2026,Essay,1,46,1200,10,44.9918327331543,2026-04-27 21:49:53.715069,79.1984329223633
AI1931,Summer 2026,Lab Report,0,28,773,6,32.0753746032715,2026-05-29 21:49:53.715320,75.6324844360352
AI1932,Fall 2026,Research Paper,0,43,1220,9,13.7132110595703,2026-06-22 21:49:53.715563,62.7956962585449
AI1933,Summer 2026,Case Study,0,29,1983,5,63.9286270141602,2026-08-23 21:49:53.715805,56.4284591674805
AI1934,Spring 2026,Literature Review,0,56,1668,8,22.0083026885986,2026-07-22 21:49:53.716053,95.1831588745117
AI1935,Spring 2026,Lab Report,0,16,1269,4,45.287296295166,2026-05-27 21:49:53.716480,70.972770690918
AI1936,Fall 2025,Literature Review,0,38,1128,8,44.2962493896484,2026-05-23 21:49:53.717089,59.4340324401855
AI1937,Spring 2026,Research Paper,0,30,1931,13,10.8105926513672,2026-05-15 21:49:53.717676,64.9490661621094
AI1938,Fall 2026,Essay,1,67,1269,8,29.2713165283203,2026-08-12 21:49:53.718145,76.8533554077148
AI1939,Fall 2026,Literature Review,1,59,1141,4,21.8530502319336,2026-03-12 21:49:53.718621,76.6299133300781
AI1940,Spring 2026,Literature Review,1,49,1252,6,61.7578659057617,2026-06-16 21:49:53.718924,75.3698806762695
AI1941,Spring 2026,Lab Report,0,27,1407,7,28.4184322357178,2026-04-16 21:49:53.719197,68.7668304443359
AI1942,Fall 2026,Research Paper,0,54,824,10,46.5302886962891,2026-04-15 21:49:53.719473,79.2727890014648
AI1943,Fall 2025,Literature Review,1,30,1571,9,53.3537750244141,2026-05-02 21:49:53.719727,73.3718643188477
AI1944,Summer 2026,Essay,1,51,1459,6,32.2308807373047,2026-05-01 21:49:53.719981,79.7107696533203
AI1945,Summer 2026,Research Paper,0,50,1690,3,48.3615493774414,2026-08-28 21:49:53.720247,81.3475036621094
AI1946,Spring 2026,Research Paper,1,33,1729,5,4.66856908798218,2026-03-21 21:49:53.720495,69.9499130249023
AI1947,Fall 2026,Essay,1,59,897,8,43.7397193908691,2026-08-07 21:49:53.720750,86.7530746459961
AI1948,Spring 2026,Case Study,1,32,1236,7,14.4630832672119,2026-06-20 21:49:53.721058,88.9771347045898
AI1949,Summer 2026,Research Paper,1,46,1382,4,24.4439239501953,2026-06-28 21:49:53.721331,80.3741073608398
AI1950,Fall 2026,Case Study,0,44,2127,1,27.9692878723145,2026-05-22 21:49:53.721583,57.543888092041
AI1951,Fall 2025,Essay,0,29,1109,7,20.8539333343506,2026-05-11 21:49:53.721846,100
AI1952,Fall 2026,Literature Review,0,52,1961,9,16.0307235717773,2026-06-02 21:49:53.722138,62.8932952880859
AI1953,Spring 2026,Case Study,0,32,1891,10,40.6635398864746,2026-06-07 21:49:53.722388,79.8989334106445
AI1954,Spring 2026,Essay,0,41,1544,12,38.1212539672852,2026-03-19 21:49:53.722660,65.5190353393555
AI1955,Summer 2026,Literature Review,1,63,1821,9,10.9791564941406,2026-05-19 21:49:53.722916,75.9126281738281
AI1956,Fall 2025,Case Study,0,11,1230,4,23.9640560150146,2026-07-02 21:49:53.723173,62.0424423217773
AI1957,Fall 2026,Literature Review,1,65,2406,5,40.9460983276367,2026-04-04 21:49:53.723417,81.0469589233398
AI1958,Summer 2026,Research Paper,0,32,1393,7,30.824686050415,2026-05-11 21:49:53.723667,77.8027267456055
AI1959,Fall 2026,Lab Report,1,45,1454,6,44.4100799560547,2026-07-17 21:49:53.723935,74.5620880126953
AI1960,Fall 2025,Case Study,1,29,886,8,52.7122917175293,2026-07-06 21:49:53.724191,77.3653182983398
AI1961,Fall 2025,Essay,1,33,1164,9,44.8488349914551,2026-04-14 21:49:53.724439,76.8849792480469
AI1962,Summer 2026,Essay,1,54,1268,10,5.42467880249023,2026-09-05 21:49:53.724686,77.0864105224609
AI1963,Spring 2026,Case Study,1,17,1502,3,42.0839614868164,2026-08-20 21:49:53.724933,81.389518737793
AI1964,Fall 2026,Lab Report,0,36,1534,3,11.8837509155273,2026-08-11 21:49:53.725224,73.203483581543
AI1965,Spring 2026,Literature Review,0,49,1414,7,15.2256126403809,2026-07-22 21:49:53.725555,81.5181884765625
AI1966,Summer 2026,Essay,1,48,1503,11,57.9020118713379,2026-06-15 21:49:53.725802,80.2668304443359
AI1967,Fall 2026,Research Paper,0,57,2094,8,51.1651840209961,2026-06-30 21:49:53.726084,62.7228889465332
AI1968,Fall 2025,Literature Review,0,34,1588,7,19.8017444610596,2026-07-06 21:49:53.726330,73.073127746582
AI1969,Fall 2026,Literature Review,0,65,690,7,31.8172340393066,2026-07-20 21:49:53.726571,74.3273849487305
AI1970,Spring 2026,Case Study,0,23,1363,8,56.387149810791,2026-08-15 21:49:53.726814,75.4260482788086
AI1971,Fall 2026,Case Study,0,41,1757,12,42.3974914550781,2026-07-01 21:49:53.727062,74.0212249755859
AI1972,Summer 2026,Lab Report,0,29,1817,6,36.3057632446289,2026-09-07 21:49:53.727306,63.7424430847168
AI1973,Summer 2026,Essay,0,58,430,8,9.12378025054932,2026-08-18 21:49:53.727551,66.8976364135742
AI1974,Summer 2026,Essay,1,51,1011,6,7.35950565338135,2026-04-23 21:49:53.727792,79.9581527709961
AI1975,Spring 2026,Research Paper,0,41,1510,5,30.1899433135986,2026-04-25 21:49:53.728044,83.2282104492188
AI1976,Spring 2026,Lab Report,1,24,2555,5,28.9218597412109,2026-05-23 21:49:53.728287,84.4459991455078
AI1977,Spring 2026,Literature Review,1,42,1388,11,19.1333560943604,2026-05-14 21:49:53.728534,79.7982025146484
AI1978,Spring 2026,Essay,0,43,1317,9,14.6757984161377,2026-07-01 21:49:53.728795,78.7236175537109
AI1979,Summer 2026,Case Study,0,30,1019,6,13.8950214385986,2026-09-06 21:49:53.729045,40.1349449157715
AI1980,Fall 2026,Case Study,0,50,2237,11,47.4326171875,2026-09-05 21:49:53.729292,83.0857009887695
AI1981,Summer 2026,Research Paper,1,52,1670,7,28.3804168701172,2026-08-20 21:49:53.729535,78.1703186035156
AI1982,Fall 2026,Lab Report,0,38,1285,5,48.8974761962891,2026-07-17 21:49:53.730209,58.2896041870117
AI1983,Spring 2026,Essay,0,54,1738,7,17.6909866333008,2026-05-09 21:49:53.730722,71.3565673828125
AI1984,Summer 2026,Essay,0,51,1392,3,43.6027603149414,2026-07-11 21:49:53.731230,55.4607124328613
AI1985,Summer 2026,Case Study,1,38,2395,10,47.662769317627,2026-08-05 21:49:53.731604,82.6728515625
AI1986,Fall 2026,Lab Report,1,42,800,9,25.1990184783936,2026-03-26 21:49:53.731893,72.3902587890625
AI1987,Summer 2026,Lab Report,1,42,939,7,32.9531288146973,2026-04-28 21:49:53.732299,78.394660949707
AI1988,Fall 2026,Case Study,1,50,1837,9,14.108715057373,2026-06-30 21:49:53.732721,70.8016738891602
AI1989,Fall 2026,Research Paper,0,57,1951,8,46.3995246887207,2026-03-22 21:49:53.733333,99.3021774291992
AI1990,Fall 2025,Case Study,0,16,1497,13,59.7946090698242,2026-07-15 21:49:53.733669,68.5651016235352
AI1991,Fall 2026,Lab Report,1,47,1297,8,51.6332969665527,2026-03-26 21:49:53.733938,83.4832000732422
AI1992,Summer 2026,Lab Report,0,20,1753,6,27.3250274658203,2026-07-23 21:49:53.734202,53.2117156982422
AI1993,Fall 2025,Case Study,0,5,1262,6,26.476318359375,2026-05-15 21:49:53.734479,84.2524795532227
AI1994,Fall 2026,Research Paper,0,59,1001,7,29.3985271453857,2026-05-17 21:49:53.734733,61.9852828979492
AI1995,Fall 2026,Research Paper,1,63,1614,13,45.8390464782715,2026-05-30 21:49:53.734989,80.3009643554688
AI1996,Fall 2025,Lab Report,0,0,1698,5,60.3132972717285,2026-08-31 21:49:53.735250,92.083740234375
AI1997,Fall 2025,Literature Review,1,43,1466,6,13.2551345825195,2026-08-21 21:49:53.735495,73.2516021728516
AI1998,Fall 2026,Literature Review,0,65,1555,14,30.0611305236816,2026-08-22 21:49:53.735764,79.4678802490234
AI1999,Fall 2026,Essay,1,60,439,3,17.9837970733643,2026-07-10 21:49:53.736021,77.6072311401367
AI2000,Fall 2026,Essay,1,53,2162,10,2.89270401000977,2026-07-29 21:49:53.736276,65.4521331787109
AI2001,Summer 2026,Research Paper,0,41,1547,5,33.908275604248,2026-08-31 21:49:53.736522,73.2695159912109
AI2002,Fall 2026,Essay,0,66,2107,6,23.4601650238037,2026-04-05 21:49:53.736812,75.928825378418
AI2003,Fall 2026,Literature Review,1,71,1240,7,60.9559745788574,2026-03-25 21:49:53.737089,77.6830902099609
AI2004,Fall 2026,Case Study,0,46,1343,11,48.0496139526367,2026-06-05 21:49:53.737368,85.1083221435547
AI2005,Fall 2026,Research Paper,1,58,1174,10,9.15294647216797,2026-04-08 21:49:53.737626,77.304084777832
AI2006,Spring 2026,Lab Report,0,18,1247,3,38.5592842102051,2026-07-11 21:49:53.737872,99.9974746704102
AI2007,Summer 2026,Essay,0,46,1911,3,50.3571281433105,2026-06-02 21:49:53.738122,91.1827774047852
AI2008,Spring 2026,Lab Report,0,17,1446,6,33.8072395324707,2026-08-08 21:49:53.738373,50.2947044372559
AI2009,Fall 2026,Essay,1,52,1557,10,24.733154296875,2026-05-05 21:49:53.738621,77.615837097168
AI2010,Fall 2025,Lab Report,0,4,1915,7,20.3036346435547,2026-05-07 21:49:53.738902,73.4961166381836
AI2011,Fall 2026,Essay,1,69,1720,10,27.226957321167,2026-04-12 21:49:53.739168,73.9804840087891
AI2012,Summer 2026,Research Paper,1,47,2441,4,25.7700729370117,2026-07-22 21:49:53.739422,84.2162780761719
AI2013,Fall 2026,Literature Review,1,69,1339,12,26.1290512084961,2026-07-09 21:49:53.739698,86.7444458007813
AI2014,Fall 2026,Essay,1,62,1687,12,51.3986587524414,2026-08-28 21:49:53.739992,71.3418350219727
AI2015,Summer 2026,Lab Report,1,43,1531,6,29.7444496154785,2026-06-16 21:49:53.740274,76.1166687011719
AI2016,Fall 2026,Research Paper,1,58,1489,8,36.561695098877,2026-07-24 21:49:53.740541,75.5890655517578
AI2017,Spring 2026,Research Paper,1,35,1694,13,26.836311340332,2026-05-12 21:49:53.740832,87.0177841186523
AI2018,Fall 2025,Research Paper,0,22,1664,13,48.9794807434082,2026-04-21 21:49:53.741098,57.3594436645508
AI2019,Fall 2026,Literature Review,1,75,1423,7,27.5420436859131,2026-04-25 21:49:53.741379,71.4879531860352
AI2020,Fall 2025,Lab Report,0,12,1983,9,13.4283151626587,2026-08-02 21:49:53.741634,77.9867630004883
AI2021,Fall 2026,Research Paper,0,50,1671,5,4.23582935333252,2026-05-01 21:49:53.741876,68.6955337524414
AI2022,Summer 2026,Lab Report,0,34,2049,10,6.96740198135376,2026-04-24 21:49:53.742126,66.8960952758789
AI2023,Fall 2025,Research Paper,1,24,1718,13,61.8300704956055,2026-04-04 21:49:53.742370,67.6547622680664
AI2024,Fall 2025,Case Study,1,15,1807,10,35.0682487487793,2026-04-05 21:49:53.742619,78.4209671020508
AI2025,Spring 2026,Essay,0,39,1835,8,55.509765625,2026-07-23 21:49:53.742867,83.4053497314453
AI2026,Summer 2026,Case Study,0,38,1227,6,18.8065071105957,2026-07-05 21:49:53.743128,72.2590637207031
AI2027,Fall 2026,Case Study,0,43,1583,7,38.5148124694824,2026-06-25 21:49:53.743422,71.4251174926758
AI2028,Fall 2026,Essay,0,53,1476,8,26.0386257171631,2026-08-25 21:49:53.743669,64.4706802368164
AI2029,Summer 2026,Literature Review,1,63,1342,15,63.7418746948242,2026-04-05 21:49:53.743914,80.4026336669922
AI2030,Fall 2026,Lab Report,1,38,1915,4,64.813591003418,2026-03-14 21:49:53.744203,75.68701171875
AI2031,Fall 2026,Literature Review,1,71,1921,6,55.5607032775879,2026-06-19 21:49:53.744459,80.5713043212891
AI2032,Fall 2026,Lab Report,0,35,2045,8,23.7082233428955,2026-06-20 21:49:53.744708,71.9301681518555
AI2033,Spring 2026,Literature Review,0,32,1912,4,45.5023651123047,2026-07-11 21:49:53.744954,84.8971786499023
AI2034,Fall 2026,Lab Report,0,39,2171,7,42.7995796203613,2026-03-15 21:49:53.745207,65.861198425293
AI2035,Fall 2026,Lab Report,0,37,1176,11,35.924259185791,2026-08-06 21:49:53.745450,63.2474632263184
AI2036,Summer 2026,Essay,1,50,2061,13,24.2637195587158,2026-04-05 21:49:53.745701,79.802375793457
AI2037,Fall 2026,Essay,0,64,1280,11,20.9033794403076,2026-05-04 21:49:53.745974,75.0632934570313
AI2038,Summer 2026,Lab Report,0,42,1283,10,6.16860389709473,2026-04-23 21:49:53.746245,82.738639831543
AI2039,Fall 2025,Case Study,0,15,1685,8,19.4042949676514,2026-07-09 21:49:53.746842,63.9399108886719
AI2040,Fall 2026,Case Study,0,42,1293,3,23.3522415161133,2026-05-26 21:49:53.747356,71.6242828369141
AI2041,Fall 2026,Literature Review,1,65,1828,6,39.8134765625,2026-07-29 21:49:53.747730,80.9321670532227
AI2042,Fall 2026,Literature Review,1,61,900,8,30.1698188781738,2026-04-17 21:49:53.748544,78.3073959350586
AI2043,Spring 2026,Lab Report,0,19,1623,10,30.0490550994873,2026-08-27 21:49:53.749109,99.24853515625
AI2044,Spring 2026,Research Paper,0,33,1482,8,43.1251831054688,2026-04-01 21:49:53.749949,79.5644607543945
AI2045,Fall 2025,Research Paper,1,24,1504,13,30.320858001709,2026-07-11 21:49:53.750480,80.8357009887695
AI2046,Spring 2026,Research Paper,0,38,1022,12,27.5804672241211,2026-07-02 21:49:53.751184,71.419563293457
AI2047,Summer 2026,Essay,1,47,1616,8,4.34475994110107,2026-08-22 21:49:53.751685,73.675178527832
AI2048,Spring 2026,Lab Report,1,23,1983,4,53.9153442382813,2026-04-22 21:49:53.752028,79.118293762207
AI2049,Spring 2026,Literature Review,0,43,970,11,59.7904319763184,2026-08-24 21:49:53.752287,74.4652557373047
AI2050,Summer 2026,Case Study,0,31,1827,5,22.3270473480225,2026-03-24 21:49:53.752538,65.0578384399414
AI2051,Fall 2026,Essay,0,68,1332,9,76.9970321655273,2026-05-06 21:49:53.752786,59.9978065490723
AI2052,Fall 2025,Literature Review,1,29,1178,10,22.2975635528564,2026-07-03 21:49:53.753037,75.8898773193359
AI2053,Summer 2026,Research Paper,0,53,1407,8,45.2739944458008,2026-03-31 21:49:53.753702,68.4440383911133
AI2054,Fall 2026,Literature Review,0,69,932,8,29.9829216003418,2026-06-25 21:49:53.754032,77.2429656982422
AI2055,Fall 2026,Essay,0,61,1441,8,29.5584392547607,2026-06-26 21:49:53.754282,94.4184112548828
AI2056,Fall 2025,Essay,0,30,1607,4,43.2805213928223,2026-05-01 21:49:53.754553,64.7043228149414
AI2057,Spring 2026,Literature Review,0,48,1164,7,31.9882392883301,2026-04-30 21:49:53.754797,86.3917465209961
AI2058,Summer 2026,Research Paper,0,50,1803,7,24.9310874938965,2026-05-13 21:49:53.755045,77.4190368652344
AI2059,Spring 2026,Case Study,0,32,1196,7,39.5479927062988,2026-03-14 21:49:53.755289,83.0815887451172
AI2060,Fall 2026,Essay,0,64,1204,7,30.3997821807861,2026-06-24 21:49:53.755534,65.7506790161133
AI2061,Fall 2026,Essay,0,63,1454,10,52.8550300598145,2026-05-27 21:49:53.755784,54.9948120117188
AI2062,Summer 2026,Essay,0,45,1814,9,13.3104400634766,2026-06-21 21:49:53.756035,75.5588760375977
AI2063,Fall 2026,Lab Report,0,35,1727,7,25.7978897094727,2026-07-09 21:49:53.756281,67.23583984375
AI2064,Fall 2026,Lab Report,1,52,1752,7,8.17097473144531,2026-07-26 21:49:53.756528,74.5829620361328
AI2065,Summer 2026,Research Paper,0,41,1588,7,39.4181976318359,2026-05-13 21:49:53.756792,81.2594985961914
AI2066,Summer 2026,Lab Report,1,31,1793,7,24.0727863311768,2026-09-01 21:49:53.757229,87.5746002197266
AI2067,Summer 2026,Literature Review,0,55,1584,7,12.1977272033691,2026-08-14 21:49:53.757819,86.3613891601563
AI2068,Summer 2026,Case Study,0,25,922,8,41.1476364135742,2026-05-19 21:49:53.758457,73.9256820678711
AI2069,Fall 2025,Research Paper,0,28,2603,8,43.1802825927734,2026-06-18 21:49:53.758895,82.5569915771484
AI2070,Fall 2026,Lab Report,0,31,1534,12,60.0852737426758,2026-06-15 21:49:53.759423,97.0507659912109
AI2071,Spring 2026,Literature Review,1,47,1653,11,27.6814117431641,2026-06-17 21:49:53.759941,79.0693054199219
AI2072,Spring 2026,Lab Report,0,31,1671,8,66.9877243041992,2026-08-26 21:49:53.760475,86.3317031860352
AI2073,Spring 2026,Case Study,0,31,1301,8,34.7399253845215,2026-03-17 21:49:53.760968,73.6503372192383
AI2074,Fall 2025,Lab Report,0,9,1016,7,11.0723257064819,2026-07-10 21:49:53.761423,65.0131607055664
AI2075,Spring 2026,Literature Review,0,51,356,10,27.3220558166504,2026-07-30 21:49:53.761813,82.5478591918945
AI2076,Fall 2026,Research Paper,0,55,2092,11,34.6985969543457,2026-04-24 21:49:53.762176,81.7532653808594
AI2077,Fall 2026,Lab Report,0,43,1475,9,50.2705383300781,2026-08-27 21:49:53.762488,94.7336807250977
AI2078,Fall 2026,Lab Report,1,38,2060,11,16.4840145111084,2026-03-31 21:49:53.762788,87.7574081420898
AI2079,Spring 2026,Essay,1,43,1493,11,9.74390888214111,2026-08-06 21:49:53.763698,76.3651885986328
AI2080,Fall 2026,Case Study,1,46,1351,7,40.4843063354492,2026-08-10 21:49:53.764814,87.4187927246094
AI2081,Summer 2026,Lab Report,0,24,1439,7,20.2223625183105,2026-07-29 21:49:53.765229,60.7837409973145
AI2082,Fall 2026,Case Study,0,52,1185,10,38.9526329040527,2026-07-19 21:49:53.765485,81.1365051269531
AI2083,Fall 2025,Essay,1,33,1832,12,19.766622543335,2026-09-01 21:49:53.765773,81.4620742797852
AI2084,Fall 2025,Research Paper,0,21,1861,7,36.844596862793,2026-09-05 21:49:53.766264,72.2397842407227
AI2085,Spring 2026,Research Paper,0,35,1632,7,36.4798431396484,2026-07-11 21:49:53.767154,76.1679458618164
AI2086,Fall 2026,Literature Review,1,64,1726,11,43.9543533325195,2026-05-09 21:49:53.767572,73.157470703125
AI2087,Fall 2026,Research Paper,1,59,1491,5,57.2428092956543,2026-05-26 21:49:53.767916,89.3977279663086
AI2088,Summer 2026,Essay,1,58,1204,8,3.05996036529541,2026-07-27 21:49:53.768906,77.2692031860352
AI2089,Fall 2026,Lab Report,0,30,1779,5,50.8465423583984,2026-05-10 21:49:53.769461,85.7754592895508
AI2090,Summer 2026,Research Paper,1,42,1070,6,24.6909008026123,2026-06-08 21:49:53.770043,88.3388442993164
AI2091,Summer 2026,Essay,1,56,2050,7,60.5116310119629,2026-09-05 21:49:53.770540,66.027229309082
AI2092,Spring 2026,Lab Report,1,23,2118,9,13.3970851898193,2026-06-15 21:49:53.771042,69.1419067382813
AI2093,Summer 2026,Research Paper,1,43,1518,7,11.4609909057617,2026-07-05 21:49:53.771528,76.7461929321289
AI2094,Fall 2026,Research Paper,0,59,1345,6,27.0856895446777,2026-03-16 21:49:53.772328,68.5247268676758
AI2095,Fall 2026,Lab Report,1,40,1840,6,18.047477722168,2026-08-24 21:49:53.773162,82.0969467163086
AI2096,Fall 2025,Literature Review,1,35,1549,4,62.500846862793,2026-08-13 21:49:53.773782,70.7972183227539
AI2097,Spring 2026,Research Paper,0,32,1607,11,41.9688491821289,2026-04-04 21:49:53.774288,89.3031921386719
AI2098,Fall 2026,Lab Report,1,41,1882,0,17.437255859375,2026-03-26 21:49:53.774738,74.2536697387695
AI2099,Fall 2026,Literature Review,0,72,1635,6,50.1835975646973,2026-06-09 21:49:53.775374,73.1404266357422
AI2100,Fall 2026,Literature Review,1,71,1903,6,52.6223754882813,2026-06-30 21:49:53.775744,75.8119277954102
AI2101,Fall 2026,Essay,1,61,1435,11,52.9302635192871,2026-03-29 21:49:53.776009,83.3299179077148
AI2102,Spring 2026,Case Study,0,26,2174,17,4.34065008163452,2026-07-18 21:49:53.776267,86.4297943115234
AI2103,Fall 2026,Lab Report,1,38,1796,9,34.3063125610352,2026-06-05 21:49:53.776511,77.6693344116211
AI2104,Spring 2026,Essay,0,38,1935,11,3.3650963306427,2026-06-29 21:49:53.776790,71.4076385498047
AI2105,Fall 2026,Literature Review,0,69,1087,13,33.7187652587891,2026-06-26 21:49:53.777044,74.8070068359375
AI2106,Fall 2026,Research Paper,0,59,1579,5,54.7159957885742,2026-07-03 21:49:53.777289,48.4133262634277
AI2107,Fall 2026,Research Paper,1,60,1214,9,11.3880748748779,2026-09-07 21:49:53.777531,72.2324142456055
AI2108,Summer 2026,Case Study,0,27,1264,8,52.0213165283203,2026-07-22 21:49:53.777777,77.038932800293
AI2109,Summer 2026,Literature Review,1,63,1676,6,11.207576751709,2026-03-26 21:49:53.778025,81.9352493286133
AI2110,Fall 2025,Essay,0,29,1181,10,46.4747352600098,2026-07-22 21:49:53.778274,100
AI2111,Fall 2025,Case Study,0,11,2283,9,58.0270347595215,2026-05-19 21:49:53.778515,64.3063430786133
AI2112,Fall 2026,Literature Review,0,63,1562,8,9.29845428466797,2026-04-30 21:49:53.778757,46.0239868164063
AI2113,Fall 2026,Research Paper,1,54,1386,12,9.13404655456543,2026-05-27 21:49:53.779003,66.5932922363281
AI2114,Fall 2026,Essay,1,61,1243,4,28.4119091033936,2026-06-12 21:49:53.779254,80.0658798217773
AI2115,Summer 2026,Essay,0,57,1954,8,28.001989364624,2026-05-19 21:49:53.779521,86.8531265258789
AI2116,Fall 2026,Lab Report,0,39,1660,11,30.7039623260498,2026-06-19 21:49:53.780303,75.7113342285156
AI2117,Fall 2026,Essay,0,60,1114,3,10.641526222229,2026-06-07 21:49:53.781491,71.399299621582
AI2118,Fall 2026,Literature Review,1,57,1676,6,22.3756351470947,2026-05-30 21:49:53.781882,85.4015731811523
AI2119,Fall 2026,Essay,0,56,1272,6,18.7438488006592,2026-07-02 21:49:53.782164,95.8646850585938
AI2120,Fall 2025,Case Study,0,7,1599,13,41.675651550293,2026-07-03 21:49:53.782468,76.3830947875977
AI2121,Fall 2026,Essay,1,57,1256,6,5.78414058685303,2026-03-22 21:49:53.782898,73.9316787719727
AI2122,Fall 2026,Case Study,1,49,1207,6,59.7797775268555,2026-05-12 21:49:53.783817,71.0199890136719
AI2123,Fall 2026,Literature Review,0,71,1716,3,55.5216293334961,2026-07-16 21:49:53.784366,58.6056022644043
AI2124,Fall 2026,Research Paper,0,61,1287,12,46.3219184875488,2026-07-31 21:49:53.785086,64.668815612793
AI2125,Fall 2026,Lab Report,0,39,1193,5,10.9914932250977,2026-05-15 21:49:53.785600,83.9240417480469
AI2126,Spring 2026,Case Study,0,24,1346,5,1.3960930109024,2026-05-11 21:49:53.786083,84.8388977050781
AI2127,Summer 2026,Case Study,1,34,1519,7,30.3685321807861,2026-04-23 21:49:53.786552,81.0950164794922
AI2128,Fall 2026,Literature Review,1,69,1604,5,27.2099914550781,2026-06-02 21:49:53.787037,82.9175872802734
AI2129,Fall 2025,Case Study,1,19,1370,8,38.1233062744141,2026-07-25 21:49:53.787512,86.4290084838867
AI2130,Spring 2026,Case Study,0,19,1857,7,48.5922966003418,2026-06-20 21:49:53.787985,87.1889495849609
AI2131,Fall 2026,Lab Report,0,37,874,7,28.12282371521,2026-05-19 21:49:53.788435,71.1650695800781
AI2132,Fall 2026,Essay,1,68,1699,10,80.4669799804688,2026-05-30 21:49:53.788875,81.2205429077148
AI2133,Fall 2026,Case Study,0,38,1516,6,37.8939895629883,2026-09-01 21:49:53.789686,78.9460144042969
AI2134,Spring 2026,Research Paper,1,38,1655,10,53.6443786621094,2026-07-25 21:49:53.790259,72.1076736450195
AI2135,Fall 2026,Case Study,1,41,1182,10,37.114429473877,2026-03-26 21:49:53.790994,91.0584564208984
AI2136,Fall 2026,Literature Review,1,63,1086,5,58.1201629638672,2026-08-12 21:49:53.791352,80.0711898803711
AI2137,Spring 2026,Essay,1,39,1753,10,29.9246520996094,2026-04-24 21:49:53.791642,81.7646865844727
AI2138,Summer 2026,Research Paper,0,44,952,6,47.1411018371582,2026-03-17 21:49:53.791986,72.7706680297852
AI2139,Fall 2026,Literature Review,1,69,2092,6,12.221586227417,2026-03-28 21:49:53.792319,79.371223449707
AI2140,Spring 2026,Research Paper,0,36,1618,6,62.3996849060059,2026-03-20 21:49:53.792658,73.3829879760742
AI2141,Spring 2026,Essay,1,41,2031,9,44.6616630554199,2026-07-16 21:49:53.792908,77.6023635864258
AI2142,Fall 2026,Lab Report,1,38,1467,7,48.9615211486816,2026-05-15 21:49:53.793169,75.3957901000977
AI2143,Summer 2026,Research Paper,1,46,1237,11,39.0620498657227,2026-05-19 21:49:53.793417,67.9874649047852
AI2144,Spring 2026,Literature Review,1,44,1416,11,46.0927810668945,2026-08-12 21:49:53.793690,76.5988006591797
AI2145,Fall 2026,Literature Review,1,66,1950,10,35.1603851318359,2026-06-30 21:49:53.793943,78.2395553588867
AI2146,Spring 2026,Research Paper,0,31,1415,7,42.1114616394043,2026-08-17 21:49:53.794205,67.4669799804688
AI2147,Summer 2026,Case Study,1,41,1825,8,10.4792146682739,2026-06-23 21:49:53.794450,76.8231430053711
AI2148,Fall 2026,Lab Report,1,45,1420,9,36.7426452636719,2026-05-21 21:49:53.794700,69.7177734375
AI2149,Spring 2026,Literature Review,1,46,1534,4,44.9234809875488,2026-07-01 21:49:53.794951,79.5986099243164
AI2150,Fall 2026,Literature Review,1,68,1201,7,27.885066986084,2026-06-05 21:49:53.795200,76.0208969116211
AI2151,Summer 2026,Literature Review,0,53,2082,6,61.9331245422363,2026-03-14 21:49:53.795449,75.4105834960938
AI2152,Fall 2026,Lab Report,1,29,1038,11,49.3087997436523,2026-05-11 21:49:53.795689,71.3887023925781
AI2153,Fall 2026,Essay,1,62,1462,16,77.989372253418,2026-04-04 21:49:53.795934,70.7047958374023
AI2154,Summer 2026,Literature Review,1,63,1650,9,50.8623085021973,2026-04-11 21:49:53.796265,77.2223968505859
AI2155,Summer 2026,Essay,1,48,942,5,30.7686386108398,2026-07-12 21:49:53.796801,76.7845153808594
AI2156,Fall 2026,Essay,0,69,2066,7,66.0219879150391,2026-07-15 21:49:53.797139,70.9266586303711
AI2157,Fall 2026,Literature Review,1,67,1493,7,47.5305252075195,2026-07-16 21:49:53.797430,83.9812469482422
AI2158,Fall 2026,Research Paper,0,55,2337,16,78.7188186645508,2026-07-20 21:49:53.797821,70.7964096069336
AI2159,Spring 2026,Lab Report,0,20,2086,12,35.4399642944336,2026-06-26 21:49:53.798078,64.5576019287109
AI2160,Spring 2026,Lab Report,0,26,1045,6,51.5611763000488,2026-03-28 21:49:53.798321,43.8270874023438
AI2161,Fall 2025,Lab Report,1,11,1153,7,22.0068798065186,2026-06-04 21:49:53.798561,80.3645401000977
AI2162,Fall 2025,Research Paper,1,21,1555,3,33.5760383605957,2026-05-24 21:49:53.798810,82.392951965332
AI2163,Spring 2026,Essay,1,47,1678,16,58.3394050598145,2026-05-23 21:49:53.799061,81.3465805053711
AI2164,Fall 2026,Essay,0,53,1799,11,70.3939666748047,2026-07-20 21:49:53.799330,60.3298263549805
AI2165,Summer 2026,Case Study,0,41,1900,5,54.7162475585938,2026-06-07 21:49:53.799635,81.5596694946289
AI2166,Spring 2026,Lab Report,1,27,1512,4,23.040901184082,2026-07-13 21:49:53.800059,85.2761154174805
AI2167,Spring 2026,Case Study,1,35,1248,10,41.1076431274414,2026-08-17 21:49:53.800527,75.5576553344727
AI2168,Fall 2026,Essay,0,60,1799,11,22.6779384613037,2026-07-11 21:49:53.801203,85.2231750488281
AI2169,Fall 2026,Essay,0,55,1937,10,55.4668922424316,2026-05-09 21:49:53.801868,71.8158798217773
AI2170,Spring 2026,Lab Report,1,19,1728,7,30.6389846801758,2026-09-02 21:49:53.802385,90.5349273681641
AI2171,Fall 2026,Case Study,0,59,1439,8,32.1634368896484,2026-05-28 21:49:53.802862,80.3398742675781
AI2172,Fall 2026,Essay,1,64,1593,10,65.2988204956055,2026-05-17 21:49:53.803306,66.7367248535156
AI2173,Summer 2026,Essay,0,51,1343,7,13.4640378952026,2026-05-01 21:49:53.804083,87.9148788452148
AI2174,Spring 2026,Lab Report,0,25,2458,5,48.6524238586426,2026-04-04 21:49:53.804606,91.3208465576172
AI2175,Summer 2026,Essay,0,55,1572,17,58.4579658508301,2026-08-14 21:49:53.805206,90.4854354858398
AI2176,Spring 2026,Case Study,1,26,2179,7,26.1174640655518,2026-04-16 21:49:53.805640,74.7916717529297
AI2177,Spring 2026,Research Paper,1,37,869,8,32.1175384521484,2026-06-20 21:49:53.805899,69.4228897094727
AI2178,Fall 2026,Literature Review,0,54,1683,4,46.9016876220703,2026-04-27 21:49:53.806160,80.4628372192383
AI2179,Fall 2026,Essay,1,65,1162,10,25.2650947570801,2026-07-20 21:49:53.806407,68.7690658569336
AI2180,Summer 2026,Case Study,0,35,1477,6,21.8203945159912,2026-04-17 21:49:53.806663,70.6261749267578
AI2181,Fall 2025,Literature Review,0,36,1559,12,21.0293655395508,2026-05-17 21:49:53.806917,73.9728164672852
AI2182,Spring 2026,Essay,1,39,1260,10,30.9041328430176,2026-03-21 21:49:53.807180,81.2558517456055
AI2183,Spring 2026,Essay,0,44,1383,9,58.8201751708984,2026-07-19 21:49:53.807438,90.0771408081055
AI2184,Summer 2026,Research Paper,1,41,2283,6,43.9805717468262,2026-08-25 21:49:53.807683,79.431526184082
AI2185,Fall 2025,Research Paper,0,15,1875,10,58.817195892334,2026-04-17 21:49:53.807935,71.6047286987305
AI2186,Fall 2026,Research Paper,1,56,1826,8,6.56059598922729,2026-05-02 21:49:53.808221,74.8419723510742
AI2187,Spring 2026,Essay,0,45,744,5,43.7785186767578,2026-04-13 21:49:53.808470,85.8318557739258
AI2188,Fall 2026,Essay,1,65,1352,5,8.04895782470703,2026-07-22 21:49:53.808709,82.2400588989258
AI2189,Spring 2026,Literature Review,1,43,1253,4,28.701868057251,2026-08-27 21:49:53.808960,73.4196014404297
AI2190,Fall 2026,Essay,1,48,1754,7,48.5866661071777,2026-05-19 21:49:53.809209,66.8363647460938
AI2191,Fall 2026,Essay,0,54,1605,8,4.82351970672607,2026-05-09 21:49:53.809456,76.7799072265625
AI2192,Spring 2026,Literature Review,1,49,1594,8,18.2498207092285,2026-08-12 21:49:53.809694,83.8961868286133
AI2193,Fall 2026,Essay,0,63,1205,7,11.3271064758301,2026-03-30 21:49:53.809976,78.0608596801758
AI2194,Summer 2026,Essay,0,59,1540,10,8.6799144744873,2026-07-01 21:49:53.810273,67.0127639770508
AI2195,Summer 2026,Lab Report,0,36,1455,5,33.3537750244141,2026-04-09 21:49:53.810541,61.4846153259277
AI2196,Fall 2026,Research Paper,0,50,2108,8,47.3338623046875,2026-09-03 21:49:53.810787,86.1689758300781
AI2197,Fall 2026,Essay,0,67,345,4,20.5509757995605,2026-08-31 21:49:53.811096,89.5747146606445
AI2198,Fall 2025,Literature Review,0,32,1586,9,50.2028846740723,2026-08-03 21:49:53.811351,71.9543380737305
AI2199,Fall 2026,Lab Report,1,40,1004,9,34.7502174377441,2026-05-03 21:49:53.811593,73.8999557495117
AI2200,Fall 2026,Research Paper,0,55,1527,4,67.8586196899414,2026-05-30 21:49:53.811859,81.8632049560547
AI2201,Fall 2025,Essay,1,27,1294,9,38.7523498535156,2026-05-11 21:49:53.812119,81.1634979248047
AI2202,Summer 2026,Literature Review,0,50,1296,7,67.0152587890625,2026-07-03 21:49:53.812371,81.9292755126953
AI2203,Summer 2026,Lab Report,0,17,1556,6,41.7594223022461,2026-05-17 21:49:53.812612,86.1209335327148
AI2204,Fall 2026,Research Paper,1,53,502,6,56.0323905944824,2026-09-03 21:49:53.812855,75.6580047607422
AI2205,Summer 2026,Case Study,0,33,1326,10,28.8351039886475,2026-04-01 21:49:53.813457,81.8556060791016
AI2206,Spring 2026,Literature Review,0,41,1685,4,29.3755836486816,2026-09-05 21:49:53.813776,73.1548690795898
AI2207,Fall 2025,Essay,0,29,1309,8,22.4572315216064,2026-05-13 21:49:53.814075,81.4855194091797
AI2208,Spring 2026,Case Study,0,21,1483,8,56.287971496582,2026-09-07 21:49:53.814385,72.6596450805664
AI2209,Fall 2026,Research Paper,0,51,2213,8,52.3342590332031,2026-06-23 21:49:53.814635,82.5967407226563
AI2210,Fall 2026,Research Paper,1,62,1563,9,54.6910781860352,2026-06-04 21:49:53.814877,74.0455780029297
AI2211,Summer 2026,Case Study,0,39,1137,6,31.7618370056152,2026-07-10 21:49:53.815136,67.0109481811523
AI2212,Spring 2026,Case Study,0,25,1967,7,70.3383178710938,2026-07-19 21:49:53.815395,100
AI2213,Summer 2026,Lab Report,1,21,823,10,58.5930366516113,2026-08-07 21:49:53.815645,79.8286895751953
AI2214,Fall 2026,Literature Review,1,62,1479,7,68.2499847412109,2026-04-06 21:49:53.816022,72.998664855957
AI2215,Fall 2026,Research Paper,1,59,2377,9,18.9890995025635,2026-06-04 21:49:53.816457,70.6476669311523
AI2216,Summer 2026,Essay,1,51,2058,10,41.4687614440918,2026-08-04 21:49:53.817018,74.8483963012695
AI2217,Fall 2026,Essay,0,62,1724,10,24.0215930938721,2026-07-15 21:49:53.817295,74.6934509277344
AI2218,Summer 2026,Lab Report,1,32,1830,8,25.8865184783936,2026-03-30 21:49:53.817544,84.9131622314453
AI2219,Summer 2026,Lab Report,0,27,1189,8,16.8159313201904,2026-07-04 21:49:53.817891,51.7692527770996
AI2220,Summer 2026,Lab Report,0,32,2198,5,25.3724613189697,2026-05-31 21:49:53.818342,61.0664367675781
AI2221,Fall 2025,Essay,0,30,1594,6,34.4143981933594,2026-06-12 21:49:53.818793,83.5298614501953
AI2222,Fall 2026,Literature Review,1,70,1555,9,41.6982917785645,2026-05-03 21:49:53.819258,81.3542709350586
AI2223,Fall 2025,Case Study,1,18,111,8,27.4703254699707,2026-09-07 21:49:53.819764,80.679313659668
AI2224,Summer 2026,Essay,0,52,1817,10,26.4137268066406,2026-05-08 21:49:53.820256,61.4447975158691
AI2225,Fall 2025,Research Paper,0,25,1301,12,14.3590803146362,2026-07-27 21:49:53.820712,76.4862594604492
AI2226,Summer 2026,Research Paper,0,43,1590,9,52.0230407714844,2026-05-23 21:49:53.821542,80.3031463623047
AI2227,Fall 2026,Case Study,0,43,1492,4,21.7495040893555,2026-06-11 21:49:53.821989,71.2174530029297
AI2228,Fall 2025,Case Study,0,13,1387,9,19.8787422180176,2026-07-13 21:49:53.822316,78.4003677368164
AI2229,Spring 2026,Lab Report,0,20,1335,13,40.3609504699707,2026-07-23 21:49:53.822573,92.4523239135742
AI2230,Summer 2026,Literature Review,1,58,1817,12,10.3630638122559,2026-09-05 21:49:53.822825,73.0305633544922
AI2231,Fall 2026,Research Paper,1,62,1075,11,40.8034210205078,2026-03-14 21:49:53.823089,78.2411422729492
AI2232,Summer 2026,Case Study,0,45,1394,4,16.7879180908203,2026-04-06 21:49:53.823384,83.7184753417969
AI2233,Fall 2025,Essay,0,27,1626,7,21.9666271209717,2026-05-03 21:49:53.823627,67.0598983764648
AI2234,Fall 2025,Essay,1,33,799,4,62.2054443359375,2026-04-12 21:49:53.823888,75.3630981445313
AI2235,Fall 2026,Research Paper,0,49,1631,6,49.5364990234375,2026-09-07 21:49:53.824169,67.2449951171875
AI2236,Summer 2026,Essay,0,53,1735,13,36.9137306213379,2026-08-18 21:49:53.824410,82.0067977905273
AI2237,Fall 2025,Essay,0,26,1433,7,47.9187164306641,2026-08-07 21:49:53.824652,63.7239761352539
AI2238,Summer 2026,Lab Report,0,28,883,10,59.5408248901367,2026-04-18 21:49:53.824894,100
AI2239,Fall 2026,Research Paper,1,58,1628,13,37.2046165466309,2026-07-15 21:49:53.825147,82.8249969482422
AI2240,Spring 2026,Case Study,0,16,1359,4,13.3338241577148,2026-05-18 21:49:53.825397,84.0045928955078
AI2241,Spring 2026,Research Paper,0,32,1926,8,12.7022981643677,2026-04-21 21:49:53.825637,72.057731628418
AI2242,Spring 2026,Lab Report,1,17,2401,9,35.071891784668,2026-06-28 21:49:53.825902,76.0197982788086
AI2243,Summer 2026,Case Study,1,28,1532,10,41.9512825012207,2026-05-14 21:49:53.826213,74.5737686157227
AI2244,Summer 2026,Case Study,0,37,1475,5,24.3328456878662,2026-05-24 21:49:53.826462,79.5255355834961
AI2245,Summer 2026,Lab Report,1,32,1193,5,17.4963092803955,2026-09-06 21:49:53.826705,75.4228515625
AI2246,Fall 2026,Essay,0,49,1255,9,18.0921802520752,2026-07-28 21:49:53.826955,81.8597030639648
AI2247,Fall 2025,Case Study,0,22,1067,12,18.353816986084,2026-07-26 21:49:53.827202,73.2880325317383
AI2248,Fall 2026,Research Paper,0,53,1950,5,38.0002937316895,2026-03-12 21:49:53.827461,67.7140960693359
AI2249,Fall 2025,Lab Report,0,3,1839,4,28.0798797607422,2026-04-20 21:49:53.827704,59.075138092041
AI2250,Fall 2025,Research Paper,0,22,588,10,45.3613967895508,2026-08-21 21:49:53.827948,64.8393249511719
AI2251,Summer 2026,Literature Review,0,59,2240,10,64.8574829101563,2026-03-20 21:49:53.828208,78.6872024536133
AI2252,Summer 2026,Literature Review,0,47,1046,10,5.30958223342896,2026-04-16 21:49:53.828452,84.037353515625
AI2253,Fall 2026,Essay,1,54,1242,8,74.5232315063477,2026-08-02 21:49:53.828695,71.7600936889648
AI2254,Spring 2026,Essay,0,45,1274,6,49.9190635681152,2026-06-05 21:49:53.828944,66.6004943847656
AI2255,Fall 2025,Lab Report,1,10,2450,10,15.7738704681396,2026-08-24 21:49:53.829195,80.0493698120117
AI2256,Fall 2026,Case Study,0,50,1707,4,5.78788280487061,2026-04-03 21:49:53.829444,70.6715774536133
AI2257,Summer 2026,Research Paper,1,43,1231,13,5.31168079376221,2026-08-23 21:49:53.830095,77.775146484375
AI2258,Summer 2026,Research Paper,1,46,899,7,39.9326705932617,2026-07-10 21:49:53.830594,73.7233200073242
AI2259,Summer 2026,Essay,0,46,2001,7,33.2481422424316,2026-06-10 21:49:53.831273,92.60595703125
AI2260,Fall 2026,Lab Report,0,39,1316,5,36.3759651184082,2026-08-30 21:49:53.831569,83.3305206298828
AI2261,Fall 2026,Lab Report,0,33,1985,7,15.9326200485229,2026-05-04 21:49:53.831810,96.1502151489258
AI2262,Fall 2026,Literature Review,1,70,2171,10,27.3546562194824,2026-07-31 21:49:53.832059,73.2031478881836
AI2263,Fall 2026,Lab Report,1,40,1882,2,41.2003479003906,2026-05-06 21:49:53.832308,75.3599472045898
AI2264,Fall 2025,Research Paper,1,30,1052,5,32.9906349182129,2026-04-09 21:49:53.832558,82.9844207763672
AI2265,Spring 2026,Essay,0,44,1483,6,51.8210144042969,2026-05-14 21:49:53.832808,69.4522476196289
AI2266,Fall 2026,Case Study,0,38,1417,12,8.09383010864258,2026-06-29 21:49:53.833055,84.6149520874023
AI2267,Summer 2026,Lab Report,0,31,2052,10,40.6185493469238,2026-07-09 21:49:53.833374,80.5007095336914
AI2268,Fall 2026,Essay,1,48,1225,5,24.2796058654785,2026-07-18 21:49:53.833777,81.1709442138672
AI2269,Fall 2026,Case Study,0,38,1528,4,20.3833122253418,2026-08-17 21:49:53.834597,79.686653137207
AI2270,Spring 2026,Lab Report,0,27,1508,6,21.2244930267334,2026-04-27 21:49:53.835321,65.3480529785156
AI2271,Fall 2026,Lab Report,0,27,1114,8,10.4989261627197,2026-09-01 21:49:53.835832,88.0872344970703
AI2272,Spring 2026,Lab Report,0,14,655,5,25.4932079315186,2026-07-17 21:49:53.836302,88.3085784912109
AI2273,Spring 2026,Essay,0,38,1468,10,25.868444442749,2026-07-23 21:49:53.837278,72.2649993896484
AI2274,Fall 2025,Research Paper,0,31,1832,8,47.4864387512207,2026-03-13 21:49:53.837860,65.614372253418
AI2275,Fall 2026,Literature Review,1,64,1396,6,43.7669296264648,2026-08-18 21:49:53.838353,79.9128799438477
AI2276,Spring 2026,Literature Review,0,51,1047,14,19.0721397399902,2026-05-19 21:49:53.838833,75.0951614379883
AI2277,Summer 2026,Essay,1,51,1886,7,50.8958969116211,2026-08-18 21:49:53.839308,73.7683868408203
AI2278,Fall 2026,Literature Review,1,58,1283,7,60.0703468322754,2026-05-04 21:49:53.839770,82.6787033081055
AI2279,Summer 2026,Case Study,0,38,1636,6,32.8594551086426,2026-04-14 21:49:53.840571,55.1282539367676
AI2280,Summer 2026,Lab Report,0,25,1892,8,27.5457534790039,2026-08-13 21:49:53.841123,80.1982803344727
AI2281,Spring 2026,Essay,1,42,1155,7,46.333869934082,2026-08-11 21:49:53.841788,71.3359069824219
AI2282,Fall 2026,Lab Report,1,38,1439,7,49.1445999145508,2026-07-07 21:49:53.842133,76.8374176025391
AI2283,Summer 2026,Lab Report,0,35,1471,8,64.0719146728516,2026-06-29 21:49:53.842385,67.2455673217773
AI2284,Fall 2026,Essay,1,53,2143,6,45.6753845214844,2026-04-02 21:49:53.842626,70.9178237915039
AI2285,Fall 2026,Case Study,1,48,1454,10,41.378734588623,2026-04-11 21:49:53.842902,76.4996490478516
AI2286,Fall 2026,Lab Report,0,42,1167,11,70.5891876220703,2026-08-05 21:49:53.843180,86.4109268188477
AI2287,Summer 2026,Lab Report,0,29,1406,8,44.6445732116699,2026-06-07 21:49:53.843451,67.5650787353516
AI2288,Fall 2026,Essay,1,61,1569,6,29.2625713348389,2026-03-31 21:49:53.843711,77.9310684204102
AI2289,Fall 2026,Essay,1,58,1606,4,43.3127174377441,2026-07-26 21:49:53.843969,73.5336456298828
AI2290,Fall 2026,Lab Report,1,44,1615,4,7.57245683670044,2026-07-09 21:49:53.844233,74.2281112670898
AI2291,Fall 2026,Case Study,0,47,1240,14,45.32861328125,2026-07-09 21:49:53.844482,82.924690246582
AI2292,Spring 2026,Literature Review,0,53,2159,6,59.3307304382324,2026-05-12 21:49:53.844724,88.9368591308594
AI2293,Fall 2026,Literature Review,0,69,1230,6,6.44970893859863,2026-04-20 21:49:53.844973,71.4896545410156
AI2294,Summer 2026,Essay,0,50,1938,4,45.8018646240234,2026-08-16 21:49:53.845217,90.4401245117188
AI2295,Fall 2026,Lab Report,0,34,1734,11,55.319995880127,2026-07-06 21:49:53.845459,75.902229309082
AI2296,Spring 2026,Research Paper,0,33,1955,9,33.780647277832,2026-04-21 21:49:53.845700,72.2902603149414
AI2297,Fall 2026,Essay,0,63,1909,7,15.4837293624878,2026-03-31 21:49:53.845942,74.3349685668945
AI2298,Summer 2026,Essay,1,59,1239,9,45.8709297180176,2026-08-28 21:49:53.846190,79.4939880371094
AI2299,Fall 2026,Research Paper,1,52,1081,8,32.1713752746582,2026-07-14 21:49:53.847576,69.0259552001953
AI2300,Fall 2026,Essay,1,54,1772,5,13.6295900344849,2026-04-02 21:49:53.848316,79.5437774658203
AI2301,Summer 2026,Lab Report,1,29,1310,4,11.9502010345459,2026-05-04 21:49:53.848600,77.7146606445313
AI2302,Fall 2026,Literature Review,0,58,1749,7,11.7091064453125,2026-09-07 21:49:53.848864,68.7749710083008
AI2303,Fall 2025,Literature Review,0,29,1613,11,14.2181272506714,2026-06-29 21:49:53.849300,73.1638488769531
AI2304,Fall 2026,Literature Review,1,69,1392,5,37.1707954406738,2026-03-23 21:49:53.850073,81.9256210327148
AI2305,Summer 2026,Case Study,0,40,1247,10,37.366024017334,2026-05-27 21:49:53.850764,62.9420890808105
AI2306,Summer 2026,Literature Review,1,65,1606,11,24.8655185699463,2026-08-11 21:49:53.851663,74.9044876098633
AI2307,Fall 2026,Case Study,0,40,1606,11,8.80114364624023,2026-05-22 21:49:53.852150,71.8082427978516
AI2308,Fall 2026,Lab Report,1,39,1286,9,32.8445587158203,2026-04-04 21:49:53.852671,83.3951416015625
AI2309,Summer 2026,Essay,1,63,1111,4,11.5192060470581,2026-07-23 21:49:53.853747,83.184326171875
AI2310,Summer 2026,Case Study,1,26,1321,9,26.6075496673584,2026-07-01 21:49:53.854454,72.5592803955078
AI2311,Spring 2026,Case Study,0,19,1393,11,34.5495986938477,2026-07-01 21:49:53.854862,71.245979309082
AI2312,Summer 2026,Essay,0,47,1709,11,64.091194152832,2026-03-14 21:49:53.855146,56.3090934753418
AI2313,Fall 2026,Lab Report,1,29,1230,6,29.4999732971191,2026-06-10 21:49:53.855402,74.4739227294922
AI2314,Summer 2026,Lab Report,0,30,1422,11,28.8246078491211,2026-07-16 21:49:53.855652,74.6710510253906
AI2315,Spring 2026,Literature Review,1,45,1923,6,46.6434478759766,2026-06-26 21:49:53.856093,78.2428588867188
AI2316,Fall 2026,Literature Review,1,67,2300,9,41.5523986816406,2026-08-21 21:49:53.856443,78.5139236450195
AI2317,Fall 2025,Research Paper,0,31,989,11,32.0159034729004,2026-05-23 21:49:53.856720,66.9691772460938
AI2318,Spring 2026,Case Study,1,24,748,8,38.4693946838379,2026-06-01 21:49:53.857017,77.9664001464844
AI2319,Fall 2026,Literature Review,0,64,968,6,39.1780624389648,2026-08-22 21:49:53.857273,72.630729675293
AI2320,Spring 2026,Literature Review,0,50,2038,5,55.1510772705078,2026-04-28 21:49:53.857516,72.8028106689453
AI2321,Fall 2026,Lab Report,0,40,1479,6,2.46030521392822,2026-04-23 21:49:53.857760,64.9996490478516
AI2322,Fall 2026,Research Paper,1,57,1104,7,47.5907363891602,2026-05-21 21:49:53.858011,79.6483917236328
AI2323,Fall 2026,Research Paper,1,56,1902,10,39.2877540588379,2026-03-21 21:49:53.858263,80.7628479003906
AI2324,Summer 2026,Literature Review,0,51,1166,4,23.9685935974121,2026-07-10 21:49:53.858513,71.7198486328125
AI2325,Fall 2026,Lab Report,1,48,1576,7,55.7072944641113,2026-08-21 21:49:53.858768,78.0349960327148
AI2326,Fall 2026,Essay,1,69,1123,3,11.3782377243042,2026-03-24 21:49:53.859023,75.6453170776367
AI2327,Fall 2026,Research Paper,1,61,1251,8,62.5907783508301,2026-06-12 21:49:53.859283,78.2856979370117
AI2328,Fall 2026,Lab Report,0,38,1344,2,22.9030456542969,2026-04-08 21:49:53.859530,69.1076202392578
AI2329,Fall 2026,Literature Review,0,61,1932,8,71.5207901000977,2026-07-29 21:49:53.859783,82.6518096923828
AI2330,Spring 2026,Literature Review,0,50,1744,2,53.6274833679199,2026-08-27 21:49:53.860031,69.4334259033203
AI2331,Spring 2026,Research Paper,0,42,1889,7,37.6562309265137,2026-04-24 21:49:53.860274,85.8463821411133
AI2332,Fall 2026,Research Paper,0,55,2126,3,16.7490406036377,2026-08-19 21:49:53.860515,81.8288421630859
AI2333,Spring 2026,Research Paper,0,35,1866,13,43.6182670593262,2026-04-14 21:49:53.860756,67.0090560913086
AI2334,Fall 2026,Research Paper,0,59,1278,4,27.170560836792,2026-03-15 21:49:53.861001,91.8979415893555
AI2335,Fall 2026,Essay,1,54,1193,6,38.2959213256836,2026-07-29 21:49:53.861243,76.7728271484375
AI2336,Fall 2026,Lab Report,0,38,1181,10,13.1595878601074,2026-06-19 21:49:53.861501,70.7542419433594
AI2337,Spring 2026,Case Study,0,26,1421,10,52.9655494689941,2026-07-05 21:49:53.861746,73.4884033203125
AI2338,Summer 2026,Case Study,0,39,1354,7,11.6579008102417,2026-05-01 21:49:53.861993,61.870491027832
AI2339,Summer 2026,Essay,1,46,1939,5,18.4343643188477,2026-04-26 21:49:53.862235,83.6880874633789
AI2340,Summer 2026,Research Paper,0,51,892,8,36.7562103271484,2026-07-22 21:49:53.862482,73.4803237915039
AI2341,Fall 2026,Case Study,1,50,1675,7,39.8856544494629,2026-09-01 21:49:53.862734,79.1641845703125
AI2342,Spring 2026,Literature Review,1,43,1793,14,27.2967262268066,2026-04-10 21:49:53.863509,69.5271377563477
AI2343,Spring 2026,Case Study,0,27,1650,14,31.7709865570068,2026-07-15 21:49:53.864254,74.5761108398438
AI2344,Summer 2026,Case Study,0,25,2486,8,51.453441619873,2026-06-28 21:49:53.864737,62.3753700256348
AI2345,Fall 2026,Literature Review,1,67,1536,9,31.8326988220215,2026-08-03 21:49:53.865208,82.1480255126953
AI2346,Fall 2026,Lab Report,0,46,1026,5,52.1280670166016,2026-06-25 21:49:53.865660,84.2599868774414
AI2347,Spring 2026,Essay,1,39,1278,7,31.3983116149902,2026-05-02 21:49:53.865937,79.0819854736328
AI2348,Fall 2026,Essay,1,60,1523,9,37.9792518615723,2026-08-17 21:49:53.866204,81.1045227050781
AI2349,Fall 2026,Essay,1,49,1372,13,30.871545791626,2026-07-25 21:49:53.866878,82.6204223632813
AI2350,Spring 2026,Lab Report,0,22,1384,7,68.650146484375,2026-08-31 21:49:53.867254,86.7015380859375
AI2351,Summer 2026,Lab Report,0,33,1947,7,56.144157409668,2026-06-30 21:49:53.867590,90.7384796142578
AI2352,Summer 2026,Essay,1,53,1700,4,31.5150566101074,2026-07-06 21:49:53.868031,79.7986755371094
AI2353,Fall 2026,Case Study,0,42,1803,6,19.3560314178467,2026-04-01 21:49:53.868684,80.694450378418
AI2354,Fall 2026,Essay,0,54,1244,9,50.7141189575195,2026-04-23 21:49:53.868967,86.5941925048828
AI2355,Spring 2026,Case Study,1,31,1364,8,22.3317108154297,2026-03-21 21:49:53.869225,77.4468078613281
AI2356,Summer 2026,Literature Review,0,60,1240,10,13.4811811447144,2026-03-19 21:49:53.869480,67.1420669555664
AI2357,Fall 2026,Literature Review,0,69,1803,9,67.1250152587891,2026-05-12 21:49:53.869729,61.0715522766113
AI2358,Summer 2026,Essay,1,53,801,11,52.617862701416,2026-09-05 21:49:53.869984,74.0110397338867
AI2359,Fall 2026,Essay,0,55,1896,14,14.4746570587158,2026-04-05 21:49:53.870237,54.5227966308594
AI2360,Fall 2025,Essay,0,31,1277,12,29.041934967041,2026-05-28 21:49:53.870481,77.7100296020508
AI2361,Fall 2025,Literature Review,1,41,1554,7,25.7744255065918,2026-06-20 21:49:53.870726,76.6488647460938
AI2362,Spring 2026,Lab Report,1,16,1970,9,49.2893753051758,2026-07-31 21:49:53.871028,72.0356750488281
AI2363,Summer 2026,Essay,0,49,1992,10,25.7724933624268,2026-04-17 21:49:53.871299,79.3788146972656
AI2364,Summer 2026,Essay,0,51,2013,10,11.3870916366577,2026-04-05 21:49:53.871550,73.2395629882813
AI2365,Fall 2025,Literature Review,1,28,1038,8,52.5076599121094,2026-08-16 21:49:53.871797,80.9230728149414
AI2366,Fall 2026,Essay,1,67,1937,3,58.8155479431152,2026-07-12 21:49:53.872057,70.8144607543945
AI2367,Fall 2025,Research Paper,0,23,1248,7,33.7618141174316,2026-05-29 21:49:53.872326,54.4607315063477
AI2368,Fall 2026,Research Paper,1,58,1251,5,50.2126426696777,2026-08-31 21:49:53.872647,75.8315277099609
AI2369,Spring 2026,Lab Report,1,19,1657,6,21.9457416534424,2026-08-14 21:49:53.872918,77.0535125732422
AI2370,Summer 2026,Literature Review,0,58,1890,10,28.1645164489746,2026-06-11 21:49:53.873205,74.6853485107422
AI2371,Fall 2026,Lab Report,0,35,1354,10,42.2648544311523,2026-04-08 21:49:53.873449,74.9436264038086
AI2372,Fall 2026,Case Study,1,44,1681,5,44.3995513916016,2026-04-19 21:49:53.873690,78.9140625
AI2373,Summer 2026,Case Study,0,36,1949,2,48.7427253723145,2026-06-30 21:49:53.873939,92.3212585449219
AI2374,Fall 2026,Research Paper,0,58,1514,6,58.1735801696777,2026-08-09 21:49:53.874188,69.2676010131836
AI2375,Spring 2026,Literature Review,0,49,1577,12,16.896167755127,2026-05-02 21:49:53.874440,80.3253860473633
AI2376,Spring 2026,Research Paper,0,31,1533,7,51.2758483886719,2026-04-02 21:49:53.874687,68.6659774780273
AI2377,Fall 2026,Research Paper,1,56,735,13,31.6193714141846,2026-05-09 21:49:53.874929,79.0924911499023
AI2378,Fall 2025,Research Paper,0,26,1824,7,41.636775970459,2026-06-15 21:49:53.875184,91.7254028320313
AI2379,Summer 2026,Essay,0,45,1217,8,52.0938529968262,2026-06-23 21:49:53.875438,68.2800979614258
AI2380,Fall 2026,Research Paper,1,54,1611,9,36.7421493530273,2026-03-22 21:49:53.875680,79.4442749023438
AI2381,Fall 2025,Lab Report,0,7,1392,9,38.7491416931152,2026-05-07 21:49:53.875929,68.4162063598633
AI2382,Spring 2026,Literature Review,0,41,967,3,44.2981948852539,2026-07-14 21:49:53.876179,79.4887542724609
AI2383,Fall 2026,Essay,0,68,2202,6,18.4088478088379,2026-07-12 21:49:53.876419,72.7000198364258
AI2384,Spring 2026,Lab Report,0,5,1022,8,27.8101902008057,2026-08-27 21:49:53.876661,59.9091110229492
AI2385,Fall 2026,Research Paper,0,54,1412,14,48.5602645874023,2026-07-02 21:49:53.876904,85.050651550293
AI2386,Fall 2026,Essay,1,51,1310,9,22.9943428039551,2026-07-30 21:49:53.877153,70.6398468017578
AI2387,Fall 2025,Research Paper,1,28,1442,9,33.0184783935547,2026-06-09 21:49:53.877402,70.2985916137695
AI2388,Summer 2026,Essay,0,45,1474,5,50.3185424804688,2026-03-23 21:49:53.877662,68.0442047119141
AI2389,Fall 2026,Research Paper,1,57,1368,6,73.3372344970703,2026-05-04 21:49:53.877905,75.0411605834961
AI2390,Spring 2026,Essay,1,40,1395,10,31.637336730957,2026-06-27 21:49:53.878157,73.9836196899414
AI2391,Summer 2026,Literature Review,0,58,1255,7,11.4115562438965,2026-05-04 21:49:53.878405,71.0427932739258
AI2392,Summer 2026,Literature Review,0,58,855,9,8.34590148925781,2026-07-26 21:49:53.878648,94.4986190795898
AI2393,Summer 2026,Essay,1,54,1795,6,17.3074550628662,2026-08-18 21:49:53.878888,80.1522598266602
AI2394,Fall 2025,Case Study,0,12,1309,8,30.4392147064209,2026-08-07 21:49:53.879144,82.8029022216797
AI2395,Fall 2025,Lab Report,0,12,2218,9,0.983671844005585,2026-05-27 21:49:53.879388,86.0315475463867
AI2396,Summer 2026,Case Study,1,31,1581,9,28.6050453186035,2026-04-23 21:49:53.879847,77.5476303100586
AI2397,Fall 2025,Research Paper,1,21,1804,9,29.5854873657227,2026-04-05 21:49:53.880249,84.0054931640625
AI2398,Spring 2026,Lab Report,0,14,1268,10,7.63455390930176,2026-07-03 21:49:53.880502,66.0429077148438
AI2399,Fall 2026,Lab Report,0,31,1932,4,27.7176704406738,2026-08-11 21:49:53.880883,85.6821670532227
AI2400,Spring 2026,Literature Review,1,53,1580,9,28.8513069152832,2026-07-07 21:49:53.881187,80.7211608886719
AI2401,Fall 2026,Research Paper,0,63,1225,4,20.6224536895752,2026-06-23 21:49:53.881448,84.7365570068359
AI2402,Fall 2026,Case Study,0,46,1636,7,21.3926753997803,2026-07-04 21:49:53.881691,71.4065017700195
AI2403,Fall 2026,Case Study,0,48,1719,9,28.1045093536377,2026-05-27 21:49:53.881932,62.910816192627
AI2404,Fall 2026,Lab Report,1,43,1941,5,17.7332534790039,2026-08-23 21:49:53.882180,82.1293182373047
AI2405,Summer 2026,Literature Review,1,49,971,7,7.86557769775391,2026-07-09 21:49:53.882427,77.4136047363281
AI2406,Fall 2026,Case Study,1,43,1288,15,20.2659358978271,2026-05-15 21:49:53.882700,79.270263671875
AI2407,Summer 2026,Research Paper,0,42,757,7,28.8792667388916,2026-04-16 21:49:53.883169,57.7083549499512
AI2408,Fall 2026,Essay,0,70,1625,11,16.8144340515137,2026-04-05 21:49:53.883629,63.5529747009277
AI2409,Fall 2026,Lab Report,0,37,1729,8,28.1634311676025,2026-06-18 21:49:53.884534,80.0384292602539
AI2410,Fall 2025,Case Study,0,9,889,4,9.86979198455811,2026-09-04 21:49:53.885330,87.696891784668
AI2411,Fall 2025,Essay,1,27,1501,14,34.8250885009766,2026-08-18 21:49:53.885822,72.1121597290039
AI2412,Spring 2026,Literature Review,1,40,912,4,47.0223236083984,2026-03-29 21:49:53.886415,80.9563598632813
AI2413,Fall 2025,Literature Review,1,33,1222,9,52.3730430603027,2026-04-02 21:49:53.887077,75.2160263061523
AI2414,Fall 2026,Essay,1,53,974,5,8.46579742431641,2026-05-06 21:49:53.887350,70.9271087646484
AI2415,Summer 2026,Essay,1,50,1190,9,29.1672344207764,2026-07-16 21:49:53.887610,75.734489440918
AI2416,Spring 2026,Case Study,0,30,1908,10,56.0637130737305,2026-07-29 21:49:53.887865,88.2075881958008
AI2417,Fall 2026,Essay,1,51,1871,7,43.5334434509277,2026-03-25 21:49:53.888123,75.680290222168
AI2418,Fall 2026,Research Paper,1,55,1335,8,25.422082901001,2026-04-09 21:49:53.888377,73.8863754272461
AI2419,Summer 2026,Essay,1,47,1324,5,10.9254665374756,2026-05-17 21:49:53.888630,72.6061325073242
AI2420,Fall 2025,Case Study,0,12,1409,12,13.034384727478,2026-07-09 21:49:53.888882,61.7196502685547
AI2421,Fall 2025,Lab Report,0,11,1898,7,38.9216156005859,2026-07-05 21:49:53.889132,71.7992630004883
AI2422,Spring 2026,Essay,0,39,1869,7,12.651556968689,2026-08-02 21:49:53.889375,85.5653305053711
AI2423,Spring 2026,Case Study,0,32,1394,5,24.4849185943604,2026-09-07 21:49:53.889623,67.6265335083008
AI2424,Fall 2025,Lab Report,0,14,1199,8,46.2939949035645,2026-05-11 21:49:53.889870,89.43310546875
AI2425,Summer 2026,Lab Report,0,30,1503,10,50.8239364624023,2026-08-14 21:49:53.890124,66.6591873168945
AI2426,Spring 2026,Literature Review,1,43,1901,3,43.0767974853516,2026-08-08 21:49:53.890379,85.5703430175781
AI2427,Fall 2025,Essay,1,31,1354,10,15.3084802627563,2026-03-25 21:49:53.890664,81.756591796875
AI2428,Fall 2026,Research Paper,1,55,879,4,39.0335540771484,2026-06-25 21:49:53.890931,83.3644485473633
AI2429,Fall 2025,Research Paper,0,30,1023,10,1.68246853351593,2026-06-15 21:49:53.891200,75.6960144042969
AI2430,Summer 2026,Lab Report,1,26,1272,6,42.3356285095215,2026-09-01 21:49:53.891440,79.5787734985352
AI2431,Fall 2026,Essay,0,59,1690,11,13.1008043289185,2026-08-30 21:49:53.891685,64.7705383300781
AI2432,Fall 2026,Research Paper,0,54,1660,7,44.19677734375,2026-08-06 21:49:53.891925,93.0822219848633
AI2433,Fall 2026,Lab Report,0,31,1259,11,30.4348411560059,2026-05-26 21:49:53.892172,80.6877136230469
AI2434,Fall 2026,Research Paper,0,53,1621,6,34.6526908874512,2026-07-26 21:49:53.892412,78.917854309082
AI2435,Summer 2026,Research Paper,0,42,1800,6,35.5289039611816,2026-05-06 21:49:53.892653,61.2893142700195
AI2436,Fall 2026,Essay,0,48,1564,9,36.9628562927246,2026-05-16 21:49:53.892893,60.9152526855469
AI2437,Spring 2026,Essay,1,43,883,11,18.7375659942627,2026-03-15 21:49:53.893187,72.0124206542969
AI2438,Fall 2026,Literature Review,0,61,1722,7,29.9255409240723,2026-05-14 21:49:53.893445,81.0373077392578
AI2439,Fall 2026,Essay,0,64,1852,10,6.8419885635376,2026-04-28 21:49:53.893686,62.8748779296875
AI2440,Fall 2026,Literature Review,1,66,1857,8,20.110279083252,2026-04-06 21:49:53.893959,82.5978775024414
AI2441,Fall 2026,Research Paper,0,49,1204,5,11.1248531341553,2026-05-14 21:49:53.894210,73.094856262207
AI2442,Spring 2026,Essay,0,30,1852,10,30.9276847839355,2026-04-30 21:49:53.894451,100
AI2443,Summer 2026,Lab Report,0,19,2083,9,14.1376399993896,2026-06-26 21:49:53.894692,84.1706008911133
AI2444,Fall 2026,Case Study,0,45,1592,9,14.3486261367798,2026-08-02 21:49:53.894934,77.3363189697266
AI2445,Fall 2026,Essay,0,53,1734,3,53.613468170166,2026-06-25 21:49:53.895183,63.045654296875
AI2446,Summer 2026,Literature Review,1,59,2048,7,39.9427604675293,2026-06-09 21:49:53.895437,80.5227584838867
AI2447,Summer 2026,Literature Review,0,60,1659,9,11.5748634338379,2026-04-14 21:49:53.895685,88.4342651367188
AI2448,Fall 2025,Literature Review,0,34,1591,11,4.4571852684021,2026-04-08 21:49:53.895929,70.0867614746094
AI2449,Spring 2026,Essay,0,42,1788,5,43.7311973571777,2026-06-01 21:49:53.896351,78.0406875610352
AI2450,Spring 2026,Case Study,0,25,1366,5,80.0309677124023,2026-05-18 21:49:53.896807,100
AI2451,Fall 2026,Lab Report,0,35,1465,13,14.5217990875244,2026-05-06 21:49:53.897101,78.6139984130859
AI2452,Fall 2026,Lab Report,0,43,1733,4,61.9226875305176,2026-06-22 21:49:53.897431,94.3515243530273
AI2453,Summer 2026,Case Study,1,33,1853,10,21.4460411071777,2026-03-20 21:49:53.897699,68.9485931396484
AI2454,Fall 2026,Lab Report,0,50,1491,7,3.66336274147034,2026-06-23 21:49:53.897952,84.892951965332
AI2455,Summer 2026,Lab Report,1,34,1320,10,28.9775638580322,2026-06-06 21:49:53.898218,82.9551315307617
AI2456,Spring 2026,Lab Report,0,15,1712,9,16.7945823669434,2026-03-21 21:49:53.898467,69.8854751586914
AI2457,Fall 2026,Lab Report,0,38,990,9,39.2133560180664,2026-06-28 21:49:53.898708,69.9725341796875
AI2458,Fall 2026,Case Study,1,44,1505,12,3.8350841999054,2026-06-15 21:49:53.899005,81.581169128418
AI2459,Summer 2026,Literature Review,1,55,1498,7,17.5053215026855,2026-07-31 21:49:53.899417,78.3024291992188
AI2460,Fall 2026,Essay,1,56,981,8,82.3679962158203,2026-05-06 21:49:53.899998,73.1790924072266
AI2461,Summer 2026,Lab Report,0,34,1870,11,26.9857406616211,2026-07-01 21:49:53.900453,69.1706466674805
AI2462,Summer 2026,Lab Report,0,37,1826,5,51.6311302185059,2026-07-07 21:49:53.900818,56.4543533325195
AI2463,Spring 2026,Literature Review,1,39,1480,14,46.2342948913574,2026-04-04 21:49:53.901263,78.7963104248047
AI2464,Summer 2026,Essay,0,51,1846,9,13.137752532959,2026-06-24 21:49:53.901716,71.5018463134766
AI2465,Fall 2026,Literature Review,1,63,1645,17,30.6243152618408,2026-08-12 21:49:53.902180,76.4122924804688
AI2466,Fall 2026,Lab Report,1,53,1773,9,34.1639747619629,2026-07-31 21:49:53.902686,79.6742553710938
AI2467,Spring 2026,Case Study,0,28,2212,7,4.3619556427002,2026-05-14 21:49:53.903171,87.8573532104492
AI2468,Spring 2026,Research Paper,1,37,1797,8,15.8612947463989,2026-09-05 21:49:53.903637,83.2212982177734
AI2469,Spring 2026,Case Study,0,31,804,14,30.786865234375,2026-08-09 21:49:53.904121,70.746826171875
AI2470,Spring 2026,Research Paper,0,28,937,12,55.4258766174316,2026-07-09 21:49:53.904562,81.7081756591797
AI2471,Fall 2026,Case Study,0,45,1723,5,22.9253368377686,2026-08-11 21:49:53.905062,71.4466934204102
AI2472,Fall 2026,Essay,0,71,1776,6,10.1725196838379,2026-09-07 21:49:53.905528,66.8730697631836
AI2473,Fall 2026,Literature Review,0,61,921,6,11.2766904830933,2026-06-08 21:49:53.906002,60.8681640625
AI2474,Spring 2026,Case Study,0,17,944,4,45.9514312744141,2026-05-20 21:49:53.906468,78.5465393066406
AI2475,Spring 2026,Lab Report,0,20,1452,6,64.7935791015625,2026-06-19 21:49:53.906922,73.3817596435547
AI2476,Fall 2026,Research Paper,1,55,1652,12,25.2336864471436,2026-08-25 21:49:53.907336,73.1658248901367
AI2477,Summer 2026,Case Study,0,33,816,9,20.488977432251,2026-04-25 21:49:53.907667,94.4981155395508
AI2478,Fall 2025,Lab Report,0,15,1127,7,5.18551588058472,2026-04-27 21:49:53.907923,68.5505218505859
AI2479,Summer 2026,Lab Report,0,36,1731,10,13.1681871414185,2026-06-03 21:49:53.908176,82.3973388671875
AI2480,Spring 2026,Case Study,0,27,1072,10,44.6743659973145,2026-04-07 21:49:53.908421,78.9097366333008
AI2481,Fall 2026,Essay,1,62,1317,8,37.0965118408203,2026-05-16 21:49:53.908671,75.1947631835938
AI2482,Fall 2025,Case Study,0,7,1533,8,58.1388626098633,2026-08-29 21:49:53.908924,49.8044776916504
AI2483,Fall 2025,Literature Review,1,29,1270,6,26.6111717224121,2026-03-27 21:49:53.909175,80.6534042358398
AI2484,Fall 2026,Case Study,0,53,658,12,30.0101051330566,2026-09-01 21:49:53.909429,58.7262725830078
AI2485,Summer 2026,Essay,0,55,1201,11,21.963939666748,2026-06-16 21:49:53.909684,56.0139122009277
AI2486,Spring 2026,Lab Report,1,30,974,4,49.5212898254395,2026-04-25 21:49:53.909929,76.3770294189453
AI2487,Fall 2026,Literature Review,1,69,1683,8,39.4060249328613,2026-06-10 21:49:53.910186,74.640869140625
AI2488,Spring 2026,Literature Review,0,42,1467,8,14.0136957168579,2026-04-07 21:49:53.910434,71.1315307617188
AI2489,Summer 2026,Lab Report,0,29,1455,5,30.5315723419189,2026-08-06 21:49:53.910674,96.0149612426758
AI2490,Summer 2026,Literature Review,0,52,1102,6,45.6475067138672,2026-08-26 21:49:53.910916,44.4627685546875
AI2491,Fall 2026,Case Study,1,48,1391,4,15.9397077560425,2026-04-21 21:49:53.911165,80.6913375854492
AI2492,Fall 2026,Case Study,1,38,994,4,17.5339641571045,2026-05-14 21:49:53.911415,84.7165908813477
AI2493,Fall 2025,Essay,0,30,1936,4,42.7405395507813,2026-07-15 21:49:53.911661,76.4073867797852
AI2494,Summer 2026,Research Paper,0,36,1554,9,47.2230453491211,2026-08-05 21:49:53.911903,60.741813659668
AI2495,Spring 2026,Essay,1,38,1559,12,80.4825134277344,2026-05-19 21:49:53.912152,73.1818389892578
AI2496,Fall 2026,Essay,1,59,1333,6,42.4647102355957,2026-03-14 21:49:53.912401,75.520378112793
AI2497,Fall 2025,Case Study,0,13,1301,4,23.9067764282227,2026-04-21 21:49:53.912662,84.3910751342773
AI2498,Fall 2026,Research Paper,0,47,1125,10,44.3556060791016,2026-09-02 21:49:53.913096,96.7863388061523
AI2499,Fall 2026,Literature Review,1,61,1349,5,3.72358107566833,2026-05-13 21:49:53.913499,83.671028137207
AI2500,Summer 2026,Lab Report,0,37,2144,6,6.44547271728516,2026-03-27 21:49:53.913776,57.9556617736816
AI2501,Summer 2026,Case Study,0,40,798,6,21.9478740692139,2026-06-20 21:49:53.914118,70.3674697875977
AI2502,Fall 2026,Essay,1,65,1547,9,40.6525573730469,2026-07-24 21:49:53.914385,87.9107894897461
AI2503,Fall 2026,Essay,0,53,850,5,30.7984504699707,2026-05-30 21:49:53.914647,88.3763809204102
AI2504,Fall 2026,Lab Report,1,40,1813,5,6.54979705810547,2026-04-16 21:49:53.914893,77.8305587768555
AI2505,Spring 2026,Research Paper,1,32,1274,5,32.0129280090332,2026-07-06 21:49:53.915160,71.8273239135742
AI2506,Fall 2026,Lab Report,0,33,1252,11,16.8974895477295,2026-07-23 21:49:53.915409,59.4046936035156
AI2507,Fall 2026,Research Paper,0,66,988,7,38.0049133300781,2026-05-28 21:49:53.915743,96.5028915405273
AI2508,Fall 2026,Case Study,0,48,1720,5,44.384651184082,2026-08-15 21:49:53.918806,94.4096603393555
AI2509,Spring 2026,Case Study,0,28,1455,7,42.4382019042969,2026-07-04 21:49:53.919723,60.2926445007324
AI2510,Fall 2026,Research Paper,0,58,1196,11,38.9547271728516,2026-08-27 21:49:53.920517,58.5362777709961
AI2511,Fall 2025,Research Paper,0,19,1452,3,62.5269165039063,2026-08-03 21:49:53.921243,81.7991638183594
AI2512,Summer 2026,Research Paper,1,49,1987,6,31.6122970581055,2026-04-05 21:49:53.922155,79.1763687133789
AI2513,Summer 2026,Lab Report,0,29,868,6,24.8681163787842,2026-07-26 21:49:53.922780,77.6022567749023
AI2514,Spring 2026,Lab Report,0,26,1577,9,11.8971681594849,2026-06-02 21:49:53.923632,93.5466079711914
AI2515,Fall 2026,Case Study,1,40,1382,13,11.7509908676147,2026-07-26 21:49:53.924130,68.3985137939453
AI2516,Fall 2026,Essay,0,62,1577,13,42.8410568237305,2026-06-16 21:49:53.924588,70.1236267089844
AI2517,Fall 2025,Research Paper,0,27,1681,16,34.7663726806641,2026-03-28 21:49:53.925043,61.946891784668
AI2518,Fall 2025,Essay,0,25,1675,4,20.8681087493896,2026-08-23 21:49:53.925495,86.5579147338867
AI2519,Fall 2026,Lab Report,0,45,1803,8,13.2358198165894,2026-08-16 21:49:53.925937,83.0522918701172
AI2520,Summer 2026,Literature Review,0,48,988,12,7.8719596862793,2026-05-18 21:49:53.926394,68.5669555664063
AI2521,Summer 2026,Case Study,1,33,860,7,19.3666324615479,2026-07-17 21:49:53.926828,74.952995300293
AI2522,Fall 2026,Research Paper,1,52,1200,12,46.2877922058105,2026-08-06 21:49:53.927287,79.4646072387695
AI2523,Spring 2026,Research Paper,0,35,2007,10,8.85386657714844,2026-05-31 21:49:53.927728,73.5040893554688
AI2524,Fall 2026,Lab Report,1,39,1385,4,22.8309688568115,2026-05-29 21:49:53.928216,83.3282241821289
AI2525,Fall 2025,Essay,0,35,1694,10,38.8225440979004,2026-05-16 21:49:53.928663,84.9429244995117
AI2526,Fall 2026,Lab Report,0,36,1604,7,43.2463722229004,2026-06-09 21:49:53.929144,81.6399841308594
AI2527,Fall 2026,Essay,1,52,1005,9,47.0493698120117,2026-06-12 21:49:53.929793,91.2730102539063
AI2528,Fall 2026,Research Paper,1,52,1750,8,28.8271141052246,2026-07-31 21:49:53.930473,63.5460624694824
AI2529,Fall 2026,Case Study,1,38,1518,5,15.0093603134155,2026-07-19 21:49:53.931708,75.0842590332031
AI2530,Fall 2026,Case Study,1,41,1578,4,29.6490287780762,2026-03-27 21:49:53.932244,67.1492538452148
AI2531,Summer 2026,Lab Report,1,28,1117,11,6.24836587905884,2026-08-17 21:49:53.932729,78.572265625
AI2532,Fall 2026,Case Study,1,45,1419,11,56.1725997924805,2026-05-21 21:49:53.933374,79.055290222168
AI2533,Spring 2026,Lab Report,1,20,1259,4,46.2001686096191,2026-04-08 21:49:53.933986,66.8698425292969
AI2534,Summer 2026,Lab Report,0,38,1867,5,18.9617958068848,2026-08-04 21:49:53.934725,76.6678695678711
AI2535,Fall 2026,Research Paper,0,61,709,9,46.686954498291,2026-07-17 21:49:53.935289,91.2731094360352
AI2536,Fall 2025,Case Study,0,12,715,10,33.9610939025879,2026-04-10 21:49:53.935562,57.9119758605957
AI2537,Fall 2026,Case Study,0,39,1223,8,61.9942321777344,2026-05-07 21:49:53.935811,57.3020477294922
AI2538,Summer 2026,Research Paper,0,37,1631,10,38.8451080322266,2026-08-01 21:49:53.936068,50.330940246582
AI2539,Summer 2026,Literature Review,0,57,847,9,55.521125793457,2026-06-22 21:49:53.936319,64.466911315918
AI2540,Fall 2026,Lab Report,1,48,809,11,15.3619985580444,2026-05-20 21:49:53.936820,73.3711166381836
AI2541,Fall 2026,Literature Review,1,59,1431,8,47.6646118164063,2026-08-24 21:49:53.937272,85.099983215332
AI2542,Summer 2026,Lab Report,0,30,1488,10,43.5751113891602,2026-05-31 21:49:53.937542,60.0961799621582
AI2543,Summer 2026,Case Study,1,40,577,7,25.5947551727295,2026-08-20 21:49:53.937789,77.8846435546875
AI2544,Fall 2026,Case Study,1,45,1075,5,26.6129016876221,2026-07-14 21:49:53.938085,77.4651641845703
AI2545,Summer 2026,Essay,1,52,1736,7,40.4224510192871,2026-05-29 21:49:53.938377,70.2337265014648
AI2546,Fall 2025,Literature Review,0,38,2784,8,10.1749792098999,2026-06-12 21:49:53.938641,82.6822280883789
AI2547,Fall 2026,Case Study,0,37,1694,5,21.0062561035156,2026-05-09 21:49:53.938887,100
AI2548,Spring 2026,Case Study,1,22,1792,10,41.2305297851563,2026-06-09 21:49:53.939144,75.9910430908203
AI2549,Fall 2025,Essay,1,35,1719,6,27.3509140014648,2026-08-25 21:49:53.939399,77.8379592895508
AI2550,Summer 2026,Research Paper,0,44,1510,8,41.9663467407227,2026-08-20 21:49:53.939653,100
AI2551,Summer 2026,Literature Review,1,43,1862,9,22.6404666900635,2026-08-27 21:49:53.939904,76.1172714233398
AI2552,Spring 2026,Case Study,1,24,1378,7,14.2446365356445,2026-05-06 21:49:53.940168,80.8167495727539
AI2553,Fall 2025,Lab Report,0,14,2449,5,22.1778907775879,2026-05-15 21:49:53.940424,71.4705581665039
AI2554,Fall 2026,Literature Review,1,71,1166,9,21.0490875244141,2026-08-05 21:49:53.940689,72.2813720703125
AI2555,Fall 2026,Essay,1,63,951,15,19.2241954803467,2026-05-08 21:49:53.940971,80.0315628051758
AI2556,Summer 2026,Case Study,0,31,603,11,27.6880054473877,2026-07-11 21:49:53.941241,80.2411880493164
AI2557,Summer 2026,Research Paper,1,55,1807,2,24.1916522979736,2026-03-31 21:49:53.941483,79.7341537475586
AI2558,Spring 2026,Literature Review,1,42,1827,9,22.3545989990234,2026-06-08 21:49:53.941730,74.8304443359375
AI2559,Spring 2026,Essay,0,37,1458,3,36.118465423584,2026-06-23 21:49:53.941980,76.0235977172852
AI2560,Fall 2025,Literature Review,1,40,1567,8,15.3676557540894,2026-08-06 21:49:53.942224,78.5009765625
AI2561,Spring 2026,Lab Report,0,22,1394,10,30.8289604187012,2026-04-06 21:49:53.942480,50.5194969177246
AI2562,Summer 2026,Lab Report,1,37,1758,5,7.76654386520386,2026-04-19 21:49:53.942720,81.9300842285156
AI2563,Summer 2026,Essay,0,56,1276,6,24.485860824585,2026-03-26 21:49:53.943018,73.4164657592773
AI2564,Spring 2026,Essay,0,39,1991,10,39.9328079223633,2026-08-28 21:49:53.943317,85.3005218505859
AI2565,Summer 2026,Lab Report,1,35,1975,10,35.5839614868164,2026-05-12 21:49:53.943559,80.702262878418
AI2566,Summer 2026,Literature Review,0,50,1764,9,37.3491973876953,2026-07-08 21:49:53.943807,73.226318359375
AI2567,Fall 2025,Essay,1,32,2396,10,32.8614234924316,2026-07-28 21:49:53.944056,78.1710433959961
AI2568,Summer 2026,Case Study,0,33,1312,6,17.6911087036133,2026-05-06 21:49:53.944307,54.0138854980469
AI2569,Fall 2026,Research Paper,0,54,1776,5,35.373706817627,2026-07-26 21:49:53.944549,63.4042205810547
AI2570,Fall 2026,Research Paper,1,60,1995,14,56.7781600952148,2026-05-09 21:49:53.944792,76.2497711181641
AI2571,Spring 2026,Case Study,0,26,1476,1,34.5463829040527,2026-08-21 21:49:53.945045,78.9364471435547
AI2572,Spring 2026,Case Study,0,32,1047,7,6.60051107406616,2026-07-19 21:49:53.945291,94.7580642700195
AI2573,Summer 2026,Essay,1,51,1296,5,32.4159660339355,2026-03-27 21:49:53.945530,78.8044815063477
AI2574,Fall 2026,Essay,1,58,1400,8,61.4676933288574,2026-04-10 21:49:53.945775,73.8325729370117
AI2575,Fall 2026,Essay,0,58,1117,6,21.7246646881104,2026-07-05 21:49:53.946075,72.4623565673828
AI2576,Fall 2026,Literature Review,1,61,2147,10,47.0069885253906,2026-06-30 21:49:53.946613,79.8945465087891
AI2577,Spring 2026,Research Paper,1,37,1712,7,18.7081699371338,2026-07-04 21:49:53.946924,83.4460525512695
AI2578,Summer 2026,Essay,1,54,1941,10,27.4125843048096,2026-07-20 21:49:53.947785,78.9130020141602
AI2579,Fall 2026,Case Study,0,39,804,8,6.51311302185059,2026-08-26 21:49:53.948305,53.1271133422852
AI2580,Summer 2026,Lab Report,0,24,1315,11,55.3738746643066,2026-08-28 21:49:53.948581,78.6512145996094
AI2581,Summer 2026,Essay,1,58,2158,6,50.0204772949219,2026-06-08 21:49:53.948828,75.9673538208008
AI2582,Fall 2026,Essay,0,61,1098,3,31.4301357269287,2026-05-05 21:49:53.949228,100
AI2583,Fall 2025,Literature Review,1,32,1383,11,50.798511505127,2026-08-14 21:49:53.949706,73.8886184692383
AI2584,Fall 2026,Research Paper,1,52,1397,12,34.3413543701172,2026-05-12 21:49:53.950435,86.0629348754883
AI2585,Fall 2026,Case Study,0,37,1577,5,38.6065101623535,2026-08-08 21:49:53.950902,83.0957870483398
AI2586,Spring 2026,Literature Review,0,43,1071,6,51.2610740661621,2026-03-12 21:49:53.951351,36.0028266906738
AI2587,Fall 2026,Literature Review,1,63,1537,8,23.9921360015869,2026-07-11 21:49:53.951767,76.8365631103516
AI2588,Fall 2026,Literature Review,1,63,938,8,22.629487991333,2026-07-07 21:49:53.952184,80.1411590576172
AI2589,Fall 2026,Literature Review,0,66,1698,13,23.0828895568848,2026-03-17 21:49:53.952462,76.5700073242188
AI2590,Fall 2026,Research Paper,0,57,1775,6,31.6011600494385,2026-06-02 21:49:53.952734,79.0777206420898
AI2591,Fall 2025,Case Study,0,15,2050,9,49.0502548217773,2026-03-17 21:49:53.952995,76.2703323364258
AI2592,Fall 2025,Research Paper,0,24,1721,12,58.4940032958984,2026-04-23 21:49:53.953243,87.3757019042969
AI2593,Fall 2026,Research Paper,0,56,1463,5,48.319938659668,2026-04-15 21:49:53.953485,83.4344100952148
AI2594,Spring 2026,Lab Report,0,22,1605,9,37.6593894958496,2026-04-16 21:49:53.953749,58.6668014526367
AI2595,Fall 2026,Literature Review,1,57,1617,8,36.6353302001953,2026-08-15 21:49:53.954004,84.3299713134766
AI2596,Fall 2025,Literature Review,0,31,1864,8,19.0999145507813,2026-05-14 21:49:53.954261,70.6111831665039
AI2597,Fall 2026,Literature Review,1,60,1384,11,58.2559509277344,2026-04-14 21:49:53.954510,78.1570053100586
AI2598,Fall 2026,Case Study,0,43,1719,15,8.72747135162354,2026-05-12 21:49:53.954763,83.1648483276367
AI2599,Fall 2026,Research Paper,1,50,1284,11,11.1609334945679,2026-03-16 21:49:53.955010,73.9926300048828
AI2600,Fall 2026,Literature Review,1,60,1587,6,58.9055595397949,2026-04-27 21:49:53.955277,80.4626541137695
AI2601,Fall 2025,Case Study,0,14,948,9,31.92041015625,2026-04-07 21:49:53.955541,72.1202774047852
AI2602,Spring 2026,Research Paper,1,36,1707,7,53.8933181762695,2026-05-09 21:49:53.955823,79.8926239013672
AI2603,Spring 2026,Research Paper,0,30,806,3,67.7478942871094,2026-05-24 21:49:53.956110,67.4917678833008
AI2604,Summer 2026,Literature Review,1,51,1559,8,45.8772048950195,2026-06-30 21:49:53.956355,76.8521423339844
AI2605,Spring 2026,Literature Review,1,47,1748,9,19.2430820465088,2026-05-28 21:49:53.956622,83.425048828125
AI2606,Fall 2026,Case Study,0,45,1530,7,65.0162048339844,2026-08-05 21:49:53.956878,74.3128051757813
AI2607,Summer 2026,Case Study,0,37,1850,4,49.1653900146484,2026-03-12 21:49:53.957128,50.668529510498
AI2608,Spring 2026,Lab Report,0,21,1327,14,9.96335029602051,2026-05-28 21:49:53.957370,90.4298095703125
AI2609,Summer 2026,Literature Review,0,52,1644,6,9.68776988983154,2026-05-17 21:49:53.957613,75.8214569091797
AI2610,Fall 2025,Essay,0,30,2091,11,44.6797218322754,2026-08-25 21:49:53.957854,73.0910263061523
AI2611,Fall 2025,Essay,1,27,1706,4,63.2724838256836,2026-09-03 21:49:53.958102,77.8704833984375
AI2612,Fall 2025,Literature Review,1,33,1589,12,23.447998046875,2026-06-05 21:49:53.958349,80.3394393920898
AI2613,Spring 2026,Literature Review,0,38,1315,8,44.247859954834,2026-04-04 21:49:53.958597,73.9219665527344
AI2614,Fall 2026,Research Paper,1,55,1200,6,50.3444175720215,2026-08-10 21:49:53.958837,77.6636505126953
AI2615,Fall 2026,Research Paper,0,51,1455,3,53.5364532470703,2026-06-19 21:49:53.959090,70.4743499755859
AI2616,Fall 2026,Literature Review,0,65,1845,12,10.8959684371948,2026-07-27 21:49:53.959335,85.9948577880859
AI2617,Fall 2026,Research Paper,1,55,1591,8,33.9525604248047,2026-07-07 21:49:53.959577,82.5764541625977
AI2618,Summer 2026,Research Paper,1,34,1543,6,20.0018501281738,2026-07-09 21:49:53.959825,77.7950134277344
AI2619,Summer 2026,Research Paper,1,47,2115,7,30.7323932647705,2026-08-19 21:49:53.960081,82.8731079101563
AI2620,Spring 2026,Case Study,0,23,1981,8,9.01373291015625,2026-08-08 21:49:53.960329,76.109992980957
AI2621,Fall 2025,Research Paper,0,18,1955,8,21.8511028289795,2026-04-14 21:49:53.960571,65.4218521118164
AI2622,Fall 2026,Lab Report,1,46,1199,5,32.8411674499512,2026-04-04 21:49:53.960823,80.3915023803711
AI2623,Fall 2025,Literature Review,0,40,2197,7,27.3484992980957,2026-08-20 21:49:53.961143,71.3152313232422
AI2624,Fall 2026,Essay,0,64,1579,9,41.339973449707,2026-05-28 21:49:53.961393,87.9358901977539
AI2625,Fall 2026,Lab Report,1,36,1078,6,43.3365707397461,2026-08-30 21:49:53.961654,78.4062728881836
AI2626,Summer 2026,Lab Report,0,24,2026,8,53.7632637023926,2026-08-17 21:49:53.961905,100
AI2627,Spring 2026,Essay,0,37,1542,8,49.9446182250977,2026-03-16 21:49:53.962154,61.9503936767578
AI2628,Fall 2026,Research Paper,1,57,1586,9,11.34938621521,2026-06-09 21:49:53.962395,74.7345275878906
AI2629,Fall 2026,Essay,1,58,903,10,35.7709274291992,2026-04-09 21:49:53.962643,72.4194869995117
AI2630,Fall 2025,Research Paper,0,25,1450,5,26.0609073638916,2026-05-22 21:49:53.963333,62.1176414489746
AI2631,Summer 2026,Lab Report,0,26,2196,4,5.51129627227783,2026-07-28 21:49:53.963762,74.5199279785156
AI2632,Summer 2026,Literature Review,0,67,1606,7,23.5660381317139,2026-08-14 21:49:53.964211,72.6587142944336
AI2633,Fall 2026,Lab Report,1,37,1843,6,19.4971961975098,2026-07-15 21:49:53.964544,80.0421600341797
AI2634,Summer 2026,Research Paper,1,45,1238,7,39.1675872802734,2026-08-03 21:49:53.964795,68.9008483886719
AI2635,Spring 2026,Case Study,1,24,1801,11,31.2066955566406,2026-06-10 21:49:53.965247,76.0420837402344
AI2636,Fall 2025,Literature Review,0,35,1475,9,17.524393081665,2026-05-03 21:49:53.965698,62.4561920166016
AI2637,Spring 2026,Literature Review,0,46,1034,13,58.8005027770996,2026-04-18 21:49:53.965950,70.9405746459961
AI2638,Spring 2026,Lab Report,0,14,2161,7,25.9640598297119,2026-03-18 21:49:53.966212,68.1221160888672
AI2639,Spring 2026,Essay,1,37,1558,4,17.8263168334961,2026-08-26 21:49:53.966457,70.6341171264648
AI2640,Fall 2025,Literature Review,1,44,1113,7,44.5629386901855,2026-07-11 21:49:53.966709,83.7984771728516
AI2641,Spring 2026,Essay,1,43,1103,11,58.7669143676758,2026-07-11 21:49:53.966996,67.96630859375
AI2642,Fall 2025,Research Paper,0,25,1894,16,23.5848636627197,2026-05-10 21:49:53.967262,79.9335479736328
AI2643,Fall 2026,Essay,0,56,1741,7,17.8384666442871,2026-07-26 21:49:53.967504,63.3403587341309
AI2644,Fall 2026,Literature Review,0,66,585,7,51.9657974243164,2026-05-05 21:49:53.967747,83.3236312866211
AI2645,Spring 2026,Lab Report,0,31,2073,14,44.263313293457,2026-03-14 21:49:53.967997,75.0018005371094
AI2646,Fall 2025,Lab Report,0,19,1645,4,36.3838500976563,2026-06-27 21:49:53.968241,78.5341567993164
AI2647,Fall 2025,Literature Review,1,40,1776,6,29.5052032470703,2026-06-21 21:49:53.968484,83.4749221801758
AI2648,Summer 2026,Literature Review,0,54,1221,10,31.5369052886963,2026-04-17 21:49:53.968731,68.1637420654297
AI2649,Fall 2025,Literature Review,0,35,740,10,41.6948661804199,2026-09-01 21:49:53.968980,74.2823333740234
AI2650,Fall 2026,Research Paper,0,55,1252,11,14.0652828216553,2026-06-09 21:49:53.969230,74.5561141967773
AI2651,Fall 2025,Research Paper,0,27,1755,13,20.6866512298584,2026-04-16 21:49:53.969472,84.382209777832
AI2652,Fall 2026,Lab Report,0,41,952,5,28.376802444458,2026-03-30 21:49:53.969713,74.6428298950195
AI2653,Fall 2026,Literature Review,0,64,1702,8,25.4383735656738,2026-06-19 21:49:53.969980,74.2642135620117
AI2654,Fall 2026,Literature Review,1,64,1278,7,32.5300712585449,2026-05-02 21:49:53.970237,78.6905136108398
AI2655,Fall 2026,Case Study,1,40,1764,8,18.1359882354736,2026-05-12 21:49:53.970487,85.9424743652344
AI2656,Fall 2026,Case Study,0,32,1381,8,37.561710357666,2026-06-20 21:49:53.970745,81.2253112792969
AI2657,Summer 2026,Essay,1,51,1449,9,71.4421157836914,2026-06-20 21:49:53.970995,90.6231994628906
AI2658,Fall 2025,Literature Review,0,31,1147,14,33.4507713317871,2026-04-19 21:49:53.971249,76.5079879760742
AI2659,Fall 2026,Literature Review,1,74,1699,8,67.4783935546875,2026-07-09 21:49:53.971491,83.5894622802734
AI2660,Summer 2026,Essay,0,59,2049,10,58.6072540283203,2026-07-29 21:49:53.971736,67.878303527832
AI2661,Fall 2026,Literature Review,1,65,1481,9,29.9756183624268,2026-07-18 21:49:53.971999,79.275146484375
AI2662,Fall 2025,Literature Review,0,39,2129,10,34.1500778198242,2026-06-21 21:49:53.972250,73.123176574707
AI2663,Fall 2026,Research Paper,0,60,1540,15,3.53062987327576,2026-05-14 21:49:53.972490,79.7339019775391
AI2664,Summer 2026,Essay,1,48,1152,11,36.3173179626465,2026-04-26 21:49:53.972729,86.5063171386719
AI2665,Fall 2026,Lab Report,0,39,1497,6,60.5008354187012,2026-03-16 21:49:53.972980,63.716739654541
AI2666,Fall 2025,Case Study,0,17,1962,6,21.0649147033691,2026-03-30 21:49:53.973228,68.5566787719727
AI2667,Fall 2026,Case Study,0,45,1656,10,27.6743488311768,2026-04-18 21:49:53.973499,55.9768257141113
AI2668,Fall 2026,Case Study,0,41,1440,7,13.4503040313721,2026-07-27 21:49:53.973742,65.0737075805664
AI2669,Summer 2026,Lab Report,0,32,1239,10,49.1933212280273,2026-06-02 21:49:53.973989,75.4946899414063
AI2670,Summer 2026,Lab Report,0,29,1509,9,56.0725975036621,2026-04-10 21:49:53.974234,90.4967651367188
AI2671,Fall 2026,Literature Review,1,69,1378,15,35.4318389892578,2026-09-07 21:49:53.974478,87.8248748779297
AI2672,Fall 2026,Case Study,0,45,1746,10,12.9768018722534,2026-09-01 21:49:53.974724,76.5283889770508
AI2673,Fall 2026,Essay,0,61,1953,6,27.9760971069336,2026-04-21 21:49:53.974969,71.8167266845703
AI2674,Spring 2026,Case Study,0,22,1202,11,70.0092239379883,2026-07-31 21:49:53.975253,86.407958984375
AI2675,Spring 2026,Essay,0,36,1445,8,44.325065612793,2026-03-30 21:49:53.975507,94.914421081543
AI2676,Spring 2026,Essay,0,36,1166,11,23.3661079406738,2026-05-30 21:49:53.975747,78.6991806030273
AI2677,Fall 2026,Lab Report,0,43,2052,5,52.052562713623,2026-08-01 21:49:53.976036,100
AI2678,Fall 2025,Case Study,0,14,2266,9,13.2076148986816,2026-07-14 21:49:53.976301,77.8888168334961
AI2679,Spring 2026,Essay,1,43,2021,17,20.4169330596924,2026-06-04 21:49:53.976543,76.6922225952148
AI2680,Spring 2026,Lab Report,0,15,1297,2,27.4856376647949,2026-09-01 21:49:53.976827,74.1711959838867
AI2681,Summer 2026,Literature Review,0,54,1883,7,26.5448684692383,2026-05-17 21:49:53.977099,71.4579925537109
AI2682,Fall 2025,Literature Review,1,42,1653,10,50.7545433044434,2026-05-05 21:49:53.977354,73.2770919799805
AI2683,Fall 2025,Case Study,1,18,1613,6,14.9047260284424,2026-07-02 21:49:53.977620,77.0403900146484
AI2684,Fall 2026,Research Paper,1,62,1742,7,22.9907894134521,2026-05-19 21:49:53.977871,78.8776702880859
AI2685,Spring 2026,Case Study,0,17,996,11,11.5624046325684,2026-06-12 21:49:53.978123,70.946403503418
AI2686,Spring 2026,Research Paper,0,27,1575,4,12.8824453353882,2026-05-12 21:49:53.978367,69.2021865844727
AI2687,Fall 2026,Research Paper,0,51,1092,9,20.051097869873,2026-05-23 21:49:53.978612,93.0954360961914
AI2688,Fall 2025,Literature Review,0,40,1152,7,14.9623203277588,2026-05-04 21:49:53.978853,69.4756546020508
AI2689,Spring 2026,Research Paper,0,38,1551,6,16.2483787536621,2026-08-15 21:49:53.979331,90.1730651855469
AI2690,Fall 2025,Lab Report,1,5,1661,7,51.2625274658203,2026-03-20 21:49:53.980327,84.778450012207
AI2691,Summer 2026,Lab Report,1,31,1677,6,11.361554145813,2026-07-03 21:49:53.980830,74.7297439575195
AI2692,Summer 2026,Research Paper,1,48,2126,8,73.5066604614258,2026-05-27 21:49:53.981333,77.1745376586914
AI2693,Spring 2026,Case Study,1,22,879,8,50.5982627868652,2026-08-14 21:49:53.981859,81.9283065795898
AI2694,Fall 2025,Lab Report,0,10,1849,6,41.9335136413574,2026-06-09 21:49:53.982390,61.1769790649414
AI2695,Fall 2026,Literature Review,1,63,1534,7,22.3797817230225,2026-07-10 21:49:53.983211,79.5776672363281
AI2696,Summer 2026,Case Study,1,40,1711,12,51.4031295776367,2026-09-05 21:49:53.984176,72.9968872070313
AI2697,Fall 2026,Lab Report,1,29,1487,8,75.6178970336914,2026-08-19 21:49:53.985089,83.4381408691406
AI2698,Fall 2025,Research Paper,0,26,1764,11,7.38001155853271,2026-06-11 21:49:53.985776,60.6939353942871
AI2699,Fall 2025,Research Paper,1,27,936,7,54.6273612976074,2026-04-16 21:49:53.986614,82.1936798095703
AI2700,Summer 2026,Lab Report,0,34,1401,8,60.2676277160645,2026-06-21 21:49:53.987329,75.9129104614258
AI2701,Spring 2026,Essay,0,40,659,10,51.9991073608398,2026-06-01 21:49:53.987842,76.1815032958984
AI2702,Summer 2026,Research Paper,1,54,918,10,28.5570526123047,2026-05-29 21:49:53.988322,75.8214645385742
AI2703,Fall 2026,Essay,1,54,1542,10,40.5167427062988,2026-05-09 21:49:53.988769,72.8013229370117
AI2704,Spring 2026,Essay,1,28,1321,7,28.0250625610352,2026-05-18 21:49:53.989414,82.4223937988281
AI2705,Fall 2025,Lab Report,0,11,1139,11,35.0881042480469,2026-09-03 21:49:53.989897,69.8466491699219
AI2706,Spring 2026,Essay,0,39,968,13,21.059871673584,2026-04-01 21:49:53.990387,76.6498794555664
AI2707,Fall 2026,Essay,0,56,2512,13,34.6727447509766,2026-03-18 21:49:53.990914,88.5401763916016
AI2708,Fall 2026,Case Study,1,38,932,11,38.0688514709473,2026-09-01 21:49:53.991429,76.1853790283203
AI2709,Summer 2026,Essay,0,44,1917,10,60.5674781799316,2026-06-06 21:49:53.992127,70.3569793701172
AI2710,Summer 2026,Essay,0,51,1299,6,71.3962097167969,2026-08-21 21:49:53.992618,70.4761047363281
AI2711,Spring 2026,Research Paper,0,26,1296,12,43.8556327819824,2026-08-12 21:49:53.993049,61.7944488525391
AI2712,Fall 2026,Lab Report,1,29,1088,7,3.5491030216217,2026-06-07 21:49:53.993345,74.208122253418
AI2713,Spring 2026,Essay,0,42,1448,9,22.9772300720215,2026-03-19 21:49:53.993599,89.137077331543
AI2714,Fall 2025,Research Paper,0,28,359,8,6.81730604171753,2026-08-05 21:49:53.993846,71.3458023071289
AI2715,Fall 2026,Lab Report,0,35,1716,12,54.9450607299805,2026-05-08 21:49:53.994128,67.232177734375
AI2716,Fall 2025,Lab Report,0,7,1728,8,14.3226184844971,2026-06-22 21:49:53.994373,95.5450439453125
AI2717,Spring 2026,Literature Review,0,40,1614,10,4.42194700241089,2026-05-27 21:49:53.994632,81.8593368530273
AI2718,Summer 2026,Case Study,0,33,1755,6,40.168342590332,2026-08-20 21:49:53.994881,67.4203720092773
AI2719,Fall 2025,Case Study,0,12,1578,10,15.1278791427612,2026-03-26 21:49:53.995176,89.0346450805664
AI2720,Fall 2026,Essay,1,58,1601,10,35.3850631713867,2026-08-17 21:49:53.995551,78.4342498779297
AI2721,Fall 2025,Research Paper,0,28,1285,7,19.6863212585449,2026-04-14 21:49:53.995940,89.4911270141602
AI2722,Fall 2026,Research Paper,0,53,1262,4,18.5855770111084,2026-06-24 21:49:53.998229,91.4982070922852
AI2723,Summer 2026,Literature Review,1,59,1848,9,40.6112442016602,2026-07-01 21:49:53.998885,86.1659774780273
AI2724,Spring 2026,Lab Report,0,19,1386,8,46.2981758117676,2026-08-02 21:49:53.999455,77.9102401733398
AI2725,Summer 2026,Case Study,1,39,1800,2,24.4574394226074,2026-07-26 21:49:53.999913,76.7177276611328
AI2726,Summer 2026,Literature Review,0,52,1424,11,80.1739654541016,2026-08-21 21:49:54.000388,72.8044281005859
AI2727,Fall 2026,Essay,0,61,1231,13,54.1113815307617,2026-06-11 21:49:54.000714,100
AI2728,Spring 2026,Case Study,0,25,1044,13,2.19478273391724,2026-05-04 21:49:54.001075,67.5135345458984
AI2729,Summer 2026,Research Paper,0,47,1226,8,43.4744758605957,2026-03-30 21:49:54.001415,54.609447479248
AI2730,Summer 2026,Literature Review,1,55,1782,9,10.9536638259888,2026-08-27 21:49:54.001730,78.8612442016602
AI2731,Summer 2026,Research Paper,0,45,1104,4,11.3432464599609,2026-03-22 21:49:54.002107,64.7055511474609
AI2732,Fall 2026,Essay,1,60,1798,4,36.971923828125,2026-08-30 21:49:54.002530,72.3394622802734
AI2733,Fall 2026,Case Study,0,44,1372,8,12.7882947921753,2026-07-25 21:49:54.003033,100
AI2734,Fall 2025,Lab Report,0,9,654,9,19.3953723907471,2026-05-12 21:49:54.003512,98.7939605712891
AI2735,Fall 2026,Essay,0,54,1760,4,55.9799728393555,2026-09-06 21:49:54.003976,61.5806503295898
AI2736,Summer 2026,Essay,1,43,1690,6,12.7775926589966,2026-07-13 21:49:54.004442,71.5053100585938
AI2737,Fall 2025,Lab Report,0,8,2390,8,43.7713356018066,2026-03-13 21:49:54.004902,69.3545532226563
AI2738,Fall 2026,Case Study,1,51,1314,7,29.4849834442139,2026-08-31 21:49:54.005399,77.57421875
AI2739,Fall 2025,Case Study,0,21,1936,8,12.6108255386353,2026-05-10 21:49:54.005880,57.4826316833496
AI2740,Fall 2026,Research Paper,0,55,2083,17,70.7177352905273,2026-06-28 21:49:54.006406,81.7795791625977
AI2741,Fall 2025,Case Study,0,18,1043,6,23.6167869567871,2026-06-11 21:49:54.006856,78.6239852905273
AI2742,Summer 2026,Essay,0,56,1275,6,19.5372428894043,2026-08-15 21:49:54.007351,70.9188613891602
AI2743,Fall 2025,Literature Review,0,26,1739,10,60.9624519348145,2026-05-05 21:49:54.007801,71.5208587646484
AI2744,Summer 2026,Essay,1,48,1759,5,19.1748504638672,2026-06-13 21:49:54.008283,69.7418365478516
AI2745,Summer 2026,Case Study,0,24,961,11,4.23050260543823,2026-05-06 21:49:54.008768,83.6432952880859
AI2746,Summer 2026,Research Paper,1,56,1806,5,43.216869354248,2026-07-31 21:49:54.009276,81.3795776367188
AI2747,Spring 2026,Research Paper,1,38,1346,5,36.6544151306152,2026-08-18 21:49:54.009733,78.075813293457
AI2748,Fall 2026,Research Paper,1,59,1554,5,22.7536964416504,2026-08-10 21:49:54.010221,82.6208572387695
AI2749,Fall 2026,Essay,1,66,1843,9,29.9215431213379,2026-08-06 21:49:54.010672,74.6141357421875
AI2750,Summer 2026,Case Study,0,39,758,10,37.4759292602539,2026-06-13 21:49:54.011441,83.7559432983398
AI2751,Spring 2026,Research Paper,1,42,1787,7,71.9200286865234,2026-03-24 21:49:54.011906,77.396110534668
AI2752,Summer 2026,Lab Report,0,24,1677,12,1.01889407634735,2026-07-12 21:49:54.012240,77.3677749633789
AI2753,Summer 2026,Research Paper,0,41,912,10,26.8779563903809,2026-03-14 21:49:54.012489,66.8318557739258
AI2754,Summer 2026,Research Paper,1,44,1022,9,11.5150318145752,2026-03-25 21:49:54.013253,78.2161102294922
AI2755,Spring 2026,Lab Report,0,20,1581,9,42.6578102111816,2026-06-18 21:49:54.014072,86.0662689208984
AI2756,Fall 2026,Essay,1,58,1073,9,4.88499450683594,2026-06-20 21:49:54.014373,70.6570205688477
AI2757,Fall 2026,Lab Report,0,31,756,4,17.9646339416504,2026-04-24 21:49:54.014645,72.6101531982422
AI2758,Spring 2026,Literature Review,1,44,1572,9,16.0591297149658,2026-04-27 21:49:54.014939,82.0951385498047
AI2759,Summer 2026,Lab Report,1,26,1512,10,41.9018173217773,2026-06-01 21:49:54.015232,84.1774215698242
AI2760,Spring 2026,Essay,0,34,1857,5,71.3361053466797,2026-07-28 21:49:54.015482,66.7716445922852
AI2761,Fall 2026,Lab Report,0,37,1853,9,11.7894315719604,2026-08-13 21:49:54.015723,90.6723327636719
AI2762,Fall 2026,Case Study,1,52,733,7,16.2897510528564,2026-04-29 21:49:54.016104,77.0499725341797
AI2763,Summer 2026,Research Paper,1,45,1498,7,26.5019626617432,2026-07-13 21:49:54.016567,80.7625503540039
AI2764,Fall 2026,Literature Review,1,73,1328,7,16.693790435791,2026-04-10 21:49:54.017116,78.9048385620117
AI2765,Summer 2026,Case Study,1,41,2551,11,26.6586036682129,2026-05-15 21:49:54.017866,85.739372253418
AI2766,Summer 2026,Lab Report,0,26,668,7,22.8125801086426,2026-03-25 21:49:54.018609,59.1079063415527
AI2767,Fall 2025,Research Paper,0,29,2082,5,9.87333488464355,2026-05-11 21:49:54.019119,79.1360092163086
AI2768,Fall 2026,Literature Review,1,62,1620,6,33.5750961303711,2026-03-22 21:49:54.019597,80.1230926513672
AI2769,Spring 2026,Lab Report,1,21,859,10,40.1923866271973,2026-08-21 21:49:54.020210,73.1862258911133
AI2770,Fall 2026,Case Study,1,47,1651,13,31.221622467041,2026-07-31 21:49:54.020692,75.2818450927734
AI2771,Fall 2026,Literature Review,1,62,2028,7,15.8325099945068,2026-05-18 21:49:54.021216,72.7972030639648
AI2772,Fall 2026,Essay,0,59,1455,9,11.9643850326538,2026-05-06 21:49:54.021698,83.0490493774414
AI2773,Spring 2026,Research Paper,1,31,1081,8,29.1810855865479,2026-04-17 21:49:54.022178,85.0811004638672
AI2774,Fall 2025,Essay,0,31,1751,5,34.758731842041,2026-04-30 21:49:54.022648,56.7155876159668
AI2775,Spring 2026,Lab Report,0,12,1229,11,31.1882381439209,2026-08-14 21:49:54.023107,77.489128112793
AI2776,Summer 2026,Research Paper,1,47,1384,3,5.14877557754517,2026-05-28 21:49:54.023618,78.4535598754883
AI2777,Summer 2026,Literature Review,0,63,1781,16,42.1239967346191,2026-06-18 21:49:54.024115,85.1846237182617
AI2778,Fall 2025,Literature Review,0,36,1766,10,18.6477546691895,2026-05-10 21:49:54.024642,63.3092765808105
AI2779,Fall 2025,Essay,1,37,2154,6,39.0601921081543,2026-05-03 21:49:54.025134,83.5903930664063
AI2780,Fall 2025,Lab Report,0,8,953,9,17.2796497344971,2026-05-29 21:49:54.025595,68.7456970214844
AI2781,Spring 2026,Case Study,0,27,1818,7,28.3400840759277,2026-07-31 21:49:54.026022,83.5429840087891
AI2782,Summer 2026,Essay,0,44,1243,10,19.5647678375244,2026-03-17 21:49:54.026294,76.7627944946289
AI2783,Spring 2026,Case Study,0,31,1489,4,20.3920612335205,2026-05-05 21:49:54.026543,67.6893768310547
AI2784,Spring 2026,Lab Report,1,14,1829,10,37.9603843688965,2026-06-12 21:49:54.026788,69.5397720336914
AI2785,Fall 2026,Research Paper,1,49,1740,12,57.3841133117676,2026-04-26 21:49:54.027253,80.065315246582
AI2786,Fall 2026,Essay,0,58,1244,8,74.2944946289063,2026-03-23 21:49:54.027727,44.4992446899414
AI2787,Spring 2026,Research Paper,0,40,1553,6,45.5246467590332,2026-05-30 21:49:54.028000,83.9364471435547
AI2788,Fall 2026,Essay,0,59,1561,10,30.3637638092041,2026-07-25 21:49:54.028251,72.7993698120117
AI2789,Summer 2026,Lab Report,0,26,1175,9,17.2876148223877,2026-05-24 21:49:54.028497,73.2257232666016
AI2790,Fall 2026,Case Study,1,47,1796,8,76.7296676635742,2026-07-21 21:49:54.028740,86.3335952758789
AI2791,Summer 2026,Essay,1,62,1637,11,5.54632616043091,2026-08-27 21:49:54.029008,78.4060821533203
AI2792,Fall 2025,Case Study,0,16,962,6,20.5697269439697,2026-05-08 21:49:54.029638,65.8168792724609
AI2793,Summer 2026,Literature Review,1,55,1234,6,37.507251739502,2026-07-13 21:49:54.030356,82.3704223632813
AI2794,Fall 2026,Lab Report,0,33,953,7,34.3127212524414,2026-05-10 21:49:54.030837,60.2226295471191
AI2795,Summer 2026,Essay,0,53,803,13,54.9686546325684,2026-08-11 21:49:54.031718,80.7242813110352
AI2796,Spring 2026,Case Study,0,31,1557,8,5.07442808151245,2026-05-07 21:49:54.032104,80.0988006591797
AI2797,Fall 2026,Literature Review,0,71,1056,10,19.8569488525391,2026-08-21 21:49:54.032389,65.8255081176758
AI2798,Spring 2026,Research Paper,0,39,1613,8,5.78726148605347,2026-07-23 21:49:54.032632,67.1533737182617
AI2799,Summer 2026,Essay,1,43,1128,10,56.3841705322266,2026-07-09 21:49:54.032874,82.292350769043
AI2800,Fall 2025,Essay,0,21,1160,8,49.4369430541992,2026-07-23 21:49:54.033158,88.2548980712891
AI2801,Fall 2026,Case Study,1,50,1078,6,29.6782341003418,2026-08-30 21:49:54.033410,83.6767883300781
AI2802,Fall 2026,Essay,1,61,1635,8,50.809642791748,2026-07-13 21:49:54.033658,76.7098007202148
AI2803,Spring 2026,Case Study,0,21,1344,8,15.9089126586914,2026-05-07 21:49:54.033906,88.9378890991211
AI2804,Summer 2026,Lab Report,1,25,1089,1,27.8678169250488,2026-06-04 21:49:54.034158,75.7245483398438
AI2805,Fall 2026,Lab Report,0,38,2150,15,17.3214416503906,2026-06-22 21:49:54.034405,74.9604110717773
AI2806,Summer 2026,Lab Report,1,22,1324,8,17.1309337615967,2026-03-21 21:49:54.034646,76.1259155273438
AI2807,Summer 2026,Lab Report,0,31,1158,6,12.4456911087036,2026-04-12 21:49:54.034909,61.6051406860352
AI2808,Fall 2026,Essay,0,59,1053,8,18.4697113037109,2026-03-25 21:49:54.035175,43.8433303833008
AI2809,Fall 2026,Literature Review,0,62,2377,6,20.2193546295166,2026-03-25 21:49:54.035431,80.801025390625
AI2810,Fall 2026,Lab Report,0,40,2249,5,54.4585838317871,2026-06-04 21:49:54.035676,84.9469299316406
AI2811,Fall 2025,Literature Review,0,34,1473,2,24.4562549591064,2026-04-06 21:49:54.035919,99.0132217407227
AI2812,Fall 2026,Case Study,0,40,1392,9,29.7819328308105,2026-05-08 21:49:54.036232,65.1874618530273
AI2813,Fall 2026,Lab Report,0,41,1480,10,35.6138877868652,2026-07-06 21:49:54.036477,90.7359161376953
AI2814,Fall 2026,Research Paper,0,42,1457,8,30.9862308502197,2026-04-17 21:49:54.036719,93.4226760864258
AI2815,Summer 2026,Research Paper,0,51,2004,13,46.6933288574219,2026-08-11 21:49:54.036975,76.8823776245117
AI2816,Fall 2026,Case Study,0,52,1762,4,26.0448055267334,2026-06-16 21:49:54.037229,57.8478546142578
AI2817,Fall 2025,Literature Review,0,43,1162,15,42.9694366455078,2026-08-19 21:49:54.037491,71.0498580932617
AI2818,Summer 2026,Research Paper,0,53,2041,7,43.2202301025391,2026-08-25 21:49:54.037732,64.1207504272461
AI2819,Spring 2026,Literature Review,1,38,1808,9,17.6913757324219,2026-07-15 21:49:54.037984,76.4421463012695
AI2820,Fall 2026,Literature Review,1,71,1401,11,26.2043151855469,2026-05-02 21:49:54.038235,78.1447982788086
AI2821,Fall 2026,Case Study,1,52,1684,6,6.82878398895264,2026-04-02 21:49:54.038482,77.9316635131836
AI2822,Fall 2026,Essay,1,59,1485,8,50.7981834411621,2026-08-05 21:49:54.038729,80.0989303588867
AI2823,Fall 2026,Lab Report,1,43,1976,9,44.3714141845703,2026-06-23 21:49:54.038989,84.5769195556641
AI2824,Summer 2026,Research Paper,0,48,971,4,2.92611503601074,2026-08-10 21:49:54.039244,54.0325736999512
AI2825,Summer 2026,Essay,0,49,1676,9,12.8862266540527,2026-07-02 21:49:54.039486,77.9048156738281
AI2826,Summer 2026,Case Study,0,31,964,9,11.2875413894653,2026-03-27 21:49:54.039732,74.3323822021484
AI2827,Fall 2025,Literature Review,0,35,1330,3,14.3592548370361,2026-06-04 21:49:54.039985,83.646858215332
AI2828,Fall 2026,Essay,0,58,1249,7,61.675365447998,2026-06-15 21:49:54.040229,93.7175827026367
AI2829,Summer 2026,Essay,0,47,1484,9,15.414421081543,2026-08-26 21:49:54.040470,78.0844421386719
AI2830,Summer 2026,Lab Report,0,31,1764,6,57.4038200378418,2026-08-15 21:49:54.040715,83.0647583007813
AI2831,Fall 2026,Research Paper,1,52,1015,5,69.7725601196289,2026-03-28 21:49:54.040972,82.9683990478516
AI2832,Fall 2026,Research Paper,0,50,1735,8,2.41825652122498,2026-05-31 21:49:54.041229,54.6182670593262
AI2833,Fall 2026,Research Paper,0,61,1451,5,59.3955688476563,2026-08-16 21:49:54.041471,71.7284393310547
AI2834,Spring 2026,Essay,1,40,1340,7,40.0760879516602,2026-05-02 21:49:54.041711,80.0735473632813
AI2835,Fall 2026,Literature Review,0,64,1128,8,59.3571128845215,2026-07-22 21:49:54.041991,74.2194137573242
AI2836,Spring 2026,Literature Review,0,46,1457,11,41.551887512207,2026-04-21 21:49:54.042264,86.3752288818359
AI2837,Fall 2026,Lab Report,1,44,2083,10,37.5710601806641,2026-08-12 21:49:54.042525,81.7757797241211
AI2838,Fall 2025,Lab Report,0,14,1685,12,30.4106731414795,2026-05-07 21:49:54.042776,67.5459442138672
AI2839,Fall 2025,Case Study,0,7,1087,10,21.2731456756592,2026-08-01 21:49:54.043186,67.9087219238281
AI2840,Spring 2026,Case Study,0,26,1160,7,44.3007469177246,2026-07-22 21:49:54.043737,76.8023223876953
AI2841,Summer 2026,Literature Review,1,54,1246,11,13.7361164093018,2026-05-24 21:49:54.044264,77.4506301879883
AI2842,Summer 2026,Essay,1,56,1968,12,70.4933166503906,2026-05-06 21:49:54.044680,81.3072280883789
AI2843,Fall 2026,Essay,0,58,1147,4,19.1495742797852,2026-03-29 21:49:54.045177,76.8018493652344
AI2844,Spring 2026,Research Paper,1,38,1058,12,14.6612701416016,2026-04-10 21:49:54.045692,75.0526504516602
AI2845,Fall 2025,Research Paper,0,24,1471,8,69.2641983032227,2026-05-12 21:49:54.046618,67.9699325561523
AI2846,Fall 2026,Lab Report,1,39,981,8,24.7910480499268,2026-07-01 21:49:54.047767,73.9694442749023
AI2847,Spring 2026,Essay,0,35,1862,6,15.7658624649048,2026-04-05 21:49:54.048328,96.6728363037109
AI2848,Spring 2026,Lab Report,0,17,1854,4,41.8975944519043,2026-09-07 21:49:54.048806,79.9469223022461
AI2849,Spring 2026,Essay,0,38,1887,7,20.2604885101318,2026-05-13 21:49:54.049176,82.1364974975586
AI2850,Fall 2026,Essay,1,60,881,11,28.151876449585,2026-08-17 21:49:54.049425,78.6480484008789
AI2851,Summer 2026,Case Study,0,44,1680,9,25.2566432952881,2026-08-08 21:49:54.049676,65.9953765869141
AI2852,Summer 2026,Lab Report,0,34,1415,12,25.497034072876,2026-06-09 21:49:54.049918,81.1541748046875
AI2853,Summer 2026,Essay,1,56,1749,5,32.5759086608887,2026-06-29 21:49:54.050169,83.2003555297852
AI2854,Summer 2026,Literature Review,1,62,1367,12,10.3902997970581,2026-04-01 21:49:54.050419,76.3234252929688
AI2855,Fall 2025,Research Paper,0,29,998,3,42.7814865112305,2026-05-14 21:49:54.050669,80.3491744995117
AI2856,Spring 2026,Essay,0,42,776,6,46.1000289916992,2026-05-30 21:49:54.050953,65.2572784423828
AI2857,Fall 2025,Case Study,0,10,2006,7,36.0256767272949,2026-03-16 21:49:54.051258,63.4741172790527
AI2858,Spring 2026,Lab Report,0,22,1404,9,67.3347396850586,2026-06-02 21:49:54.051504,56.9504661560059
AI2859,Fall 2026,Literature Review,0,70,1411,13,37.1247291564941,2026-09-07 21:49:54.051748,78.0197601318359
AI2860,Fall 2025,Research Paper,0,22,1222,7,47.6493072509766,2026-03-21 21:49:54.052017,77.3105087280273
AI2861,Fall 2026,Essay,1,65,1507,13,35.0126838684082,2026-08-19 21:49:54.052267,78.4953842163086
AI2862,Spring 2026,Essay,0,37,2040,9,32.8430137634277,2026-04-16 21:49:54.052518,70.3091049194336
AI2863,Fall 2026,Literature Review,0,66,1722,9,58.0306167602539,2026-08-13 21:49:54.052759,67.5543060302734
AI2864,Spring 2026,Case Study,1,25,1891,7,3.28890824317932,2026-07-19 21:49:54.053006,78.8188858032227
AI2865,Summer 2026,Research Paper,0,42,1487,9,32.8300819396973,2026-05-09 21:49:54.053255,67.7578506469727
AI2866,Fall 2025,Essay,0,30,1588,7,21.8752517700195,2026-04-11 21:49:54.053497,85.3953170776367
AI2867,Fall 2026,Research Paper,1,51,1469,10,10.6645059585571,2026-08-10 21:49:54.053737,75.614860534668
AI2868,Fall 2026,Research Paper,1,55,1356,8,51.2500152587891,2026-03-23 21:49:54.054002,71.6104583740234
AI2869,Fall 2026,Research Paper,1,56,1085,7,31.800594329834,2026-08-03 21:49:54.054255,78.8027038574219
AI2870,Fall 2026,Research Paper,1,56,863,6,20.5438632965088,2026-08-31 21:49:54.054505,75.0240783691406
AI2871,Fall 2025,Research Paper,0,27,1492,9,33.2448768615723,2026-06-24 21:49:54.054755,72.6655807495117
AI2872,Fall 2026,Essay,1,60,1228,5,18.4725036621094,2026-05-15 21:49:54.055004,81.3972702026367
AI2873,Summer 2026,Literature Review,1,50,1265,8,13.9962348937988,2026-04-30 21:49:54.055260,81.3227920532227
AI2874,Spring 2026,Essay,0,47,1475,5,36.3810043334961,2026-03-18 21:49:54.055509,79.794189453125
AI2875,Fall 2025,Research Paper,1,28,1589,12,28.6669235229492,2026-06-20 21:49:54.055764,74.571647644043
AI2876,Fall 2026,Literature Review,1,74,1179,4,38.2972679138184,2026-06-18 21:49:54.056019,78.4871520996094
AI2877,Spring 2026,Essay,1,46,1281,5,17.0275287628174,2026-05-24 21:49:54.056269,86.4892044067383
AI2878,Fall 2025,Research Paper,0,27,1120,8,32.0547714233398,2026-04-27 21:49:54.056518,53.968822479248
AI2879,Fall 2025,Research Paper,0,19,1918,12,43.8615264892578,2026-04-16 21:49:54.056759,70.2164764404297
AI2880,Fall 2026,Literature Review,1,62,1707,6,14.247950553894,2026-04-17 21:49:54.057032,79.6260299682617
AI2881,Fall 2025,Essay,0,35,2108,9,28.6356315612793,2026-06-22 21:49:54.057283,83.1081314086914
AI2882,Fall 2026,Research Paper,0,53,2049,7,24.304536819458,2026-08-18 21:49:54.057525,78.9637908935547
AI2883,Summer 2026,Essay,1,51,1410,11,19.160961151123,2026-08-13 21:49:54.057766,69.8154525756836
AI2884,Summer 2026,Case Study,0,39,1074,7,6.33916187286377,2026-07-17 21:49:54.058018,65.0426254272461
AI2885,Summer 2026,Literature Review,1,54,1447,10,29.4060039520264,2026-05-31 21:49:54.058292,83.8499145507813
AI2886,Fall 2026,Research Paper,1,54,1764,10,38.6396141052246,2026-06-22 21:49:54.058546,74.3661041259766
AI2887,Fall 2026,Research Paper,1,57,1923,11,69.7987442016602,2026-07-21 21:49:54.058793,73.7031173706055
AI2888,Spring 2026,Research Paper,0,32,2075,9,48.59375,2026-04-15 21:49:54.059202,66.379020690918
AI2889,Fall 2025,Research Paper,1,28,1667,7,5.34075689315796,2026-05-20 21:49:54.059625,67.7205047607422
AI2890,Summer 2026,Literature Review,1,64,1680,11,13.9828844070435,2026-07-31 21:49:54.059888,78.2813034057617
AI2891,Fall 2026,Essay,1,62,1770,5,38.4031295776367,2026-05-30 21:49:54.060154,71.0542678833008
AI2892,Spring 2026,Essay,0,38,925,8,48.0338363647461,2026-06-06 21:49:54.060404,82.7492141723633
AI2893,Fall 2026,Literature Review,1,58,1405,3,34.8055953979492,2026-07-06 21:49:54.060647,73.3668823242188
AI2894,Fall 2025,Literature Review,1,33,1075,4,12.1926651000977,2026-05-13 21:49:54.060894,79.3126983642578
AI2895,Summer 2026,Lab Report,1,42,1491,6,26.2190437316895,2026-09-01 21:49:54.061192,73.6943969726563
AI2896,Summer 2026,Literature Review,0,53,1714,6,10.8991441726685,2026-08-02 21:49:54.061442,71.5786666870117
AI2897,Summer 2026,Essay,0,48,2442,7,43.6550407409668,2026-05-28 21:49:54.061688,90.3002700805664
AI2898,Fall 2026,Literature Review,1,70,1556,7,17.7054805755615,2026-05-09 21:49:54.061957,77.3118057250977
AI2899,Spring 2026,Lab Report,1,19,617,8,19.4832496643066,2026-08-30 21:49:54.062213,79.3621444702148
AI2900,Summer 2026,Essay,0,45,1034,10,31.3679447174072,2026-05-17 21:49:54.062460,55.9849014282227
AI2901,Summer 2026,Case Study,0,32,2336,7,14.6599922180176,2026-08-15 21:49:54.062804,54.0211067199707
AI2902,Fall 2026,Research Paper,0,53,846,9,46.5253639221191,2026-04-21 21:49:54.063453,52.2242202758789
AI2903,Fall 2026,Research Paper,1,52,1113,9,23.5471477508545,2026-07-23 21:49:54.063918,75.7257843017578
AI2904,Summer 2026,Essay,1,46,1411,11,22.7361888885498,2026-08-15 21:49:54.064396,77.2453002929688
AI2905,Spring 2026,Essay,1,38,1821,5,16.0986289978027,2026-08-23 21:49:54.064845,78.5495986938477
AI2906,Fall 2026,Essay,1,65,1479,7,54.922721862793,2026-08-27 21:49:54.065407,84.3708038330078
AI2907,Fall 2025,Research Paper,0,24,1949,5,30.2495460510254,2026-08-28 21:49:54.065884,55.7350769042969
AI2908,Fall 2025,Case Study,0,15,1833,6,46.151927947998,2026-08-11 21:49:54.066360,55.6750640869141
AI2909,Spring 2026,Research Paper,0,39,1187,11,6.40607786178589,2026-03-29 21:49:54.066818,80.3985366821289
AI2910,Fall 2026,Essay,1,48,1083,5,15.4145574569702,2026-07-13 21:49:54.067521,79.3100967407227
AI2911,Summer 2026,Case Study,0,33,1233,12,44.927978515625,2026-07-19 21:49:54.068048,82.5352554321289
AI2912,Summer 2026,Literature Review,1,59,1516,10,56.2112884521484,2026-08-31 21:49:54.068340,81.0316925048828
AI2913,Spring 2026,Literature Review,0,43,1656,9,9.0626859664917,2026-06-20 21:49:54.068597,65.7551422119141
AI2914,Spring 2026,Essay,1,48,1857,10,26.3040409088135,2026-03-22 21:49:54.068874,82.8139190673828
AI2915,Summer 2026,Lab Report,1,33,1424,9,34.5116271972656,2026-05-29 21:49:54.069139,72.8381423950195
AI2916,Fall 2026,Essay,1,61,1763,5,48.3161735534668,2026-04-15 21:49:54.069400,85.2974014282227
AI2917,Fall 2026,Research Paper,0,52,1002,6,33.7643966674805,2026-04-14 21:49:54.070157,53.5592079162598
AI2918,Spring 2026,Lab Report,0,18,2071,10,18.2964954376221,2026-06-21 21:49:54.070657,80.2176055908203
AI2919,Fall 2025,Case Study,0,18,955,11,90.364013671875,2026-08-01 21:49:54.071180,61.3722686767578
AI2920,Fall 2026,Case Study,1,51,1952,11,39.0210990905762,2026-06-27 21:49:54.071660,76.6786499023438
AI2921,Fall 2026,Case Study,1,52,1370,6,9.98889636993408,2026-06-03 21:49:54.072163,71.066520690918
AI2922,Fall 2026,Essay,1,65,1141,6,22.0983448028564,2026-04-19 21:49:54.072689,76.5185623168945
AI2923,Fall 2026,Research Paper,1,48,766,6,77.8121948242188,2026-07-21 21:49:54.073338,75.9637908935547
AI2924,Fall 2026,Case Study,0,46,1336,9,83.5227432250977,2026-06-13 21:49:54.073608,63.655101776123
AI2925,Fall 2026,Case Study,0,44,1677,9,21.8581733703613,2026-05-09 21:49:54.073855,72.0118942260742
AI2926,Summer 2026,Lab Report,1,25,1659,5,39.5145111083984,2026-05-24 21:49:54.074115,84.3707733154297
AI2927,Fall 2026,Lab Report,0,46,1546,14,16.8657855987549,2026-06-04 21:49:54.074368,64.598762512207
AI2928,Summer 2026,Literature Review,1,56,1778,6,9.46413040161133,2026-04-13 21:49:54.074613,80.3239669799805
AI2929,Summer 2026,Case Study,0,29,2067,12,6.43170642852783,2026-06-10 21:49:54.074898,69.9883499145508
AI2930,Summer 2026,Essay,1,52,2117,5,76.5999145507813,2026-07-07 21:49:54.075252,78.4172668457031
AI2931,Fall 2026,Research Paper,1,51,1556,13,67.7068786621094,2026-06-01 21:49:54.075770,90.6113433837891
AI2932,Fall 2026,Literature Review,1,54,1688,10,49.270637512207,2026-03-18 21:49:54.076313,90.9424896240234
AI2933,Fall 2026,Lab Report,0,36,1460,7,18.6753730773926,2026-06-11 21:49:54.076729,85.3994445800781
AI2934,Fall 2025,Literature Review,0,40,1469,8,22.7688426971436,2026-04-27 21:49:54.077192,90.1017990112305
AI2935,Summer 2026,Lab Report,0,32,745,7,28.3347206115723,2026-05-18 21:49:54.077700,72.2545318603516
AI2936,Fall 2025,Essay,0,24,844,8,18.7191543579102,2026-05-13 21:49:54.078218,72.5631332397461
AI2937,Fall 2026,Literature Review,1,66,1388,4,62.9874534606934,2026-04-03 21:49:54.078763,74.2180709838867
AI2938,Summer 2026,Case Study,0,35,1395,8,24.7835674285889,2026-07-11 21:49:54.079532,73.2740020751953
AI2939,Spring 2026,Essay,0,40,2193,8,63.9098625183105,2026-08-04 21:49:54.080613,83.6221237182617
AI2940,Spring 2026,Literature Review,1,51,821,8,61.9423751831055,2026-03-15 21:49:54.081198,80.0578536987305
AI2941,Fall 2025,Literature Review,1,34,2190,10,30.0510406494141,2026-08-06 21:49:54.081692,73.7906723022461
AI2942,Fall 2026,Literature Review,1,71,1148,6,29.0072116851807,2026-09-02 21:49:54.082188,83.9208602905273
AI2943,Fall 2025,Research Paper,0,34,1667,5,12.9886655807495,2026-06-13 21:49:54.082815,71.7586364746094
AI2944,Summer 2026,Lab Report,1,27,1545,10,28.1821193695068,2026-08-07 21:49:54.083469,68.6660842895508
AI2945,Fall 2026,Literature Review,0,65,712,8,35.1581954956055,2026-05-30 21:49:54.083979,82.5846862792969
AI2946,Fall 2026,Research Paper,0,59,1404,7,14.1283931732178,2026-05-28 21:49:54.084552,68.3890151977539
AI2947,Fall 2026,Literature Review,0,63,2169,7,34.8668251037598,2026-05-05 21:49:54.084851,82.2185592651367
AI2948,Fall 2025,Literature Review,0,39,1166,6,31.0027275085449,2026-05-27 21:49:54.085188,75.8889389038086
AI2949,Summer 2026,Case Study,1,43,1547,6,50.3283271789551,2026-07-30 21:49:54.085475,79.5832214355469
AI2950,Spring 2026,Research Paper,0,32,373,8,21.5567646026611,2026-04-15 21:49:54.085734,70.2349853515625
AI2951,Spring 2026,Essay,0,38,2125,6,18.3710823059082,2026-05-08 21:49:54.085992,71.33349609375
AI2952,Spring 2026,Lab Report,0,7,448,10,46.2993965148926,2026-05-10 21:49:54.086245,70.631217956543
AI2953,Spring 2026,Lab Report,0,14,911,4,49.2636566162109,2026-03-29 21:49:54.086516,96.7149963378906
AI2954,Fall 2026,Essay,1,56,1339,13,41.2157173156738,2026-05-31 21:49:54.086976,89.4839248657227
AI2955,Fall 2026,Case Study,0,43,733,6,49.9153022766113,2026-09-01 21:49:54.087598,84.5731201171875
AI2956,Fall 2025,Lab Report,0,6,1693,13,14.8649587631226,2026-03-24 21:49:54.088160,81.7456359863281
AI2957,Fall 2025,Essay,1,28,1507,5,40.7654190063477,2026-05-25 21:49:54.088713,79.2948532104492
AI2958,Fall 2026,Essay,1,67,737,8,36.0818061828613,2026-09-06 21:49:54.089199,80.7470016479492
AI2959,Fall 2026,Case Study,0,49,1234,9,42.622257232666,2026-08-16 21:49:54.089713,93.4301147460938
AI2960,Fall 2026,Literature Review,0,66,2212,4,34.2338104248047,2026-04-22 21:49:54.090170,90.5912857055664
AI2961,Spring 2026,Research Paper,0,30,1319,6,54.026237487793,2026-07-27 21:49:54.090583,75.9142150878906
AI2962,Fall 2026,Research Paper,1,59,1397,6,27.4176425933838,2026-06-16 21:49:54.090874,75.9635391235352
AI2963,Spring 2026,Case Study,1,22,1200,4,12.236478805542,2026-03-24 21:49:54.091169,84.7352752685547
AI2964,Summer 2026,Lab Report,1,30,1798,7,36.3815612792969,2026-06-30 21:49:54.091478,76.7152252197266
AI2965,Fall 2026,Research Paper,0,57,1502,8,9.08325862884521,2026-05-21 21:49:54.091787,79.9426498413086
AI2966,Summer 2026,Research Paper,0,44,1413,12,33.2133026123047,2026-03-27 21:49:54.092043,67.7873840332031
AI2967,Fall 2026,Lab Report,1,37,1301,9,33.0101280212402,2026-07-25 21:49:54.092295,72.037467956543
AI2968,Fall 2026,Lab Report,1,45,2098,5,40.8131484985352,2026-08-06 21:49:54.092542,76.2297744750977
AI2969,Fall 2026,Essay,1,65,1591,5,72.2590637207031,2026-04-29 21:49:54.092791,85.3282928466797
AI2970,Summer 2026,Essay,0,55,2053,10,61.7762260437012,2026-03-17 21:49:54.093044,85.44677734375
AI2971,Fall 2025,Case Study,0,16,1111,5,29.6205043792725,2026-03-15 21:49:54.093291,75.5571365356445
AI2972,Summer 2026,Literature Review,1,59,1502,6,19.651294708252,2026-07-17 21:49:54.093545,72.66162109375
AI2973,Summer 2026,Literature Review,0,48,1415,12,27.365234375,2026-08-03 21:49:54.093808,73.3252334594727
AI2974,Summer 2026,Literature Review,0,59,1137,12,40.42431640625,2026-04-29 21:49:54.094062,60.3918876647949
AI2975,Spring 2026,Case Study,0,27,1810,8,23.0118255615234,2026-05-07 21:49:54.094307,83.0740585327148
AI2976,Summer 2026,Essay,0,47,1759,9,12.2189702987671,2026-03-29 21:49:54.094551,73.4411010742188
AI2977,Summer 2026,Literature Review,0,44,2072,10,11.6363687515259,2026-05-11 21:49:54.094792,68.9976196289063
AI2978,Summer 2026,Essay,0,54,1902,7,24.6300163269043,2026-06-20 21:49:54.095038,81.6949615478516
AI2979,Summer 2026,Essay,0,54,1663,7,48.8730087280273,2026-06-19 21:49:54.095283,88.6658096313477
AI2980,Fall 2025,Literature Review,0,31,1385,10,36.8398590087891,2026-07-20 21:49:54.095524,94.4163131713867
AI2981,Fall 2025,Essay,1,33,1737,5,57.2186431884766,2026-08-02 21:49:54.095766,87.8592834472656
AI2982,Fall 2026,Literature Review,0,69,1776,9,24.8710651397705,2026-06-30 21:49:54.096318,84.8165130615234
AI2983,Summer 2026,Research Paper,0,52,1762,3,31.6970195770264,2026-08-16 21:49:54.096867,74.3805770874023
AI2984,Summer 2026,Lab Report,0,22,1105,7,50.2955474853516,2026-08-22 21:49:54.097638,71.7372436523438
AI2985,Fall 2026,Literature Review,0,60,1861,8,29.0006065368652,2026-07-20 21:49:54.098242,65.5884475708008
AI2986,Fall 2026,Lab Report,1,43,1419,9,41.0667152404785,2026-04-15 21:49:54.098572,76.8665542602539
AI2987,Spring 2026,Lab Report,1,25,2066,7,16.1905193328857,2026-06-02 21:49:54.098874,79.9337387084961
AI2988,Spring 2026,Lab Report,0,22,1670,4,67.5191116333008,2026-08-15 21:49:54.099156,58.2327079772949
AI2989,Fall 2026,Lab Report,0,43,2231,6,41.2656784057617,2026-08-01 21:49:54.099405,76.8262634277344
AI2990,Spring 2026,Lab Report,1,12,1428,8,17.8315258026123,2026-07-16 21:49:54.099648,74.6408538818359
AI2991,Fall 2025,Lab Report,0,5,933,8,2.75623083114624,2026-05-08 21:49:54.099898,100
AI2992,Fall 2026,Research Paper,0,49,1425,6,5.86086845397949,2026-04-17 21:49:54.100162,72.1137466430664
AI2993,Fall 2026,Research Paper,1,61,1185,6,49.2061614990234,2026-07-19 21:49:54.100407,74.0018081665039
AI2994,Fall 2026,Essay,1,70,1526,6,56.4439163208008,2026-08-21 21:49:54.100655,77.9383544921875
AI2995,Fall 2026,Essay,1,52,1272,7,35.9524116516113,2026-05-12 21:49:54.100903,77.2822799682617
AI2996,Fall 2026,Lab Report,0,43,1170,11,56.4647331237793,2026-08-22 21:49:54.101161,63.1249694824219
AI2997,Summer 2026,Literature Review,0,55,1010,10,19.700138092041,2026-08-21 21:49:54.101405,49.2407417297363
AI2998,Fall 2026,Lab Report,0,42,1544,4,41.9708557128906,2026-08-21 21:49:54.101646,64.5278167724609
AI2999,Fall 2026,Research Paper,0,53,1818,6,14.2622861862183,2026-07-30 21:49:54.101886,64.4277954101563
